customerid,city,gender,senior_citizen,partner,dependents,tenure_months,contract,payment_method,monthly_charges,total_charges,churn_label,churn_score,churn_reason,churn_flag,avg_monthly_value,contract_risks,payment_risk,engagement_score,cltv,high_value
5167-ZFFMM,Indio,Male,No,No,No,1,Month-to-month,Credit card (automatic),90.85,90.85,Yes,81,Network reliability,1,90.85,2,0,45.925,90.85,0
4895-TMWIR,Indian Wells,Male,Yes,Yes,No,11,Month-to-month,Mailed check,19.95,214.75,Yes,80,Limited range of services,1,19.522727272727273,2,0,15.475,219.45,0
0533-BNWKF,Palm Desert,Female,Yes,Yes,No,55,Month-to-month,Electronic check,85.45,4874.7,Yes,100,Lack of affordable download/upload speed,1,88.63090909090909,2,1,70.225,4699.75,1
6599-CEBNN,Desert Hot Springs,Female,No,No,No,34,Month-to-month,Credit card (automatic),73.95,2524.45,Yes,94,Long distance charges,1,74.24852941176471,2,0,53.975,2514.3,1
0979-PHULV,Holtville,Male,No,Yes,No,69,Month-to-month,Credit card (automatic),99.45,7007.6,Yes,80,Extra data charges,1,101.55942028985508,2,0,84.225,6862.05,1
4800-VHZKI,Niland,Female,No,No,No,1,Month-to-month,Mailed check,19.9,19.9,Yes,92,Price too high,1,19.9,2,0,10.45,19.9,0
7989-CHGTL,North Palm Springs,Male,No,No,No,1,Month-to-month,Mailed check,19.6,19.6,Yes,95,Product dissatisfaction,1,19.6,2,0,10.3,19.6,0
0334-GDDSO,Ocotillo,Male,Yes,No,No,3,Month-to-month,Electronic check,81.35,233.7,Yes,73,Service dissatisfaction,1,77.89999999999999,2,1,42.175,244.04999999999998,0
0578-SKVMF,Seeley,Female,No,Yes,No,22,Month-to-month,Electronic check,83.3,1845.9,Yes,88,Lack of self-service on Website,1,83.90454545454546,2,1,52.65,1832.6,0
5564-NEMQO,Thermal,Female,Yes,No,No,1,Month-to-month,Bank transfer (automatic),75.3,75.3,Yes,67,Network reliability,1,75.3,2,0,38.15,75.3,0
9063-ZGTUY,Adelanto,Female,No,Yes,No,61,Month-to-month,Mailed check,19.4,1182.55,Yes,82,Don't know,1,19.38606557377049,2,0,40.2,1183.3999999999999,0
2957-LOLHO,Apple Valley,Male,No,No,No,12,Month-to-month,Bank transfer (automatic),45.4,518.9,Yes,68,Don't know,1,43.24166666666667,2,0,28.7,544.8,0
7752-XUSCI,Crestline,Female,No,No,No,60,Month-to-month,Electronic check,105.9,6396.45,Yes,84,Don't know,1,106.6075,2,1,82.95,6354,1
4110-PFEUZ,Daggett,Female,No,No,No,1,Month-to-month,Mailed check,69.55,69.55,Yes,73,Competitor had better devices,1,69.55,2,0,35.275,69.55,0
0256-LTHVJ,Ludlow,Female,No,Yes,No,28,Month-to-month,Electronic check,81.05,2227.1,Yes,98,Competitor had better devices,1,79.53928571428571,2,1,54.525,2269.4,1
0880-TKATG,Lucerne Valley,Male,No,Yes,No,4,Month-to-month,Electronic check,101.15,385.9,Yes,84,Competitor had better devices,1,96.475,2,1,52.575,404.6,0
3811-VBYBZ,Lytle Creek,Male,No,No,No,7,Month-to-month,Electronic check,99.8,673.25,Yes,98,Competitor had better devices,1,96.17857142857143,2,1,53.4,698.6,0
4640-UHDOS,Phelan,Female,No,Yes,No,13,Month-to-month,Electronic check,55.95,734.35,Yes,91,Competitor had better devices,1,56.48846153846154,2,1,34.475,727.35,0
3583-EKAPL,Redlands,Male,No,No,No,1,Month-to-month,Electronic check,55,55,Yes,71,Competitor had better devices,1,55,2,1,28,55,0
9399-APLBT,Rialto,Female,No,Yes,No,1,Month-to-month,Electronic check,74.7,74.7,Yes,80,Competitor had better devices,1,74.7,2,1,37.85,74.7,0
2359-KMGLI,Running Springs,Male,No,No,No,24,Month-to-month,Electronic check,80.25,1861.5,Yes,77,Competitor had better devices,1,77.5625,2,1,52.125,1926,0
0306-JAELE,Tecopa,Male,No,No,No,5,Month-to-month,Electronic check,96.1,453.4,Yes,66,Competitor had better devices,1,90.67999999999999,2,1,50.55,480.5,0
6227-HWPWX,Victorville,Female,No,No,No,15,Month-to-month,Bank transfer (automatic),69,994.8,Yes,73,Competitor had better devices,1,66.32,2,0,42,1035,0
0447-BEMNG,Wrightwood,Female,No,Yes,No,48,Month-to-month,Bank transfer (automatic),45.3,2145,Yes,65,Price too high,1,44.6875,2,0,46.65,2174.3999999999996,1
5949-XIKAE,San Bernardino,Female,No,Yes,No,8,Month-to-month,Electronic check,83.55,680.05,Yes,65,Product dissatisfaction,1,85.00625,2,1,45.775,668.4,0
8372-JUXUI,San Bernardino,Male,No,No,No,1,Month-to-month,Electronic check,74.35,74.35,Yes,93,Service dissatisfaction,1,74.35,2,1,37.675,74.35,0
0388-EOPEX,Riverside,Female,No,Yes,No,2,Month-to-month,Electronic check,74.4,139.4,Yes,77,Lack of self-service on Website,1,69.7,2,1,38.2,148.8,0
8205-OTCHB,Riverside,Male,No,No,No,22,One year,Bank transfer (automatic),43.75,903.6,Yes,66,Network reliability,1,41.07272727272727,1,0,32.875,962.5,0
6235-VDHOM,Riverside,Female,Yes,No,No,5,Month-to-month,Electronic check,28.45,131.05,Yes,89,Limited range of services,1,26.21,2,1,16.725,142.25,0
7783-YKGDV,March Air Reserve Base,Female,No,No,No,12,Month-to-month,Bank transfer (automatic),99.7,1238.45,Yes,76,Lack of affordable download/upload speed,1,103.20416666666667,2,0,55.85,1196.4,0
5609-CEBID,Hemet,Female,Yes,No,No,20,Month-to-month,Electronic check,94.1,1782.4,Yes,87,Long distance charges,1,89.12,2,1,57.05,1882,0
7218-HKQFK,Homeland,Male,No,Yes,No,2,Month-to-month,Electronic check,94.2,167.5,Yes,72,Don't know,1,83.75,2,1,48.1,188.4,0
4636-QRJKY,Idyllwild,Female,No,Yes,No,6,Month-to-month,Electronic check,80.5,502.85,Yes,98,Price too high,1,83.80833333333334,2,1,43.25,483,0
5956-VKDTT,Moreno Valley,Female,Yes,Yes,No,5,Month-to-month,Electronic check,74.35,334.8,Yes,82,Product dissatisfaction,1,66.96000000000001,2,1,39.675,371.75,0
9412-GHEEC,Murrieta,Male,No,No,No,40,Month-to-month,Bank transfer (automatic),104.8,4131.95,Yes,88,Service dissatisfaction,1,103.29875,2,0,72.4,4192,1
0257-ZESQC,Perris,Female,Yes,Yes,No,27,Month-to-month,Bank transfer (automatic),75.2,1929.35,Yes,99,Lack of self-service on Website,1,71.4574074074074,2,0,51.1,2030.4,1
6825-UYPFK,Sun City,Female,No,No,No,23,Month-to-month,Bank transfer (automatic),75.6,1758.6,Yes,81,Network reliability,1,76.4608695652174,2,0,49.3,1738.8,0
8397-MVTAZ,Sun City,Male,No,Yes,No,34,Month-to-month,Electronic check,100.05,3480,Yes,72,Don't know,1,102.3529411764706,2,1,67.025,3401.7,1
9282-IZGQK,Irvine,Female,No,No,No,1,Month-to-month,Electronic check,85,85,Yes,80,Don't know,1,85,2,1,43,85,0
1342-JPNKI,Lake Forest,Male,No,No,No,10,Month-to-month,Bank transfer (automatic),86.05,834.1,Yes,85,Don't know,1,83.41,2,0,48.025,860.5,0
2817-NTQDO,Huntington Beach,Male,No,No,No,13,Month-to-month,Credit card (automatic),45.55,597,Yes,74,Poor expertise of online support,1,45.92307692307692,2,0,29.275,592.15,0
6986-IJDHX,Huntington Beach,Male,No,Yes,No,39,Month-to-month,Mailed check,86.3,3266,Yes,98,Poor expertise of phone support,1,83.74358974358974,2,0,62.65,3365.7,1
5301-GAUUY,Newport Beach,Male,No,No,No,32,Month-to-month,Bank transfer (automatic),80.35,2596.15,Yes,92,Competitor had better devices,1,81.1296875,2,0,56.175,2571.2,1
0939-YAPAF,Santa Ana,Female,No,No,No,35,Month-to-month,Electronic check,100.25,3527.6,Yes,72,Competitor offered higher download speeds,1,100.78857142857143,2,1,67.625,3508.75,1
4710-FDUIZ,Santa Ana,Male,No,Yes,No,56,One year,Credit card (automatic),100.3,5614.45,Yes,67,Competitor offered more data,1,100.25803571428571,1,0,78.15,5616.8,1
1218-VKFPE,Anaheim,Female,No,Yes,No,12,Month-to-month,Mailed check,19,233.55,Yes,72,Competitor made better offer,1,19.462500000000002,2,0,15.5,228,0
3627-FHKBK,Anaheim,Female,No,No,No,1,Month-to-month,Mailed check,75.3,75.3,Yes,87,Competitor had better devices,1,75.3,2,0,38.15,75.3,0
2865-TCHJW,Anaheim,Female,Yes,No,No,4,Month-to-month,Electronic check,89.2,346.2,Yes,74,Competitor had better devices,1,86.55,2,1,46.6,356.8,0
7927-AUXBZ,Sun City,Female,No,No,No,30,Month-to-month,Electronic check,85.15,2555.9,Yes,76,Attitude of support person,1,85.19666666666667,2,1,57.575,2554.5,1
5192-EBGOV,Brea,Female,Yes,No,No,1,Month-to-month,Electronic check,85.7,85.7,Yes,66,Competitor offered higher download speeds,1,85.7,2,1,43.35,85.7,0
0719-SYFRB,Norco,Female,No,No,No,12,Month-to-month,Mailed check,61.65,713.75,Yes,67,Competitor offered higher download speeds,1,59.479166666666664,2,0,36.825,739.8,0
3419-SNJJD,Yorba Linda,Female,Yes,Yes,No,65,Month-to-month,Bank transfer (automatic),105.25,6786.4,Yes,91,Competitor offered higher download speeds,1,104.40615384615384,2,0,85.125,6841.25,1
6543-CPZMK,Ventura,Male,No,Yes,No,9,Month-to-month,Electronic check,29.95,248.95,Yes,83,Competitor offered more data,1,27.66111111111111,2,1,19.475,269.55,0
4765-OXPPD,Ventura,Female,No,Yes,No,9,Month-to-month,Mailed check,65,663.05,Yes,76,Competitor offered more data,1,73.67222222222222,2,0,37,585,0
1009-IRMNA,Port Hueneme,Female,No,No,No,7,Month-to-month,Bank transfer (automatic),20,137.6,Yes,100,Competitor offered more data,1,19.657142857142855,2,0,13.5,140,0
4554-YGZIH,Summerland,Male,Yes,Yes,No,49,Month-to-month,Credit card (automatic),90.05,4547.25,Yes,96,Competitor made better offer,1,92.80102040816327,2,0,69.525,4412.45,1
5099-BAILX,Santa Barbara,Male,Yes,Yes,No,43,Month-to-month,Bank transfer (automatic),110.75,4687.9,Yes,65,Competitor made better offer,1,109.02093023255813,2,0,76.875,4762.25,1
7207-RMRDB,Santa Barbara,Female,No,Yes,No,65,Month-to-month,Electronic check,105.5,6985.65,Yes,89,Competitor had better devices,1,107.47153846153846,2,1,85.25,6857.5,1
4913-EHYUI,Alpaugh,Male,Yes,Yes,No,56,One year,Bank transfer (automatic),104.55,5794.65,Yes,91,Competitor offered higher download speeds,1,103.47589285714285,1,0,80.275,5854.8,1
0195-IESCP,Armona,Male,No,Yes,No,10,Month-to-month,Electronic check,85.25,855.3,Yes,75,Competitor offered more data,1,85.53,2,1,47.625,852.5,0
4580-TMHJU,Avenal,Female,No,Yes,No,43,Month-to-month,Electronic check,56.15,2499.3,Yes,65,Don't know,1,58.12325581395349,2,1,49.575,2414.45,1
0970-ETWGE,Bodfish,Male,No,No,No,1,Month-to-month,Electronic check,89.55,89.55,Yes,99,Competitor had better devices,1,89.55,2,1,45.275,89.55,0
1626-ERCMM,Camp Nelson,Male,Yes,Yes,No,20,Month-to-month,Electronic check,94.55,1899.65,Yes,84,Competitor had better devices,1,94.9825,2,1,57.275,1891,0
0887-HJGAR,Coalinga,Male,No,No,No,1,Month-to-month,Mailed check,45.7,45.7,Yes,95,Competitor offered higher download speeds,1,45.7,2,0,23.35,45.7,0
5644-PDMZC,Delano,Female,Yes,No,No,2,Month-to-month,Electronic check,89.5,161.5,Yes,80,Competitor offered higher download speeds,1,80.75,2,1,45.75,179,0
9576-ANLXO,Earlimart,Female,No,No,No,3,Month-to-month,Bank transfer (automatic),69.55,222.3,Yes,87,Competitor offered higher download speeds,1,74.10000000000001,2,0,36.275,208.64999999999998,0
2024-BASKD,Exeter,Female,No,No,No,1,Month-to-month,Mailed check,74.6,74.6,Yes,94,Competitor offered more data,1,74.6,2,0,37.8,74.6,0
4160-AMJTL,Fellows,Female,Yes,No,No,8,Month-to-month,Electronic check,19.65,164.3,Yes,83,Competitor offered more data,1,20.5375,2,1,13.825,157.2,0
4464-JCOLN,Huron,Male,No,Yes,No,2,One year,Mailed check,19.85,35.9,Yes,68,Competitor offered more data,1,17.95,1,0,10.925,39.7,0
5650-VDUDS,Kernville,Female,No,No,No,4,Month-to-month,Mailed check,24.25,96.05,Yes,93,Competitor made better offer,1,24.0125,2,0,14.125,97,0
7538-GWHML,Lemon Cove,Female,No,No,No,2,Month-to-month,Electronic check,69.65,145.15,Yes,80,Competitor made better offer,1,72.575,2,1,35.825,139.3,0
3859-CVCET,Lindsay,Female,No,No,No,4,Month-to-month,Mailed check,45.65,191.05,Yes,78,Competitor had better devices,1,47.7625,2,0,24.825,182.6,0
3276-HDUEG,Maricopa,Female,No,No,No,1,Month-to-month,Mailed check,75.05,75.05,Yes,78,Competitor offered higher download speeds,1,75.05,2,0,38.025,75.05,0
0823-HSCDJ,Onyx,Male,Yes,No,No,52,Month-to-month,Electronic check,49.15,2550.9,Yes,90,Competitor offered more data,1,49.05576923076923,2,1,50.575,2555.7999999999997,1
0822-GAVAP,Posey,Female,No,No,No,2,Month-to-month,Electronic check,34.7,62.25,Yes,65,Competitor made better offer,1,31.125,2,1,18.35,69.4,0
1448-PWKYE,Shafter,Male,No,Yes,No,1,Month-to-month,Electronic check,80,80,Yes,88,Competitor had better devices,1,80,2,1,40.5,80,0
0067-DKWBL,Tipton,Male,Yes,No,No,2,Month-to-month,Electronic check,49.25,91.1,Yes,89,Competitor had better devices,1,45.55,2,1,25.625,98.5,0
2276-YDAVZ,Wofford Heights,Female,No,No,No,3,Month-to-month,Credit card (automatic),75.1,270.7,Yes,69,Competitor offered higher download speeds,1,90.23333333333333,2,0,39.05,225.29999999999998,0
5896-NPFWW,Visalia,Male,No,Yes,No,3,Month-to-month,Electronic check,50.15,168.15,Yes,86,Competitor offered higher download speeds,1,56.050000000000004,2,1,26.575,150.45,0
7133-VBDCG,Bakersfield,Female,No,No,No,25,Month-to-month,Bank transfer (automatic),79.85,2015.35,Yes,85,Competitor offered higher download speeds,1,80.61399999999999,2,0,52.425,1996.2499999999998,0
1029-QFBEN,San Luis Obispo,Male,No,No,No,1,Month-to-month,Mailed check,19.55,19.55,Yes,66,Competitor offered more data,1,19.55,2,0,10.275,19.55,0
4952-YSOGZ,Lompoc,Female,No,Yes,No,4,Month-to-month,Electronic check,85.95,381.3,Yes,74,Competitor offered more data,1,95.325,2,1,44.975,343.8,0
1589-AGTLK,Lompoc,Male,No,No,No,3,Month-to-month,Electronic check,45.35,141.5,Yes,67,Competitor offered more data,1,47.166666666666664,2,1,24.175,136.05,0
5244-IRFIH,Los Alamos,Male,Yes,Yes,No,33,Month-to-month,Electronic check,94.5,3105.55,Yes,96,Competitor made better offer,1,94.10757575757576,2,1,63.75,3118.5,1
2684-EIWEO,Oceano,Female,Yes,No,No,30,Month-to-month,Credit card (automatic),91.7,2758.15,Yes,97,Competitor made better offer,1,91.93833333333333,2,0,60.85,2751,1
6439-GTPCA,Pismo Beach,Female,No,No,No,45,Month-to-month,Electronic check,87.25,3941.7,Yes,73,Competitor had better devices,1,87.59333333333333,2,1,66.125,3926.25,1
5138-WVKYJ,Mojave,Male,No,No,No,10,Month-to-month,Electronic check,98.55,1008.55,Yes,80,Competitor offered higher download speeds,1,100.85499999999999,2,1,54.275,985.5,0
6683-VLCTZ,Johannesburg,Male,Yes,No,No,20,Month-to-month,Electronic check,98.55,1842.8,Yes,92,Competitor offered more data,1,92.14,2,1,59.275,1971,0
2189-WWOEW,Keene,Female,No,No,No,15,Month-to-month,Bank transfer (automatic),85.9,1269.55,Yes,96,Don't know,1,84.63666666666667,2,0,50.45,1288.5,0
1894-IGFSG,Lancaster,Female,No,No,No,22,Month-to-month,Electronic check,89.25,1907.85,Yes,82,Competitor had better devices,1,86.72045454545454,2,1,55.625,1963.5,0
7379-POKDZ,Lancaster,Male,No,Yes,No,3,Month-to-month,Electronic check,70.3,208.85,Yes,66,Competitor had better devices,1,69.61666666666666,2,1,36.65,210.89999999999998,0
0236-HFWSV,Palmdale,Male,No,No,No,15,Month-to-month,Electronic check,93.35,1444.65,Yes,77,Competitor offered higher download speeds,1,96.31,2,1,54.175,1400.25,0
3900-AQPHZ,Pearblossom,Female,No,No,No,1,Month-to-month,Mailed check,19.9,19.9,Yes,100,Competitor offered higher download speeds,1,19.9,2,0,10.45,19.9,0
5842-POCOP,Randsburg,Female,No,Yes,No,5,Month-to-month,Mailed check,88.9,454.15,Yes,79,Competitor offered higher download speeds,1,90.83,2,0,46.95,444.5,0
2037-XJFUP,Ridgecrest,Male,No,Yes,No,33,One year,Electronic check,95.8,3036.75,Yes,76,Competitor offered more data,1,92.02272727272727,1,1,64.4,3161.4,1
7314-OXENN,Trona,Male,No,No,No,2,Month-to-month,Electronic check,82,184.65,Yes,97,Competitor offered more data,1,92.325,2,1,42,164,0
0322-CHQRU,Palmdale,Male,No,No,No,2,Month-to-month,Electronic check,45.35,89.5,Yes,81,Competitor offered more data,1,44.75,2,1,23.675,90.7,0
4678-DVQEO,Bass Lake,Female,No,No,No,1,Month-to-month,Electronic check,52.2,52.2,Yes,71,Competitor made better offer,1,52.2,2,1,26.6,52.2,0
0691-IFBQW,Biola,Female,Yes,No,No,46,One year,Electronic check,110,4874.8,Yes,81,Competitor made better offer,1,105.97391304347826,1,1,78,5060,1
3009-JWMPU,Five Points,Male,No,No,No,62,One year,Electronic check,96.75,6125.4,Yes,92,Attitude of service provider,1,98.79677419354839,1,1,79.375,5998.5,1
1450-GALXR,Friant,Female,No,No,No,10,Month-to-month,Electronic check,98.5,1058.25,Yes,74,Attitude of service provider,1,105.825,2,1,54.25,985,0
3138-BKYAV,Kerman,Male,No,No,No,6,Month-to-month,Electronic check,85.35,489.45,Yes,75,Attitude of service provider,1,81.575,2,1,45.675,512.0999999999999,0
4289-DTDKW,Madera,Male,No,Yes,No,40,Month-to-month,Electronic check,101.3,4113.1,Yes,70,Attitude of support person,1,102.82750000000001,2,1,70.65,4052,1
1820-TQVEV,Madera,Male,No,No,No,1,Month-to-month,Electronic check,69.55,69.55,Yes,76,Attitude of support person,1,69.55,2,1,35.275,69.55,0
2239-JALAW,Mendota,Male,No,No,No,58,One year,Bank transfer (automatic),103.25,6017.65,Yes,74,Attitude of support person,1,103.75258620689655,1,0,80.625,5988.5,1
4853-RULSV,Miramonte,Male,No,No,No,70,Two year,Credit card (automatic),104,7250.15,Yes,80,Attitude of service provider,1,103.57357142857143,0,0,87,7280,1
6275-YDUVO,Orosi,Female,No,No,No,2,Month-to-month,Mailed check,86.2,178.7,Yes,95,Attitude of service provider,1,89.35,2,0,44.1,172.4,0
0115-TFERT,Fresno,Male,No,Yes,No,21,Month-to-month,Electronic check,111.2,2317.1,Yes,89,Attitude of service provider,1,110.33809523809524,2,1,66.1,2335.2000000000003,1
2311-QYMUQ,San Joaquin,Female,No,Yes,No,16,Month-to-month,Credit card (automatic),89.45,1430.25,Yes,73,Attitude of support person,1,89.390625,2,0,52.725,1431.2,0
3643-AHCFP,Selma,Male,Yes,Yes,No,7,Month-to-month,Bank transfer (automatic),95.6,644.35,Yes,83,Competitor made better offer,1,92.05,2,0,51.3,669.1999999999999,0
9101-BWFSS,Tollhouse,Female,No,Yes,No,50,One year,Electronic check,108.55,5610.7,Yes,82,Moved,1,112.214,1,1,79.275,5427.5,1
9231-ZJYAM,Squaw Valley,Female,Yes,No,No,4,Month-to-month,Electronic check,78.85,292.8,Yes,72,Moved,1,73.2,2,1,41.425,315.4,0
6982-SSHFK,Fresno,Male,No,No,No,1,Month-to-month,Mailed check,44.4,44.4,Yes,89,Competitor offered higher download speeds,1,44.4,2,0,22.7,44.4,0
0727-BMPLR,Fresno,Female,Yes,No,No,55,One year,Electronic check,100,5509.3,Yes,83,Competitor offered higher download speeds,1,100.16909090909091,1,1,77.5,5500,1
1038-ZAGBI,Fresno,Female,No,Yes,No,12,One year,Bank transfer (automatic),19.8,229.6,Yes,94,Competitor offered higher download speeds,1,19.133333333333333,1,0,15.9,237.60000000000002,0
3027-ZTDHO,Fresno,Male,No,No,No,1,Month-to-month,Electronic check,89.9,89.9,Yes,80,Don't know,1,89.9,2,1,45.45,89.9,0
2382-BCKQJ,Big Sur,Female,No,No,No,62,One year,Electronic check,100.15,6413.65,Yes,91,Competitor offered higher download speeds,1,103.44596774193548,1,1,81.075,6209.3,1
2207-NHRJK,Carmel,Male,No,No,No,1,Month-to-month,Electronic check,50.8,50.8,Yes,85,Competitor offered higher download speeds,1,50.8,2,1,25.9,50.8,0
0947-MUGVO,Jolon,Male,Yes,Yes,No,20,Month-to-month,Electronic check,73.65,1463.5,Yes,95,Competitor offered higher download speeds,1,73.175,2,1,46.825,1473,0
9944-HKVVB,King City,Female,No,No,No,3,Month-to-month,Electronic check,95.1,307.4,Yes,77,Competitor offered higher download speeds,1,102.46666666666665,2,1,49.05,285.29999999999995,0
4124-MMETB,Lockwood,Male,No,No,No,22,Month-to-month,Credit card (automatic),94.65,2104.55,Yes,85,Competitor offered higher download speeds,1,95.66136363636365,2,0,58.325,2082.3,1
3671-SHRSP,Marina,Male,No,Yes,No,4,Month-to-month,Mailed check,80.6,319.15,Yes,86,Competitor offered more data,1,79.7875,2,0,42.3,322.4,0
3313-QKNKB,Pebble Beach,Male,No,Yes,No,59,One year,Electronic check,85.55,5084.65,Yes,80,Competitor offered more data,1,86.18050847457627,1,1,72.275,5047.45,1
5073-WXOYN,Belmont,Female,No,No,No,60,Month-to-month,Electronic check,50.8,3027.4,Yes,67,Competitor offered more data,1,50.45666666666667,2,1,55.4,3048,1
0207-MDKNV,Daly City,Female,No,No,No,15,Month-to-month,Electronic check,105.1,1582.75,Yes,84,Competitor made better offer,1,105.51666666666667,2,1,60.05,1576.5,0
9851-KIELU,Loma Mar,Male,No,No,No,10,Month-to-month,Electronic check,110.1,1043.3,Yes,76,Competitor made better offer,1,104.33,2,1,60.05,1101,0
3908-BLSYF,Los Altos,Female,No,No,No,6,Month-to-month,Electronic check,83.9,497.55,Yes,97,Price too high,1,82.925,2,1,44.95,503.40000000000003,0
7549-MYGPK,Mountain View,Female,No,Yes,No,63,Month-to-month,Electronic check,100.55,6215.35,Yes,79,Price too high,1,98.65634920634922,2,1,81.775,6334.65,1
3804-RVTGV,Mountain View,Male,No,Yes,No,50,Month-to-month,Bank transfer (automatic),103.85,5017.9,Yes,100,Price too high,1,100.35799999999999,2,0,76.925,5192.5,1
9227-LUNBG,Pescadero,Female,No,No,No,1,Month-to-month,Electronic check,24.6,24.6,Yes,76,Price too high,1,24.6,2,1,12.8,24.6,0
4315-MURBD,San Bruno,Female,No,No,No,12,Month-to-month,Bank transfer (automatic),98.9,1120.95,Yes,71,Price too high,1,93.41250000000001,2,0,55.45,1186.8000000000002,0
9734-YWGEX,South San Francisco,Female,No,No,No,9,Month-to-month,Credit card (automatic),98.3,923.5,Yes,81,Price too high,1,102.61111111111111,2,0,53.65,884.6999999999999,0
0781-LKXBR,San Francisco,Male,Yes,No,No,9,Month-to-month,Electronic check,100.5,918.6,Yes,70,Price too high,1,102.06666666666666,2,1,54.75,904.5,0
1907-UBQFC,San Francisco,Male,Yes,No,No,10,Month-to-month,Electronic check,72.85,688.65,Yes,99,Price too high,1,68.865,2,1,41.425,728.5,0
6513-EECDB,San Francisco,Male,Yes,Yes,No,1,Month-to-month,Electronic check,73.55,73.55,Yes,94,Price too high,1,73.55,2,1,37.275,73.55,0
7074-IEVOJ,San Francisco,Female,Yes,No,No,3,Month-to-month,Electronic check,79.4,205.05,Yes,91,Product dissatisfaction,1,68.35000000000001,2,1,41.2,238.20000000000002,0
9625-QSTYE,San Francisco,Female,No,No,No,13,Month-to-month,Electronic check,81.15,952.3,Yes,79,Service dissatisfaction,1,73.25384615384615,2,1,47.075,1054.95,0
4750-ZRXIU,Palo Alto,Female,Yes,No,No,4,Month-to-month,Electronic check,84.6,360.1,Yes,83,Lack of self-service on Website,1,90.025,2,1,44.3,338.4,0
6400-BWQKW,San Mateo,Female,No,No,No,6,Month-to-month,Electronic check,79.05,434.5,Yes,99,Network reliability,1,72.41666666666667,2,1,42.525,474.29999999999995,0
6680-WKXRZ,Antioch,Female,No,No,No,3,Month-to-month,Bank transfer (automatic),74.4,215.8,Yes,97,Don't know,1,71.93333333333334,2,0,38.7,223.20000000000002,0
7028-DVOIQ,Birds Landing,Male,Yes,No,No,35,Month-to-month,Electronic check,99.05,3395.8,Yes,82,Don't know,1,97.02285714285715,2,1,67.025,3466.75,1
4208-UFFGW,Byron,Male,Yes,No,No,2,Month-to-month,Mailed check,44.95,85.15,Yes,84,Don't know,1,42.575,2,0,23.475,89.9,0
9448-REEVD,Concord,Male,No,Yes,No,1,Month-to-month,Credit card (automatic),44.7,44.7,Yes,74,Don't know,1,44.7,2,0,22.85,44.7,0
9117-SHLZX,Fremont,Male,No,No,No,1,Month-to-month,Mailed check,45.7,45.7,Yes,72,Poor expertise of phone support,1,45.7,2,0,23.35,45.7,0
9889-TMAHG,Fremont,Male,Yes,No,No,8,Month-to-month,Credit card (automatic),100.3,832.35,Yes,74,Competitor had better devices,1,104.04375,2,0,54.15,802.4,0
4541-RMRLG,Hayward,Male,No,No,No,7,Month-to-month,Electronic check,19.25,112.3,Yes,82,Competitor offered higher download speeds,1,16.04285714285714,2,1,13.125,134.75,0
3158-MOERK,Hayward,Female,No,No,No,2,Month-to-month,Electronic check,96,174.8,Yes,83,Competitor offered more data,1,87.4,2,1,49,192,0
7294-TMAOP,Castro Valley,Female,No,No,No,1,Month-to-month,Electronic check,90.55,90.55,Yes,72,Competitor made better offer,1,90.55,2,1,45.775,90.55,0
8919-FYFQZ,Livermore,Male,Yes,Yes,No,44,Month-to-month,Electronic check,30.35,1359.7,Yes,96,Competitor had better devices,1,30.902272727272727,2,1,37.175,1335.4,0
2834-JRTUA,Martinez,Male,No,No,No,71,Two year,Electronic check,108.05,7532.15,Yes,81,Competitor had better devices,1,106.08661971830985,0,1,89.525,7671.55,1
5875-YPQFJ,Fremont,Male,No,No,No,1,Month-to-month,Electronic check,69.9,69.9,Yes,84,Competitor offered higher download speeds,1,69.9,2,1,35.45,69.9,0
6646-QVXLR,Napa,Male,Yes,Yes,No,62,One year,Electronic check,103.75,6383.35,Yes,91,Competitor offered higher download speeds,1,102.95725806451614,1,1,82.875,6432.5,1
8603-IJWDN,Pinole,Male,No,No,No,1,Month-to-month,Electronic check,86.6,86.6,Yes,93,Competitor offered higher download speeds,1,86.6,2,1,43.8,86.6,0
9369-XFEHK,Pleasanton,Female,Yes,Yes,No,33,Month-to-month,Bank transfer (automatic),80.6,2656.5,Yes,72,Competitor offered more data,1,80.5,2,0,56.8,2659.7999999999997,1
3842-IYKUE,San Leandro,Female,No,No,No,35,Month-to-month,Credit card (automatic),85.3,2917.5,Yes,88,Competitor offered more data,1,83.35714285714286,2,0,60.15,2985.5,1
6641-XRPSU,San Lorenzo,Female,No,No,No,34,Month-to-month,Credit card (automatic),70,2416.1,Yes,93,Competitor offered more data,1,71.06176470588235,2,0,52,2380,1
1374-DMZUI,San Ramon,Female,Yes,No,No,4,Month-to-month,Electronic check,94.3,424.45,Yes,99,Competitor made better offer,1,106.1125,2,1,49.15,377.2,0
8357-EQXFO,Union City,Female,No,No,No,7,Month-to-month,Electronic check,95.35,660.9,Yes,92,Competitor made better offer,1,94.41428571428571,2,1,51.175,667.4499999999999,0
1989-PRJHP,Pleasanton,Male,Yes,Yes,No,27,Month-to-month,Electronic check,75.5,1893.95,Yes,65,Competitor had better devices,1,70.1462962962963,2,1,51.25,2038.5,1
9524-EGPJC,Walnut Creek,Female,No,No,No,18,Month-to-month,Electronic check,90.1,1612.75,Yes,80,Competitor offered higher download speeds,1,89.59722222222223,2,1,54.05,1621.8,0
6993-OHLXR,Walnut Creek,Female,No,No,No,2,Month-to-month,Electronic check,68.95,119.75,Yes,84,Competitor offered more data,1,59.875,2,1,35.475,137.9,0
8818-XYFCQ,Walnut Creek,Male,No,Yes,No,32,Month-to-month,Credit card (automatic),99.55,3204.65,Yes,71,Competitor made better offer,1,100.1453125,2,0,65.775,3185.6,1
4695-VADHF,Oakland,Male,No,Yes,No,18,Month-to-month,Electronic check,57.45,990.85,Yes,84,Competitor had better devices,1,55.047222222222224,2,1,37.725,1034.1000000000001,0
3863-IUBJR,Oakland,Male,No,Yes,No,12,One year,Credit card (automatic),53.65,696.35,Yes,78,Competitor had better devices,1,58.02916666666667,1,0,32.825,643.8,0
4822-RVYBB,Berkeley,Male,Yes,No,No,8,Month-to-month,Electronic check,100.6,819.4,Yes,90,Competitor offered higher download speeds,1,102.425,2,1,54.3,804.8,0
8436-BJUMM,Albany,Male,No,Yes,No,26,Month-to-month,Electronic check,83.75,2070.6,Yes,84,Competitor offered higher download speeds,1,79.63846153846154,2,1,54.875,2177.5,1
4184-TJFAN,Berkeley,Female,Yes,Yes,No,3,Month-to-month,Mailed check,88.3,273.75,Yes,68,Competitor offered higher download speeds,1,91.25,2,0,45.65,264.9,0
4145-UQXUQ,Berkeley,Female,Yes,No,No,8,Month-to-month,Electronic check,92.1,729.95,Yes,81,Competitor offered more data,1,91.24375,2,1,50.05,736.8,0
9948-YPTDG,San Rafael,Male,No,Yes,No,38,Month-to-month,Electronic check,79.45,3013.05,Yes,85,Competitor offered more data,1,79.29078947368421,2,1,58.725,3019.1,1
1236-WFCDV,Greenbrae,Male,Yes,No,No,14,Month-to-month,Credit card (automatic),90.45,1266.1,Yes,96,Competitor offered more data,1,90.43571428571428,2,0,52.225,1266.3,0
4883-QICIH,Bodega Bay,Male,No,Yes,No,32,Month-to-month,Bank transfer (automatic),69.75,2347.9,Yes,96,Don't know,1,73.371875,2,0,50.875,2232,1
8329-IBCTI,Cotati,Female,No,No,No,1,Month-to-month,Mailed check,19.65,19.65,Yes,99,Competitor made better offer,1,19.65,2,0,10.325,19.65,0
1271-SJBGZ,Forest Knolls,Male,Yes,No,No,12,Month-to-month,Electronic check,43.65,526.95,Yes,74,Competitor had better devices,1,43.9125,2,1,27.825,523.8,0
5669-SRAIP,Larkspur,Female,No,No,No,5,Month-to-month,Electronic check,39.5,210.75,Yes,93,Competitor offered higher download speeds,1,42.15,2,1,22.25,197.5,0
5981-ITEMU,Marshall,Male,No,Yes,No,40,Month-to-month,Bank transfer (automatic),97.1,3706.95,Yes,67,Competitor offered more data,1,92.67375,2,0,68.55,3884,1
6941-PMGEP,Novato,Female,No,No,No,5,Month-to-month,Electronic check,80,412.5,Yes,97,Competitor made better offer,1,82.5,2,1,42.5,400,0
1624-WOIWJ,Nicasio,Female,No,No,No,10,Month-to-month,Mailed check,84.7,832.05,Yes,69,Competitor had better devices,1,83.205,2,0,47.35,847,0
2074-GKOWZ,Novato,Male,No,Yes,No,2,Month-to-month,Bank transfer (automatic),89.55,185.55,Yes,73,Competitor had better devices,1,92.775,2,0,45.775,179.1,0
0376-YMCJC,Novato,Male,No,No,No,23,Month-to-month,Electronic check,90.6,1943.2,Yes,82,Competitor offered higher download speeds,1,84.48695652173913,2,1,56.8,2083.7999999999997,1
0634-SZPQA,San Anselmo,Female,No,No,No,23,Month-to-month,Bank transfer (automatic),90.05,2169.8,Yes,67,Competitor offered higher download speeds,1,94.33913043478262,2,0,56.525,2071.15,1
5536-RTPWK,Sausalito,Male,No,Yes,No,49,Month-to-month,Bank transfer (automatic),99.05,4853.75,Yes,100,Competitor offered higher download speeds,1,99.0561224489796,2,0,74.025,4853.45,1
6166-ILMNY,Tomales,Female,No,No,No,2,Month-to-month,Bank transfer (automatic),69.75,144.55,Yes,68,Competitor offered more data,1,72.275,2,0,35.875,139.5,0
3097-NNSPB,Valley Ford,Female,No,No,No,2,Month-to-month,Credit card (automatic),49.05,91.1,Yes,98,Competitor offered more data,1,45.55,2,0,25.525,98.1,0
0655-RBDUG,Alviso,Male,No,No,No,7,Month-to-month,Bank transfer (automatic),98.05,713,Yes,86,Competitor offered more data,1,101.85714285714286,2,0,52.525,686.35,0
4361-BKAXE,Boulder Creek,Female,No,No,No,41,Month-to-month,Bank transfer (automatic),114.5,4527.45,Yes,80,Competitor made better offer,1,110.42560975609756,2,0,77.75,4694.5,1
9878-TNQGW,Davenport,Male,No,No,No,2,Month-to-month,Electronic check,80.95,171.15,Yes,65,Competitor made better offer,1,85.575,2,1,41.475,161.9,0
4441-NIHPT,Freedom,Female,Yes,No,No,13,Month-to-month,Electronic check,74.3,940.35,Yes,97,Competitor had better devices,1,72.33461538461539,2,1,43.65,965.9,0
8999-BOHSE,Gilroy,Female,Yes,No,No,11,Month-to-month,Bank transfer (automatic),89.7,1047.7,Yes,89,Competitor offered higher download speeds,1,95.24545454545455,2,0,50.35,986.7,0
7029-RPUAV,Los Gatos,Male,Yes,Yes,No,17,Month-to-month,Credit card (automatic),100.45,1622.45,Yes,87,Competitor offered more data,1,95.43823529411765,2,0,58.725,1707.65,0
4607-CHPCA,San Martin,Male,No,Yes,No,25,One year,Electronic check,90.4,2178.6,Yes,100,Competitor made better offer,1,87.14399999999999,1,1,57.7,2260,1
8824-RWFXJ,Santa Cruz,Male,No,Yes,No,3,Month-to-month,Mailed check,56.15,168.15,Yes,83,Competitor had better devices,1,56.050000000000004,2,0,29.575,168.45,0
9763-PDTKK,San Jose,Female,No,No,No,4,Month-to-month,Bank transfer (automatic),94.4,387.2,Yes,74,Competitor had better devices,1,96.8,2,0,49.2,377.6,0
7627-JKIAZ,San Jose,Female,No,Yes,No,37,Month-to-month,Credit card (automatic),78.95,2839.65,Yes,97,Competitor offered higher download speeds,1,76.7472972972973,2,0,57.975,2921.15,1
4081-DYXAV,San Jose,Female,No,No,No,19,One year,Credit card (automatic),44.85,893.55,Yes,72,Competitor offered higher download speeds,1,47.02894736842105,1,0,31.925,852.15,0
8111-SLLHI,San Jose,Male,Yes,Yes,No,39,Month-to-month,Electronic check,105.65,4284.8,Yes,96,Competitor offered higher download speeds,1,109.86666666666667,2,1,72.325,4120.35,1
0927-LCSMG,San Jose,Male,No,No,No,7,Month-to-month,Mailed check,74.65,544.55,Yes,75,Competitor offered more data,1,77.79285714285713,2,0,40.825,522.5500000000001,0
8257-RZAHR,San Jose,Female,No,Yes,No,14,Month-to-month,Bank transfer (automatic),64.7,941,Yes,86,Competitor offered more data,1,67.21428571428571,2,0,39.35,905.8000000000001,0
5293-WXJAK,San Jose,Female,Yes,Yes,No,11,Month-to-month,Bank transfer (automatic),104.05,1133.65,Yes,82,Competitor offered more data,1,103.05909090909091,2,0,57.525,1144.55,0
0841-NULXI,Stockton,Male,No,No,No,1,Month-to-month,Electronic check,35.55,35.55,Yes,71,Don't know,1,35.55,2,1,18.275,35.55,0
7851-WZEKY,Stockton,Female,No,No,No,2,Month-to-month,Electronic check,95.15,196.9,Yes,82,Competitor made better offer,1,98.45,2,1,48.575,190.3,0
8844-TONUD,Acampo,Male,No,Yes,No,13,Month-to-month,Mailed check,96.65,1162.85,Yes,75,Attitude of service provider,1,89.44999999999999,2,0,54.825,1256.45,0
4086-YQSNZ,Glencoe,Female,Yes,Yes,No,3,Month-to-month,Electronic check,80.4,224.05,Yes,89,Attitude of service provider,1,74.68333333333334,2,1,41.7,241.20000000000002,0
5868-CZJDR,Linden,Male,No,No,No,1,Month-to-month,Mailed check,31.35,31.35,Yes,85,Attitude of service provider,1,31.35,2,0,16.175,31.35,0
0135-NMXAP,Lodi,Female,No,No,No,12,Month-to-month,Bank transfer (automatic),89.75,1052.4,Yes,97,Attitude of support person,1,87.7,2,0,50.875,1077,0
6270-OMFIW,Valley Springs,Male,No,Yes,No,60,One year,Electronic check,94.4,5610.25,Yes,99,Attitude of support person,1,93.50416666666666,1,1,77.2,5664,1
0107-WESLM,West Point,Male,No,No,No,1,Month-to-month,Electronic check,19.85,19.85,Yes,66,Attitude of support person,1,19.85,2,1,10.425,19.85,0
3992-YWPKO,Atwater,Female,No,No,No,6,Month-to-month,Credit card (automatic),109.9,669.45,Yes,69,Attitude of service provider,1,111.575,2,0,57.95,659.4000000000001,0
0125-LZQXK,Big Oak Flat,Male,No,No,No,15,Month-to-month,Electronic check,101.35,1553.95,Yes,99,Attitude of service provider,1,103.59666666666666,2,1,58.175,1520.25,0
8399-YNDCH,Columbia,Male,Yes,No,No,21,Month-to-month,Bank transfer (automatic),60.05,1236.15,Yes,70,Attitude of service provider,1,58.86428571428572,2,0,40.525,1261.05,0
5673-FSSMF,Delhi,Female,No,No,No,1,Month-to-month,Electronic check,60.15,60.15,Yes,91,Attitude of support person,1,60.15,2,1,30.575,60.15,0
1579-KLYDT,Hickman,Male,No,No,No,7,Month-to-month,Electronic check,90.45,593.45,Yes,98,Competitor made better offer,1,84.77857142857144,2,1,48.725,633.15,0
3927-NLNRY,Long Barn,Male,No,Yes,No,53,One year,Bank transfer (automatic),94.25,4867.95,Yes,96,Moved,1,91.84811320754717,1,0,73.625,4995.25,1
6358-LYNGM,Mariposa,Male,No,No,No,1,Month-to-month,Electronic check,74.9,74.9,Yes,84,Moved,1,74.9,2,1,37.95,74.9,0
5494-HECPR,Mi Wuk Village,Female,No,No,No,1,Month-to-month,Electronic check,80.25,80.25,Yes,69,Moved,1,80.25,2,1,40.625,80.25,0
9824-BEMCV,Modesto,Male,No,Yes,No,17,Month-to-month,Electronic check,69,1149.65,Yes,77,Competitor offered higher download speeds,1,67.62647058823529,2,1,43,1173,0
1373-ORVIZ,Modesto,Female,No,Yes,No,11,Month-to-month,Electronic check,66.35,740.8,Yes,91,Competitor offered higher download speeds,1,67.34545454545454,2,1,38.675,729.8499999999999,0
9866-QEVEE,Modesto,Male,No,No,No,19,Month-to-month,Bank transfer (automatic),86,1532.45,Yes,98,Competitor offered higher download speeds,1,80.65526315789474,2,0,52.5,1634,0
9897-KXHCM,Modesto,Female,No,Yes,No,3,Month-to-month,Electronic check,80.3,250.05,Yes,72,Competitor offered higher download speeds,1,83.35000000000001,2,1,41.65,240.89999999999998,0
7979-CORPM,Oakdale,Male,No,No,No,24,Month-to-month,Credit card (automatic),90.55,2282.55,Yes,67,Don't know,1,95.10625,2,0,57.275,2173.2,1
1618-CFHME,Riverbank,Female,No,No,No,2,Month-to-month,Electronic check,75.9,143.35,Yes,86,Don't know,1,71.675,2,1,38.95,151.8,0
3165-HDOEW,Salida,Male,No,Yes,No,1,Month-to-month,Mailed check,45.85,45.85,Yes,73,Don't know,1,45.85,2,0,23.425,45.85,0
6581-NQCBA,Snelling,Female,No,Yes,No,16,Month-to-month,Electronic check,49.95,810.2,Yes,78,Don't know,1,50.6375,2,1,32.975,799.2,0
1689-MRZQR,Turlock,Male,No,Yes,No,34,Month-to-month,Electronic check,78.3,2564.3,Yes,77,Don't know,1,75.42058823529412,2,1,56.15,2662.2,1
5835-BEQEU,Westley,Male,No,No,No,3,Month-to-month,Electronic check,76.95,228.4,Yes,92,Don't know,1,76.13333333333334,2,1,39.975,230.85000000000002,0
5565-FILXA,Yosemite National Park,Female,Yes,No,No,16,Month-to-month,Electronic check,96.15,1529.2,Yes,96,Don't know,1,95.575,2,1,56.075,1538.4,0
5552-ZNFSJ,Santa Rosa,Male,No,No,No,1,Month-to-month,Electronic check,45.3,45.3,Yes,66,Don't know,1,45.3,2,1,23.15,45.3,0
2223-KAGMX,Santa Rosa,Female,No,No,No,15,Month-to-month,Bank transfer (automatic),19.4,289.3,Yes,87,Don't know,1,19.28666666666667,2,0,17.2,291,0
7321-PKUYW,Branscomb,Female,No,No,No,11,Month-to-month,Electronic check,90.15,987.95,Yes,66,Competitor offered higher download speeds,1,89.81363636363636,2,1,50.575,991.6500000000001,0
2833-SLKDQ,Caspar,Male,No,No,No,1,Month-to-month,Mailed check,45.05,45.05,Yes,98,Network reliability,1,45.05,2,0,23.025,45.05,0
7595-EUIVN,Clearlake,Female,No,No,No,1,Month-to-month,Electronic check,75.8,75.8,Yes,70,Network reliability,1,75.8,2,1,38.4,75.8,0
2026-TGDHM,Cloverdale,Female,No,No,No,7,Month-to-month,Electronic check,79.3,523.15,Yes,69,Network reliability,1,74.73571428571428,2,1,43.15,555.1,0
4030-VPZBD,Comptche,Female,No,No,No,2,Month-to-month,Electronic check,30.9,59.05,Yes,98,Network reliability,1,29.525,2,1,16.45,61.8,0
4187-CINZD,Eldridge,Female,Yes,No,No,46,One year,Credit card (automatic),95.25,4424.2,Yes,90,Network reliability,1,96.17826086956521,1,0,70.625,4381.5,1
6818-WOBHJ,Fulton,Female,Yes,Yes,No,68,Month-to-month,Bank transfer (automatic),89.6,6127.6,Yes,69,Network reliability,1,90.11176470588236,2,0,78.8,6092.799999999999,1
2408-TZMJL,Gualala,Male,No,Yes,No,59,One year,Electronic check,110.15,6448.05,Yes,97,Network reliability,1,109.28898305084746,1,1,84.575,6498.85,1
9134-CEQMF,Nice,Male,Yes,Yes,No,7,Month-to-month,Electronic check,89.5,676.7,Yes,89,Network reliability,1,96.67142857142858,2,1,48.25,626.5,0
7993-PYKOF,Rio Nido,Male,No,Yes,No,8,Month-to-month,Electronic check,75,632.95,Yes,80,Network reliability,1,79.11875,2,1,41.5,600,0
5027-XWQHA,Ukiah,Male,No,No,No,6,Month-to-month,Electronic check,44.75,270.95,Yes,78,Network reliability,1,45.15833333333333,2,1,25.375,268.5,0
4566-QVRRW,Witter Springs,Female,No,Yes,No,11,Month-to-month,Electronic check,44.05,483.7,Yes,84,Network reliability,1,43.97272727272727,2,1,27.525,484.54999999999995,0
8519-IMDHU,Alderpoint,Male,Yes,Yes,No,15,Month-to-month,Bank transfer (automatic),85.6,1345.55,Yes,83,Network reliability,1,89.70333333333333,2,0,50.3,1284,0
0201-OAMXR,Mckinleyville,Female,No,No,No,70,One year,Credit card (automatic),115.55,8127.6,Yes,87,Network reliability,1,116.10857142857144,1,0,92.775,8088.5,1
3372-KWFBM,Bayside,Male,Yes,No,No,16,Month-to-month,Electronic check,86.6,1281,Yes,81,Network reliability,1,80.0625,2,1,51.3,1385.6,0
7831-QGOXH,Blue Lake,Female,No,No,No,18,Month-to-month,Electronic check,85.2,1553.9,Yes,77,Don't know,1,86.32777777777778,2,1,51.6,1533.6000000000001,0
6393-WRYZE,Bridgeville,Female,No,Yes,No,34,Month-to-month,Electronic check,97.65,3207.55,Yes,87,Don't know,1,94.33970588235294,2,1,65.825,3320.1000000000004,1
6599-RCLCJ,Crescent City,Male,No,Yes,No,47,Month-to-month,Electronic check,109.55,5124.55,Yes,90,Don't know,1,109.03297872340426,2,1,78.275,5148.849999999999,1
9831-BPFRI,Ferndale,Female,No,Yes,No,39,One year,Electronic check,89.55,3474.45,Yes,65,Poor expertise of online support,1,89.08846153846153,1,1,64.275,3492.45,1
1725-MIMXW,Honeydew,Male,No,No,No,1,Month-to-month,Mailed check,19.45,19.45,Yes,78,Poor expertise of phone support,1,19.45,2,0,10.225,19.45,0
0031-PVLZI,Korbel,Female,No,Yes,No,4,Month-to-month,Mailed check,20.35,76.35,Yes,81,Competitor had better devices,1,19.0875,2,0,12.175,81.4,0
7206-GZCDC,Loleta,Female,Yes,No,No,1,Month-to-month,Electronic check,69.25,69.25,Yes,75,Competitor offered higher download speeds,1,69.25,2,1,35.125,69.25,0
4791-QRGMF,Miranda,Male,No,Yes,No,59,One year,Bank transfer (automatic),99.5,5961.1,Yes,76,Competitor offered more data,1,101.035593220339,1,0,79.25,5870.5,1
1768-ZAIFU,Rio Dell,Female,Yes,No,No,1,Month-to-month,Electronic check,25.2,25.2,Yes,67,Competitor made better offer,1,25.2,2,1,13.1,25.2,0
4671-LXRDQ,Salyer,Male,No,No,No,2,Month-to-month,Mailed check,45,96.45,Yes,93,Competitor had better devices,1,48.225,2,0,23.5,90,0
1934-SJVJK,Smith River,Male,No,No,No,1,Month-to-month,Mailed check,20.15,20.15,Yes,70,Competitor had better devices,1,20.15,2,0,10.575,20.15,0
3838-OZURD,Somes Bar,Male,No,Yes,No,66,Month-to-month,Credit card (automatic),105,7133.25,Yes,96,Competitor offered higher download speeds,1,108.07954545454545,2,0,85.5,6930,1
9269-CQOOL,Trinidad,Male,No,No,No,3,Month-to-month,Credit card (automatic),54.7,169.45,Yes,66,Competitor offered higher download speeds,1,56.48333333333333,2,0,28.85,164.10000000000002,0
2845-HSJCY,Whitethorn,Female,No,Yes,No,14,Month-to-month,Electronic check,87.25,1258.6,Yes,78,Competitor offered higher download speeds,1,89.89999999999999,2,1,50.625,1221.5,0
1184-PJVDB,Amador City,Male,No,Yes,No,10,Month-to-month,Electronic check,79.95,857.2,Yes,68,Competitor offered more data,1,85.72,2,1,44.975,799.5,0
9415-DPEWS,Carmichael,Female,No,No,No,18,Month-to-month,Electronic check,88.35,1639.3,Yes,96,Competitor offered more data,1,91.07222222222222,2,1,53.175,1590.3,0
7943-RQCHR,Davis,Female,No,No,No,9,Month-to-month,Electronic check,94.75,889.9,Yes,83,Competitor offered more data,1,98.87777777777778,2,1,51.875,852.75,0
3793-MMFUH,Davis,Female,Yes,No,No,13,Month-to-month,Electronic check,95.05,1290,Yes,97,Competitor made better offer,1,99.23076923076923,2,1,54.025,1235.6499999999999,0
3249-ZPQRG,Diamond Springs,Male,No,No,No,4,Month-to-month,Electronic check,78.45,330.05,Yes,67,Competitor made better offer,1,82.5125,2,1,41.225,313.8,0
2568-BRGYX,Dixon,Male,No,No,No,4,Month-to-month,Electronic check,70.2,237.95,Yes,92,Competitor had better devices,1,59.4875,2,1,37.1,280.8,0
7721-JXEAW,Elk Grove,Male,No,Yes,No,59,Month-to-month,Bank transfer (automatic),41.05,2452.7,Yes,70,Competitor offered higher download speeds,1,41.57118644067796,2,0,50.025,2421.95,1
7249-WBIYX,Elmira,Male,No,Yes,No,10,Month-to-month,Electronic check,85.6,813.85,Yes,70,Competitor offered more data,1,81.385,2,1,47.8,856,0
6567-HOOPW,Folsom,Female,Yes,No,No,1,Month-to-month,Electronic check,79.2,79.2,Yes,76,Competitor made better offer,1,79.2,2,1,40.1,79.2,0
3164-AALRN,Greenwood,Male,No,No,No,5,One year,Mailed check,70,347.4,Yes,77,Competitor had better devices,1,69.47999999999999,1,0,37.5,350,0
3334-CTHOL,Jackson,Female,No,No,No,1,Month-to-month,Bank transfer (automatic),49.95,49.95,Yes,71,Competitor had better devices,1,49.95,2,0,25.475,49.95,0
4704-ERYFC,Knights Landing,Female,No,Yes,No,22,Month-to-month,Electronic check,69.25,1554,Yes,85,Competitor offered higher download speeds,1,70.63636363636364,2,1,45.625,1523.5,0
8621-MNIHH,Madison,Female,Yes,Yes,No,34,Month-to-month,Electronic check,94.25,3217.55,Yes,88,Competitor offered higher download speeds,1,94.63382352941177,2,1,64.125,3204.5,1
0471-LVHGK,Orangevale,Male,No,Yes,No,41,One year,Electronic check,73,3001.2,Yes,86,Competitor offered higher download speeds,1,73.19999999999999,1,1,57,2993,1
9518-RWHZL,Penryn,Female,No,No,No,64,One year,Credit card (automatic),100.05,6254.2,Yes,69,Competitor offered more data,1,97.721875,1,0,82.025,6403.2,1
5419-CONWX,Pleasant Grove,Female,Yes,No,No,4,Month-to-month,Credit card (automatic),99.8,442.85,Yes,89,Competitor offered more data,1,110.7125,2,0,51.9,399.2,0
6240-EURKS,Plymouth,Female,No,No,No,18,Month-to-month,Electronic check,35,553,Yes,76,Competitor offered more data,1,30.72222222222222,2,1,26.5,630,0
6960-HVYXR,Rio Linda,Female,No,No,No,1,Month-to-month,Electronic check,76,76,Yes,72,Competitor made better offer,1,76,2,1,38.5,76,0
7024-OHCCK,Sheridan,Female,Yes,No,No,2,Month-to-month,Electronic check,93.85,170.85,Yes,72,Don't know,1,85.425,2,1,47.925,187.7,0
7861-UVUFT,Sloughhouse,Female,No,Yes,No,15,Month-to-month,Electronic check,84.3,1308.4,Yes,86,Competitor had better devices,1,87.22666666666667,2,1,49.65,1264.5,0
5357-TZHPP,Wheatland,Male,Yes,No,No,9,Month-to-month,Credit card (automatic),84.4,732.5,Yes,83,Competitor offered higher download speeds,1,81.38888888888889,2,0,46.7,759.6,0
0680-DFNNY,Winters,Male,No,Yes,No,15,Month-to-month,Electronic check,101.1,1504.05,Yes,97,Competitor offered more data,1,100.27,2,1,58.05,1516.5,0
7767-UXAGJ,Colfax,Male,No,No,No,1,Month-to-month,Electronic check,50.45,50.45,Yes,68,Competitor made better offer,1,50.45,2,1,25.725,50.45,0
1571-SAVHK,Meadow Vista,Male,No,No,No,12,Month-to-month,Mailed check,99.95,1132.75,Yes,80,Competitor had better devices,1,94.39583333333333,2,0,55.975,1199.4,0
9546-CQJSU,Soda Springs,Female,No,No,No,2,Month-to-month,Electronic check,91.4,193.6,Yes,80,Competitor had better devices,1,96.8,2,1,46.7,182.8,0
0506-LVNGN,Rancho Cordova,Female,Yes,No,No,5,Month-to-month,Credit card (automatic),75.55,349.65,Yes,97,Competitor offered higher download speeds,1,69.92999999999999,2,0,40.275,377.75,0
2951-QOQTK,Sacramento,Male,No,No,No,4,Month-to-month,Credit card (automatic),80.8,332.45,Yes,72,Competitor offered higher download speeds,1,83.1125,2,0,42.4,323.2,0
3473-XIIIT,Sacramento,Female,No,Yes,No,16,Month-to-month,Electronic check,100,1534.75,Yes,68,Competitor offered higher download speeds,1,95.921875,2,1,58,1600,0
7893-IXHRQ,Sacramento,Male,No,No,No,1,Month-to-month,Electronic check,20.55,20.55,Yes,87,Competitor offered more data,1,20.55,2,1,10.775,20.55,0
2952-QAYZF,Sacramento,Male,No,No,No,5,Month-to-month,Electronic check,85.3,424.15,Yes,81,Competitor offered more data,1,84.83,2,1,45.15,426.5,0
4763-PGDPO,Sacramento,Female,No,No,No,4,Month-to-month,Electronic check,70.4,281,Yes,88,Competitor offered more data,1,70.25,2,1,37.2,281.6,0
5394-SVGJV,Sacramento,Male,No,No,No,37,Month-to-month,Bank transfer (automatic),98.8,3475.55,Yes,82,Competitor made better offer,1,93.9337837837838,2,0,67.9,3655.6,1
9283-LZQOH,Antelope,Male,No,Yes,No,13,Month-to-month,Credit card (automatic),74.4,896.75,Yes,89,Competitor made better offer,1,68.98076923076923,2,0,43.7,967.2,0
7079-QRCBC,Sacramento,Female,No,No,No,24,Month-to-month,Electronic check,98.75,2407.3,Yes,85,Competitor had better devices,1,100.30416666666667,2,1,61.375,2370,1
5469-CTCWN,Arbuckle,Male,No,Yes,No,61,One year,Electronic check,106,6547.7,Yes,92,Competitor offered higher download speeds,1,107.33934426229509,1,1,83.5,6466,1
9851-QXEEQ,Bangor,Male,No,No,No,41,Month-to-month,Electronic check,104.7,4346.4,Yes,84,Competitor offered more data,1,106.00975609756097,2,1,72.85,4292.7,1
9809-IMGCQ,Canyon Dam,Male,Yes,No,No,22,Month-to-month,Electronic check,96.7,2082.95,Yes,93,Competitor made better offer,1,94.67954545454545,2,1,59.35,2127.4,1
5208-HFSBT,Challenge,Female,No,No,No,2,Month-to-month,Credit card (automatic),55.05,102.75,Yes,81,Competitor had better devices,1,51.375,2,0,28.525,110.1,0
3254-YRILK,Dobbins,Male,Yes,No,No,19,Month-to-month,Electronic check,88.2,1775.8,Yes,69,Competitor had better devices,1,93.46315789473684,2,1,53.6,1675.8,0
2667-WYLWJ,Dunnigan,Female,No,Yes,No,8,One year,Mailed check,19.75,145,Yes,89,Competitor offered higher download speeds,1,18.125,1,0,13.875,158,0
0529-ONKER,Forest Ranch,Male,Yes,No,No,15,Month-to-month,Electronic check,75.65,1146.65,Yes,96,Competitor offered higher download speeds,1,76.44333333333334,2,1,45.325,1134.75,0
5240-IJOQT,Grass Valley,Male,Yes,No,No,1,Month-to-month,Electronic check,74.7,74.7,Yes,88,Competitor offered higher download speeds,1,74.7,2,1,37.85,74.7,0
1092-GANHU,Magalia,Male,No,No,No,17,Month-to-month,Electronic check,76.65,1313.55,Yes,87,Competitor offered more data,1,77.26764705882353,2,1,46.825,1303.0500000000002,0
0661-XEYAN,Nevada City,Female,Yes,No,No,1,Month-to-month,Mailed check,25.8,25.8,Yes,97,Competitor offered more data,1,25.8,2,0,13.4,25.8,0
7881-EVUAD,Oroville,Female,No,No,No,2,Month-to-month,Electronic check,42.6,72.4,Yes,79,Competitor offered more data,1,36.2,2,1,22.3,85.2,0
5766-XQXMQ,Princeton,Female,No,No,No,29,Month-to-month,Bank transfer (automatic),68.85,1970.5,Yes,79,Competitor made better offer,1,67.94827586206897,2,0,48.925,1996.6499999999999,0
3703-VAVCL,Strawberry Valley,Male,No,Yes,No,2,Month-to-month,Credit card (automatic),90,190.05,Yes,99,Competitor made better offer,1,95.025,2,0,46,180,0
8519-QJGJD,Twain,Female,No,No,No,14,Month-to-month,Electronic check,75.35,1025.95,Yes,71,Attitude of service provider,1,73.28214285714286,2,1,44.675,1054.8999999999999,0
6326-MTTXK,Yuba City,Male,No,No,No,8,Month-to-month,Electronic check,100.85,819.55,Yes,97,Attitude of service provider,1,102.44375,2,1,54.425,806.8,0
0330-IVZHA,Anderson,Female,No,Yes,No,5,Month-to-month,Electronic check,69.95,330.15,Yes,81,Attitude of service provider,1,66.03,2,1,37.475,349.75,0
2886-KEFUM,Big Bend,Female,No,Yes,No,63,One year,Electronic check,107.5,6873.75,Yes,96,Attitude of support person,1,109.10714285714286,1,1,85.25,6772.5,1
4237-RLAQD,Callahan,Male,No,No,No,1,Month-to-month,Mailed check,45.85,45.85,Yes,94,Attitude of support person,1,45.85,2,0,23.425,45.85,0
9651-GTSAQ,Corning,Female,No,Yes,No,53,One year,Bank transfer (automatic),106.1,5769.75,Yes,94,Attitude of support person,1,108.86320754716981,1,0,79.55,5623.299999999999,1
3186-BAXNB,Cottonwood,Female,No,No,No,1,Month-to-month,Electronic check,91.7,91.7,Yes,71,Attitude of service provider,1,91.7,2,1,46.35,91.7,0
0637-YLETY,Douglas City,Female,No,No,No,16,Month-to-month,Credit card (automatic),95.6,1555.65,Yes,96,Attitude of service provider,1,97.228125,2,0,55.8,1529.6,0
1157-BQCUW,Fall River Mills,Male,No,No,No,1,Month-to-month,Electronic check,74.95,74.95,Yes,82,Attitude of service provider,1,74.95,2,1,37.975,74.95,0
2660-EMUBI,Fort Jones,Male,Yes,No,No,10,Month-to-month,Electronic check,95.35,898.35,Yes,75,Attitude of support person,1,89.83500000000001,2,1,52.675,953.5,0
7675-OZCZG,Hayfork,Female,Yes,No,No,3,Month-to-month,Electronic check,45,127.1,Yes,77,Competitor made better offer,1,42.36666666666667,2,1,24,135,0
2003-CKLOR,Igo,Male,No,No,No,66,Month-to-month,Electronic check,99.5,6710.5,Yes,73,Moved,1,101.67424242424242,2,1,82.75,6567,1
9254-RBFON,Klamath River,Female,No,Yes,No,17,One year,Bank transfer (automatic),98.6,1704.95,Yes,91,Moved,1,100.29117647058824,1,0,57.8,1676.1999999999998,0
1205-WNWPJ,Lakehead,Female,No,No,No,7,Month-to-month,Mailed check,59.5,415.95,Yes,91,Moved,1,59.42142857142857,2,0,33.25,416.5,0
9391-EOYLI,Lewiston,Male,Yes,Yes,No,12,Month-to-month,Electronic check,80.45,950.2,Yes,69,Competitor made better offer,1,79.18333333333334,2,1,46.225,965.4000000000001,0
8387-MOJJT,Nubieber,Female,No,Yes,No,42,Month-to-month,Credit card (automatic),77.95,3384,Yes,82,Competitor made better offer,1,80.57142857142857,2,0,59.975,3273.9,1
2761-OCIAX,Palo Cedro,Male,Yes,No,No,2,Month-to-month,Electronic check,74.7,165.4,Yes,81,Competitor made better offer,1,82.7,2,1,38.35,149.4,0
3068-OMWZA,Round Mountain,Male,Yes,No,No,1,Month-to-month,Electronic check,88.8,88.8,Yes,91,Competitor made better offer,1,88.8,2,1,44.9,88.8,0
6032-KRXXO,Seiad Valley,Male,No,No,No,30,Month-to-month,Electronic check,90.25,2755.35,Yes,84,Competitor made better offer,1,91.845,2,1,60.125,2707.5,1
7459-RRWQZ,Shasta,Female,No,No,No,15,Month-to-month,Bank transfer (automatic),64.65,994.55,Yes,89,Competitor made better offer,1,66.30333333333333,2,0,39.825,969.7500000000001,0
4154-AQUGT,Vina,Male,Yes,Yes,No,13,Month-to-month,Bank transfer (automatic),89.05,1169.35,Yes,82,Competitor made better offer,1,89.94999999999999,2,0,51.025,1157.6499999999999,0
3092-IGHWF,Alturas,Male,No,Yes,No,67,One year,Electronic check,87.4,5918.8,Yes,65,Competitor made better offer,1,88.34029850746269,1,1,77.2,5855.8,1
8017-LXHFA,Davis Creek,Female,Yes,No,No,23,Month-to-month,Electronic check,94.75,2293.6,Yes,95,Competitor made better offer,1,99.72173913043478,2,1,58.875,2179.25,1
6352-TWCAU,Fort Bidwell,Female,No,No,No,35,Month-to-month,Electronic check,86.45,3029.1,Yes,68,Competitor made better offer,1,86.54571428571428,2,1,60.725,3025.75,1
2929-QNSRW,Lake City,Female,No,Yes,No,56,One year,Electronic check,98.25,5508.35,Yes,97,Competitor made better offer,1,98.36339285714287,1,1,77.125,5502,1
1262-OPMFY,Likely,Female,No,Yes,No,9,Month-to-month,Bank transfer (automatic),75.75,655.9,Yes,96,Competitor made better offer,1,72.87777777777778,2,0,42.375,681.75,0
4248-QPAVC,Portola,Female,Yes,Yes,No,17,Month-to-month,Bank transfer (automatic),85.35,1463.45,Yes,70,Competitor made better offer,1,86.08529411764707,2,0,51.175,1450.9499999999998,0
1899-VXWXM,Ravendale,Male,No,No,No,48,One year,Credit card (automatic),106.1,5082.8,Yes,69,Competitor made better offer,1,105.89166666666667,1,0,77.05,5092.799999999999,1
4690-LLKUA,Topaz,Male,Yes,No,No,17,Month-to-month,Electronic check,45.05,770.6,Yes,65,Extra data charges,1,45.32941176470588,2,1,31.025,765.8499999999999,0
3331-HQDTW,Homewood,Female,No,No,No,34,Month-to-month,Mailed check,109.8,3587.25,Yes,78,Extra data charges,1,105.50735294117646,2,0,71.9,3733.2,1
9490-DFPMD,Tahoma,Female,Yes,No,No,42,Month-to-month,Electronic check,84.65,3541.35,Yes,76,Extra data charges,1,84.31785714285714,2,1,63.325,3555.3,1
5442-XSDCW,Tahoe City,Male,No,Yes,No,11,Month-to-month,Bank transfer (automatic),79.5,868.5,Yes,68,Extra data charges,1,78.95454545454545,2,0,45.25,874.5,0
3049-NDXFL,South Lake Tahoe,Female,No,No,No,1,Month-to-month,Mailed check,85.8,85.8,Yes,99,Extra data charges,1,85.8,2,0,43.4,85.8,0
8580-AECUZ,Truckee,Male,Yes,No,No,1,Month-to-month,Electronic check,79.1,79.1,Yes,84,Extra data charges,1,79.1,2,1,40.05,79.1,0
7963-GQRMY,Los Angeles,Female,No,Yes,No,3,Month-to-month,Mailed check,44.3,134.5,Yes,88,Extra data charges,1,44.833333333333336,2,0,23.65,132.89999999999998,0
1228-FZFRV,Los Angeles,Male,No,Yes,No,50,Month-to-month,Credit card (automatic),105.95,5341.8,Yes,79,Extra data charges,1,106.836,2,0,77.975,5297.5,1
2058-DCJBE,Los Angeles,Male,No,No,No,5,Month-to-month,Electronic check,69.75,324.6,Yes,99,Extra data charges,1,64.92,2,1,37.375,348.75,0
5364-XYIRR,Los Angeles,Male,No,Yes,No,51,Month-to-month,Electronic check,94.65,4812.75,Yes,100,Extra data charges,1,94.36764705882354,2,1,72.825,4827.150000000001,1
4829-AUOAX,Los Angeles,Female,No,No,No,46,Month-to-month,Bank transfer (automatic),96.05,4399.5,Yes,77,Extra data charges,1,95.6413043478261,2,0,71.025,4418.3,1
5047-LHVLY,Los Angeles,Male,Yes,No,No,1,Month-to-month,Mailed check,50.15,50.15,Yes,98,Extra data charges,1,50.15,2,0,25.575,50.15,0
9158-VCTQB,Los Angeles,Female,No,Yes,No,41,Month-to-month,Bank transfer (automatic),113.6,4594.95,Yes,96,Extra data charges,1,112.07195121951219,2,0,77.3,4657.599999999999,1
6311-UEUME,Los Angeles,Female,No,No,No,29,Month-to-month,Electronic check,78.9,2384.15,Yes,90,Extra data charges,1,82.21206896551725,2,1,53.95,2288.1000000000004,1
6839-ITVZJ,Los Angeles,Female,No,Yes,No,26,Month-to-month,Electronic check,60.05,1616.15,Yes,71,Don't know,1,62.159615384615385,2,1,43.025,1561.3,0
0375-HVGXO,Los Angeles,Female,No,No,No,1,Month-to-month,Electronic check,34.7,34.7,Yes,81,Don't know,1,34.7,2,1,17.85,34.7,0
8593-WHYHV,Los Angeles,Male,No,No,No,3,Month-to-month,Electronic check,85.3,264.8,Yes,67,Don't know,1,88.26666666666667,2,1,44.15,255.89999999999998,0
6097-EQISJ,Los Angeles,Female,No,Yes,No,66,One year,Credit card (automatic),102.45,6615.15,Yes,82,Attitude of support person,1,100.22954545454544,1,0,84.225,6761.7,1
4423-YLHDV,Los Angeles,Female,No,Yes,No,21,Month-to-month,Bank transfer (automatic),104.4,2200.25,Yes,67,Attitude of support person,1,104.77380952380952,2,0,62.7,2192.4,1
0107-YHINA,Los Angeles,Male,No,No,No,1,Month-to-month,Electronic check,99.75,99.75,Yes,93,Attitude of support person,1,99.75,2,1,50.375,99.75,0
8640-SDGKB,Los Angeles,Male,No,No,No,4,Month-to-month,Electronic check,74.4,299.7,Yes,69,Attitude of support person,1,74.925,2,1,39.2,297.6,0
4116-TZAQJ,Culver City,Female,No,No,No,9,Month-to-month,Credit card (automatic),74.25,639.65,Yes,76,Attitude of support person,1,71.07222222222222,2,0,41.625,668.25,0
3877-JRJIP,Hawthorne,Male,No,No,No,1,Month-to-month,Electronic check,59.85,59.85,Yes,71,Attitude of support person,1,59.85,2,1,30.425,59.85,0
8375-DKEBR,Hermosa Beach,Female,Yes,No,No,1,Month-to-month,Electronic check,69.6,69.6,Yes,96,Attitude of support person,1,69.6,2,1,35.3,69.6,0
7511-YMXVQ,Lynwood,Male,No,No,No,9,Month-to-month,Electronic check,45.4,418.8,Yes,81,Attitude of support person,1,46.53333333333333,2,1,27.2,408.59999999999997,0
7551-JOHTI,Malibu,Female,No,No,No,1,Month-to-month,Mailed check,19.5,19.5,Yes,77,Attitude of support person,1,19.5,2,0,10.25,19.5,0
9804-ICWBG,Pacific Palisades,Male,No,No,No,1,Month-to-month,Electronic check,69.9,69.9,Yes,88,Attitude of support person,1,69.9,2,1,35.45,69.9,0
5318-IXUZF,Redondo Beach,Female,No,No,No,2,Month-to-month,Bank transfer (automatic),87.15,183.75,Yes,72,Don't know,1,91.875,2,0,44.575,174.3,0
3198-VELRD,Marina Del Rey,Female,No,Yes,No,3,Month-to-month,Bank transfer (automatic),84.75,264.85,Yes,100,Attitude of support person,1,88.28333333333335,2,0,43.875,254.25,0
9436-ZBZCT,Inglewood,Male,No,No,No,14,Month-to-month,Electronic check,89.95,1178.4,Yes,97,Attitude of support person,1,84.17142857142858,2,1,51.975,1259.3,0
7279-BUYWN,Buena Park,Female,Yes,No,No,41,Month-to-month,Electronic check,113.2,4689.5,Yes,89,Attitude of support person,1,114.3780487804878,2,1,77.1,4641.2,1
7156-MHUGY,Buena Park,Male,Yes,No,No,13,Month-to-month,Electronic check,90.5,1201.15,Yes,76,Attitude of support person,1,92.39615384615385,2,1,51.75,1176.5,0
7198-GLXTC,La Palma,Male,No,No,No,2,Month-to-month,Electronic check,79,143.65,Yes,92,Attitude of support person,1,71.825,2,1,40.5,158,0
0516-VRYBW,Stanton,Female,No,No,No,18,One year,Bank transfer (automatic),20.15,390.85,Yes,85,Attitude of support person,1,21.71388888888889,1,0,19.075,362.7,0
8380-PEFPE,Avalon,Male,No,No,No,1,Month-to-month,Electronic check,71.65,71.65,Yes,93,Attitude of support person,1,71.65,2,1,36.325,71.65,0
5687-DKDTV,Bellflower,Female,No,No,No,4,Month-to-month,Mailed check,20.35,77.5,Yes,76,Attitude of support person,1,19.375,2,0,12.175,81.4,0
7530-HDYDS,Lakewood,Female,No,No,No,38,Month-to-month,Credit card (automatic),84.25,3264.5,Yes,70,Attitude of support person,1,85.90789473684211,2,0,61.125,3201.5,1
3096-IZETN,Lomita,Female,No,No,No,12,Month-to-month,Bank transfer (automatic),78.1,947.3,Yes,89,Attitude of support person,1,78.94166666666666,2,0,45.05,937.1999999999999,0
5922-ABDVO,Seal Beach,Female,No,Yes,No,19,Month-to-month,Mailed check,89.65,1761.05,Yes,74,Attitude of support person,1,92.68684210526315,2,0,54.325,1703.3500000000001,0
9172-ANCRX,Carson,Female,No,No,No,10,Month-to-month,Electronic check,98.7,973.25,Yes,68,Attitude of support person,1,97.325,2,1,54.35,987,0
6910-HADCM,Long Beach,Female,No,No,No,1,Month-to-month,Electronic check,76.35,76.35,Yes,67,Attitude of support person,1,76.35,2,1,38.675,76.35,0
4816-LXZYW,Long Beach,Female,No,No,No,23,Month-to-month,Electronic check,79.15,1676.95,Yes,68,Attitude of support person,1,72.9108695652174,2,1,51.075,1820.45,0
9606-PBKBQ,Long Beach,Male,Yes,Yes,No,32,Month-to-month,Electronic check,85,2642.05,Yes,94,Attitude of support person,1,82.5640625,2,1,58.5,2720,1
3536-IQCTX,South Pasadena,Male,Yes,Yes,No,32,Month-to-month,Electronic check,85.3,2661.1,Yes,75,Attitude of support person,1,83.159375,2,1,58.65,2729.6,1
4911-BANWH,Sunland,Female,No,No,No,31,Month-to-month,Credit card (automatic),86.55,2697.4,Yes,74,Attitude of support person,1,87.01290322580645,2,0,58.775,2683.0499999999997,1
8496-EJAUI,Tujunga,Male,No,No,No,19,Month-to-month,Credit card (automatic),73.85,1424.5,Yes,89,Attitude of support person,1,74.97368421052632,2,0,46.425,1403.1499999999999,0
3132-TVFDZ,Glendale,Male,Yes,Yes,No,57,Month-to-month,Electronic check,44.85,2572.95,Yes,82,Attitude of support person,1,45.13947368421052,2,1,50.925,2556.4500000000003,1
8080-DDEMJ,Glendale,Male,Yes,No,No,1,Month-to-month,Electronic check,45.1,45.1,Yes,79,Attitude of support person,1,45.1,2,1,23.05,45.1,0
6365-MTGZX,Glendale,Male,No,No,No,24,Month-to-month,Electronic check,96,2122.45,Yes,71,Attitude of support person,1,88.43541666666665,2,1,60,2304,1
1349-WXNGG,Glendale,Male,No,No,No,1,Month-to-month,Bank transfer (automatic),20.05,20.05,Yes,66,Attitude of support person,1,20.05,2,0,10.525,20.05,0
6990-YNRIO,Agoura Hills,Male,No,Yes,No,65,Two year,Bank transfer (automatic),108.65,6937.95,Yes,79,Attitude of support person,1,106.7376923076923,0,0,86.825,7062.25,1
0621-TWIEM,Newhall,Male,No,No,No,10,Month-to-month,Electronic check,45.55,402.6,Yes,67,Attitude of support person,1,40.260000000000005,2,1,27.775,455.5,0
2485-ITVKB,Northridge,Female,No,Yes,No,2,Month-to-month,Electronic check,35.1,68.75,Yes,78,Attitude of support person,1,34.375,2,1,18.55,70.2,0
3669-OYSJI,Porter Ranch,Male,No,No,No,1,Month-to-month,Credit card (automatic),46.2,46.2,Yes,76,Attitude of support person,1,46.2,2,0,23.6,46.2,0
1612-EOHDH,Pacoima,Female,No,No,No,1,Month-to-month,Electronic check,45.15,45.15,Yes,89,Attitude of support person,1,45.15,2,1,23.075,45.15,0
4510-PYUSH,Sylmar,Female,Yes,No,No,38,Month-to-month,Credit card (automatic),57.15,2250.65,Yes,75,Attitude of support person,1,59.227631578947374,2,0,47.575,2171.7,1
7517-SAWMO,Granada Hills,Female,No,Yes,No,19,Month-to-month,Electronic check,73.2,1441.1,Yes,97,Attitude of support person,1,75.84736842105262,2,1,46.1,1390.8,0
4143-HHPMK,Mission Hills,Male,No,No,No,52,Month-to-month,Electronic check,85.35,4338.6,Yes,98,Attitude of support person,1,83.4346153846154,2,1,68.675,4438.2,1
7054-LGEQW,Canyon Country,Female,No,No,No,1,Month-to-month,Mailed check,45.95,45.95,Yes,69,Attitude of support person,1,45.95,2,0,23.475,45.95,0
0923-PNFUB,Westlake Village,Female,No,No,No,3,Month-to-month,Electronic check,83.75,247.25,Yes,65,Attitude of support person,1,82.41666666666667,2,1,43.375,251.25,0
3494-JCHRQ,Van Nuys,Male,No,No,No,1,Month-to-month,Electronic check,70.05,70.05,Yes,69,Attitude of support person,1,70.05,2,1,35.525,70.05,0
6474-FVJLC,Sherman Oaks,Male,No,No,No,2,Month-to-month,Electronic check,86,165.45,Yes,77,Attitude of support person,1,82.725,2,1,44,172,0
8840-DQLGN,Burbank,Female,Yes,Yes,No,35,Month-to-month,Bank transfer (automatic),100.5,3653.35,Yes,81,Attitude of support person,1,104.38142857142857,2,0,67.75,3517.5,1
4547-LYTDD,North Hollywood,Female,No,No,No,16,Month-to-month,Electronic check,72.65,1194.3,Yes,73,Attitude of support person,1,74.64375,2,1,44.325,1162.4,0
6770-XUAGN,North Hollywood,Female,No,Yes,No,1,Month-to-month,Electronic check,21,21,Yes,90,Attitude of support person,1,21,2,1,11,21,0
4193-ORFCL,North Hollywood,Female,Yes,No,No,1,Month-to-month,Mailed check,45.1,45.1,Yes,70,Attitude of support person,1,45.1,2,0,23.05,45.1,0
7776-QWNFX,Chino,Male,Yes,Yes,No,30,Month-to-month,Bank transfer (automatic),50.4,1527.5,Yes,83,Attitude of support person,1,50.916666666666664,2,0,40.2,1512,0
6689-TCZHQ,Claremont,Female,Yes,No,No,5,Month-to-month,Electronic check,78.95,378.4,Yes,65,Attitude of support person,1,75.67999999999999,2,1,41.975,394.75,0
3143-ILDAL,El Monte,Male,No,No,No,56,Month-to-month,Electronic check,94.45,5124.6,Yes,96,Attitude of support person,1,91.51071428571429,2,1,75.225,5289.2,1
4720-VSTSI,Monterey Park,Female,No,No,No,44,Month-to-month,Bank transfer (automatic),84.8,3862.55,Yes,66,Attitude of support person,1,87.78522727272728,2,0,64.4,3731.2,1
3946-MHCZW,Ontario,Male,No,No,No,1,Month-to-month,Mailed check,50.9,50.9,Yes,83,Attitude of support person,1,50.9,2,0,25.95,50.9,0
6651-AZVTJ,Pomona,Male,No,Yes,No,49,Month-to-month,Electronic check,99.8,4872.45,Yes,83,Attitude of support person,1,99.43775510204081,2,1,74.4,4890.2,1
4566-GOLUK,Rosemead,Male,No,Yes,No,47,Month-to-month,Bank transfer (automatic),107.35,5118.95,Yes,98,Attitude of support person,1,108.91382978723404,2,0,77.175,5045.45,1
2484-DGXPZ,San Dimas,Female,No,Yes,No,31,Month-to-month,Mailed check,19.55,658.95,Yes,67,Attitude of support person,1,21.256451612903227,2,0,25.275,606.0500000000001,0
4587-NUKOX,Walnut,Female,No,No,No,3,Month-to-month,Electronic check,79.1,246.5,Yes,74,Attitude of support person,1,82.16666666666667,2,1,41.05,237.29999999999998,0
0420-BWTPW,Chula Vista,Male,No,No,No,8,Month-to-month,Mailed check,25.5,215.2,Yes,78,Attitude of support person,1,26.9,2,0,16.75,204,0
8183-ONMXC,Chula Vista,Female,No,No,No,2,Month-to-month,Electronic check,80.75,159.45,Yes,87,Attitude of support person,1,79.725,2,1,41.375,161.5,0
9614-RMGHA,Dulzura,Male,No,Yes,No,65,Month-to-month,Bank transfer (automatic),91.85,5940.85,Yes,82,Attitude of support person,1,91.39769230769231,2,0,78.425,5970.25,1
5054-IEXZT,Jacumba,Male,No,No,No,1,Month-to-month,Electronic check,75.35,75.35,Yes,90,Attitude of support person,1,75.35,2,1,38.175,75.35,0
5834-ASPWA,Jamul,Male,No,No,No,1,Month-to-month,Electronic check,75.45,75.45,Yes,74,Attitude of support person,1,75.45,2,1,38.225,75.45,0
3948-XHGNA,Bonsall,Male,No,No,No,24,Month-to-month,Bank transfer (automatic),49.55,1210.4,Yes,80,Attitude of support person,1,50.43333333333334,2,0,36.775,1189.1999999999998,0
0565-IYCGT,Cardiff By The Sea,Male,No,No,No,69,One year,Credit card (automatic),78.6,5356.45,Yes,93,Attitude of support person,1,77.62971014492753,1,0,73.8,5423.4,1
1024-VRZHF,Encinitas,Male,No,Yes,No,11,Month-to-month,Electronic check,74.95,825.7,Yes,70,Attitude of support person,1,75.06363636363636,2,1,42.975,824.45,0
9497-QCMMS,Escondido,Male,Yes,No,No,1,Month-to-month,Electronic check,93.55,93.55,Yes,81,Competitor made better offer,1,93.55,2,1,47.275,93.55,0
0348-SDKOL,La Jolla,Female,No,Yes,No,58,Month-to-month,Credit card (automatic),102.1,5885.4,Yes,96,Moved,1,101.47241379310344,2,0,80.05,5921.799999999999,1
3923-CSIHK,Herald,Female,Yes,Yes,No,50,Month-to-month,Electronic check,71.05,3444.85,Yes,94,Don't know,1,68.89699999999999,2,1,60.525,3552.5,1
4373-MAVJG,Oceanside,Female,No,Yes,No,14,Month-to-month,Bank transfer (automatic),90.9,1259,Yes,70,Moved,1,89.92857142857143,2,0,52.45,1272.6000000000001,0
8901-HJXTF,Oceanside,Female,No,Yes,No,12,Month-to-month,Mailed check,29.2,309.1,Yes,94,Moved,1,25.758333333333336,2,0,20.6,350.4,0
5419-KLXBN,Palomar Mountain,Female,No,Yes,No,25,Month-to-month,Bank transfer (automatic),89.15,2257.75,Yes,97,Competitor offered higher download speeds,1,90.31,2,0,57.075,2228.75,1
3424-NMNBO,Pauma Valley,Male,Yes,Yes,No,58,One year,Electronic check,108.85,6287.25,Yes,91,Competitor offered higher download speeds,1,108.40086206896552,1,1,83.425,6313.299999999999,1
4514-GFCFI,Ramona,Female,Yes,No,No,16,Month-to-month,Electronic check,84.75,1350.15,Yes,99,Competitor offered higher download speeds,1,84.384375,2,1,50.375,1356,0
9828-AOQLM,San Marcos,Female,No,Yes,No,1,Month-to-month,Electronic check,45.7,45.7,Yes,99,Competitor offered higher download speeds,1,45.7,2,1,23.35,45.7,0
8000-REIQB,Santee,Female,Yes,No,No,1,Month-to-month,Electronic check,69.95,69.95,Yes,94,Competitor offered higher download speeds,1,69.95,2,1,35.475,69.95,0
7615-ESMYF,Valley Center,Female,No,Yes,No,2,Month-to-month,Electronic check,44.6,97.1,Yes,70,Competitor offered higher download speeds,1,48.55,2,1,23.3,89.2,0
3858-VOBET,Vista,Male,No,No,No,23,Month-to-month,Electronic check,74.95,1710.45,Yes,89,Competitor offered higher download speeds,1,74.36739130434783,2,1,48.975,1723.8500000000001,0
1447-PJGGA,San Diego,Female,No,No,No,57,Two year,Electronic check,95.25,5464.65,Yes,93,Competitor offered higher download speeds,1,95.87105263157895,0,1,76.125,5429.25,1
8565-CLBZW,San Diego,Male,No,No,No,24,Month-to-month,Mailed check,89.85,2165.05,Yes,95,Competitor offered higher download speeds,1,90.21041666666667,2,0,56.925,2156.3999999999996,1
9139-WQQDY,San Diego,Female,No,Yes,No,49,One year,Mailed check,100.45,4941.8,Yes,90,Competitor offered higher download speeds,1,100.8530612244898,1,0,74.725,4922.05,1
0224-HJAPT,San Diego,Male,No,No,No,5,Month-to-month,Electronic check,47.15,223.15,Yes,82,Competitor offered higher download speeds,1,44.63,2,1,26.075,235.75,0
8086-OVPWV,San Diego,Male,No,No,No,2,Month-to-month,Electronic check,80.2,181.1,Yes,99,Competitor offered higher download speeds,1,90.55,2,1,41.1,160.4,0
9430-FRQOC,San Diego,Female,No,No,No,4,Month-to-month,Mailed check,87.1,341.45,Yes,80,Competitor offered higher download speeds,1,85.3625,2,0,45.55,348.4,0
3074-GQWYX,San Diego,Male,No,No,No,5,Month-to-month,Bank transfer (automatic),75.9,357.75,Yes,87,Competitor offered higher download speeds,1,71.55,2,0,40.45,379.5,0
6845-RGTYS,San Diego,Female,No,Yes,No,47,Month-to-month,Electronic check,98.75,4533.7,Yes,80,Product dissatisfaction,1,96.46170212765956,2,1,72.875,4641.25,1
8861-HGGKB,San Diego,Female,No,No,No,10,Month-to-month,Electronic check,86.45,830.85,Yes,80,Product dissatisfaction,1,83.08500000000001,2,1,48.225,864.5,0
7065-YUNRY,San Diego,Female,No,No,No,1,Month-to-month,Mailed check,45.3,45.3,Yes,69,Product dissatisfaction,1,45.3,2,0,23.15,45.3,0
7694-VLBWQ,Coronado,Male,No,Yes,No,67,One year,Electronic check,104.1,7040.85,Yes,74,Product dissatisfaction,1,105.08731343283583,1,1,85.55,6974.7,1
4795-KTRTH,San Diego,Female,Yes,Yes,No,5,Month-to-month,Electronic check,81,371.65,Yes,99,Product dissatisfaction,1,74.33,2,1,43,405,0
6481-OGDOO,San Diego,Male,No,Yes,No,67,One year,Credit card (automatic),90.6,6056.15,Yes,73,Product dissatisfaction,1,90.39029850746267,1,0,78.8,6070.2,1
3753-TSEMP,San Diego,Female,No,Yes,No,15,Month-to-month,Electronic check,88.15,1390.6,Yes,79,Product dissatisfaction,1,92.70666666666666,2,1,51.575,1322.25,0
8305-VHZBZ,San Diego,Male,No,No,No,1,Month-to-month,Mailed check,20.2,20.2,Yes,92,Product dissatisfaction,1,20.2,2,0,10.6,20.2,0
9172-JITSM,Palm Desert,Female,No,Yes,No,26,Month-to-month,Electronic check,90.8,2361.8,Yes,75,Don't know,1,90.83846153846154,2,1,58.4,2360.7999999999997,1
6298-QDFNH,Banning,Male,No,No,No,22,Month-to-month,Electronic check,79.35,1730.35,Yes,68,Product dissatisfaction,1,78.65227272727272,2,1,50.675,1745.6999999999998,0
9961-JBNMK,Desert Center,Male,Yes,No,No,21,Month-to-month,Bank transfer (automatic),96.8,2030.3,Yes,87,Product dissatisfaction,1,96.68095238095238,2,0,58.9,2032.8,1
6173-ITPWD,Heber,Male,No,Yes,No,47,Month-to-month,Bank transfer (automatic),83.35,4065,Yes,98,Product dissatisfaction,1,86.48936170212765,2,0,65.175,3917.45,1
9734-UYXQI,Holtville,Female,No,No,No,2,Month-to-month,Electronic check,49.4,106.55,Yes,97,Product dissatisfaction,1,53.275,2,1,25.7,98.8,0
2189-UXTKY,La Quinta,Female,No,Yes,No,22,Month-to-month,Electronic check,79.2,1742.75,Yes,91,Product dissatisfaction,1,79.2159090909091,2,1,50.6,1742.4,0
4958-GZWIY,North Palm Springs,Male,No,Yes,No,7,Month-to-month,Electronic check,48.7,340.25,Yes,98,Don't know,1,48.607142857142854,2,1,27.85,340.90000000000003,0
6356-ELRKD,Rancho Mirage,Female,No,No,No,1,Month-to-month,Electronic check,95.6,95.6,Yes,79,Don't know,1,95.6,2,1,48.3,95.6,0
8624-GIOUT,Seeley,Female,No,No,No,49,Month-to-month,Credit card (automatic),59.75,2934.3,Yes,78,Don't know,1,59.88367346938776,2,0,54.375,2927.75,1
6179-GJPSO,Twentynine Palms,Female,Yes,No,No,43,Month-to-month,Credit card (automatic),108.15,4600.7,Yes,86,Poor expertise of online support,1,106.99302325581395,2,0,75.575,4650.45,1
3177-LASXD,Westmorland,Female,No,No,No,1,Month-to-month,Electronic check,71.35,71.35,Yes,77,Poor expertise of phone support,1,71.35,2,1,36.175,71.35,0
4897-QSUYC,Amboy,Female,No,No,No,1,Month-to-month,Mailed check,20.15,20.15,Yes,86,Attitude of support person,1,20.15,2,0,10.575,20.15,0
1084-UQCHV,Angelus Oaks,Male,No,No,No,1,Month-to-month,Bank transfer (automatic),69.75,69.75,Yes,66,Attitude of support person,1,69.75,2,0,35.375,69.75,0
8290-YWKHZ,Apple Valley,Female,Yes,Yes,No,32,Month-to-month,Electronic check,93.2,2931,Yes,90,Attitude of service provider,1,91.59375,2,1,62.6,2982.4,1
2955-BJZHG,Apple Valley,Male,No,Yes,No,17,Month-to-month,Electronic check,80.85,1400.85,Yes,77,Attitude of service provider,1,82.40294117647058,2,1,48.925,1374.4499999999998,0
3806-DXQOM,Baker,Female,No,No,No,4,Month-to-month,Electronic check,33.65,137.85,Yes,95,Attitude of service provider,1,34.4625,2,1,18.825,134.6,0
9300-RENDD,Cedar Glen,Male,No,No,No,1,Month-to-month,Electronic check,79.95,79.95,Yes,99,Attitude of support person,1,79.95,2,1,40.475,79.95,0
0761-AETCS,Colton,Female,No,No,No,1,Month-to-month,Electronic check,19.3,19.3,Yes,92,Attitude of support person,1,19.3,2,1,10.15,19.3,0
2153-MREFK,Fawnskin,Female,No,Yes,No,37,One year,Electronic check,99.2,3754.6,Yes,79,Attitude of support person,1,101.47567567567567,1,1,68.1,3670.4,1
3106-ULWFW,Fontana,Female,No,Yes,No,8,Month-to-month,Credit card (automatic),85.2,627.4,Yes,95,Attitude of service provider,1,78.425,2,0,46.6,681.6,0
0925-VYDLG,Ludlow,Female,No,No,No,3,Month-to-month,Electronic check,75.25,242,Yes,83,Attitude of service provider,1,80.66666666666667,2,1,39.125,225.75,0
4349-GFQHK,Mentone,Male,No,No,No,1,Month-to-month,Electronic check,54.35,54.35,Yes,87,Attitude of service provider,1,54.35,2,1,27.675,54.35,0
7802-EFKNY,Redlands,Male,No,Yes,No,5,Month-to-month,Electronic check,24.95,100.4,Yes,79,Attitude of support person,1,20.080000000000002,2,1,14.975,124.75,0
8035-BUYVG,Running Springs,Male,No,Yes,No,40,One year,Electronic check,42.35,1716.45,Yes,67,Attitude of support person,1,42.91125,1,1,41.175,1694,0
9787-XVQIU,Sugarloaf,Male,No,No,No,1,Month-to-month,Electronic check,75.3,75.3,Yes,100,Attitude of support person,1,75.3,2,1,38.15,75.3,0
8945-MUQUF,Tecopa,Male,No,No,No,51,One year,Electronic check,94.8,4837.6,Yes,94,Attitude of service provider,1,94.85490196078432,1,1,72.9,4834.8,1
8051-HJRLT,Wrightwood,Female,Yes,No,No,1,Month-to-month,Electronic check,70.55,70.55,Yes,82,Attitude of service provider,1,70.55,2,1,35.775,70.55,0
3023-GFLBR,San Bernardino,Female,No,Yes,No,33,Month-to-month,Credit card (automatic),86.15,2745.7,Yes,66,Attitude of service provider,1,83.2030303030303,2,0,59.575,2842.9500000000003,1
2737-YNGYW,Hemet,Female,No,No,No,2,Month-to-month,Electronic check,80.55,184.1,Yes,69,Attitude of support person,1,92.05,2,1,41.275,161.1,0
5159-YFPKQ,Moreno Valley,Female,No,No,No,2,Month-to-month,Electronic check,75.8,160.75,Yes,98,Attitude of support person,1,80.375,2,1,38.9,151.6,0
4021-RQSNY,Moreno Valley,Male,Yes,Yes,No,29,Month-to-month,Electronic check,98.5,3004.15,Yes,72,Attitude of service provider,1,103.59137931034483,2,1,63.75,2856.5,1
9061-TIHDA,Murrieta,Male,Yes,Yes,No,13,Month-to-month,Electronic check,95.25,1233.65,Yes,97,Attitude of service provider,1,94.89615384615385,2,1,54.125,1238.25,0
8433-WXGNA,Salinas,Male,No,No,No,2,Month-to-month,Electronic check,75.7,189.2,Yes,82,Don't know,1,94.6,2,1,38.85,151.4,0
8699-ASUFO,Nuevo,Male,Yes,Yes,No,7,Month-to-month,Mailed check,74.4,527.9,Yes,96,Attitude of service provider,1,75.41428571428571,2,0,40.7,520.8000000000001,0
4695-WJZUE,Irvine,Female,Yes,No,No,2,Month-to-month,Electronic check,88.55,179.25,Yes,80,Attitude of support person,1,89.625,2,1,45.275,177.1,0
7619-ODSGN,Foothill Ranch,Male,No,Yes,Yes,24,Month-to-month,Electronic check,54.75,1338.15,Yes,97,Attitude of support person,1,55.75625,2,1,39.375,1314,0
3988-RQIXO,Corona Del Mar,Female,Yes,No,No,1,Month-to-month,Electronic check,91.3,91.3,Yes,71,Attitude of service provider,1,91.3,2,1,46.15,91.3,0
2514-GINMM,Dana Point,Male,No,No,No,1,Month-to-month,Electronic check,79.5,79.5,Yes,92,Attitude of service provider,1,79.5,2,1,40.25,79.5,0
5931-FLJJF,Midway City,Male,Yes,Yes,No,7,Month-to-month,Mailed check,70.1,467.55,Yes,83,Attitude of service provider,1,66.79285714285714,2,0,38.55,490.69999999999993,0
2659-VXMWZ,Newport Coast,Male,No,Yes,No,67,One year,Electronic check,111.3,7482.1,Yes,85,Attitude of support person,1,111.67313432835822,1,1,89.15,7457.099999999999,1
3207-OYBWH,Newport Beach,Male,Yes,Yes,No,57,Month-to-month,Bank transfer (automatic),95.25,5427.05,Yes,86,Attitude of support person,1,95.21140350877194,2,0,76.125,5429.25,1
4285-GYRQC,Newport Beach,Female,No,Yes,No,7,Month-to-month,Electronic check,86.25,587.1,Yes,89,Attitude of support person,1,83.87142857142858,2,1,46.625,603.75,0
7216-EWTRS,Newport Beach,Female,Yes,Yes,No,1,Month-to-month,Electronic check,100.8,100.8,Yes,65,Attitude of service provider,1,100.8,2,1,50.9,100.8,0
8337-MSSXB,Trabuco Canyon,Female,No,No,No,14,Month-to-month,Electronic check,86.3,1180.95,Yes,74,Attitude of service provider,1,84.35357142857143,2,1,50.15,1208.2,0
5698-BQJOH,Beverly Hills,Female,No,No,Yes,9,Month-to-month,Electronic check,94.4,857.25,Yes,96,Price too high,1,95.25,2,1,51.7,849.6,0
8182-BJDSI,Santa Ana,Female,No,No,No,28,Month-to-month,Electronic check,89.95,2625.55,Yes,90,Attitude of service provider,1,93.76964285714287,2,1,58.975,2518.6,1
2528-HFYZX,Santa Ana,Male,Yes,Yes,No,17,Month-to-month,Electronic check,76.45,1233.4,Yes,92,Attitude of support person,1,72.5529411764706,2,1,46.725,1299.65,0
2482-CZGBB,Anaheim,Male,No,No,No,10,Month-to-month,Electronic check,70,740,Yes,67,Attitude of support person,1,74,2,1,40,700,0
0866-QLSIR,Garden Grove,Female,No,No,No,34,One year,Mailed check,64.4,2088.75,Yes,75,Attitude of support person,1,61.43382352941177,1,0,49.2,2189.6000000000004,1
7181-BQYBV,Garden Grove,Female,No,Yes,No,1,Month-to-month,Electronic check,102.45,102.45,Yes,85,Attitude of service provider,1,102.45,2,1,51.725,102.45,0
6204-IEUXJ,Yorba Linda,Female,No,No,No,3,Month-to-month,Credit card (automatic),80.1,217.55,Yes,65,Attitude of service provider,1,72.51666666666667,2,0,41.55,240.29999999999998,0
0742-MOABM,Panorama City,Male,No,Yes,No,4,Month-to-month,Mailed check,50.05,179.35,Yes,82,Don't know,1,44.8375,2,0,27.025,200.2,0
4529-CKBCL,Ventura,Female,No,No,No,2,Month-to-month,Electronic check,80.2,146.05,Yes,85,Attitude of service provider,1,73.025,2,1,41.1,160.4,0
2506-CLAKW,Ventura,Female,No,No,No,6,Month-to-month,Bank transfer (automatic),98.15,567.45,Yes,80,Attitude of support person,1,94.575,2,0,52.075,588.9000000000001,0
1583-IHQZE,Camarillo,Male,No,No,No,12,Month-to-month,Mailed check,112.95,1384.75,Yes,97,Attitude of support person,1,115.39583333333333,2,0,62.475,1355.4,0
0151-ONTOV,Moorpark,Female,No,No,No,1,Month-to-month,Mailed check,70.9,70.9,Yes,78,Attitude of support person,1,70.9,2,0,35.95,70.9,0
4140-MUHUG,Oak View,Female,Yes,No,No,3,Month-to-month,Electronic check,86.85,220.95,Yes,70,Attitude of service provider,1,73.64999999999999,2,1,44.925,260.54999999999995,0
0320-JDNQG,Oxnard,Male,No,Yes,No,23,Month-to-month,Electronic check,99.85,2331.3,Yes,83,Don't know,1,101.3608695652174,2,1,61.425,2296.5499999999997,1
7180-PISOG,Piru,Male,No,Yes,No,1,Month-to-month,Electronic check,74.5,74.5,Yes,75,Attitude of service provider,1,74.5,2,1,37.75,74.5,0
3571-RFHAR,Santa Paula,Male,No,No,No,65,Month-to-month,Electronic check,109.15,6941.2,Yes,99,Attitude of support person,1,106.78769230769231,2,1,87.075,7094.75,1
9578-VRMNM,Summerland,Female,No,No,No,16,Month-to-month,Credit card (automatic),65.2,1043.35,Yes,73,Attitude of support person,1,65.209375,2,0,40.6,1043.2,0
1587-FKLZB,Santa Barbara,Male,Yes,Yes,No,66,Month-to-month,Credit card (automatic),99.5,6822.15,Yes,96,Attitude of support person,1,103.36590909090908,2,0,82.75,6567,1
6140-QNRQQ,Santa Barbara,Male,No,No,No,1,Month-to-month,Mailed check,71.55,71.55,Yes,98,Attitude of service provider,1,71.55,2,0,36.275,71.55,0
4307-KTUMW,Santa Barbara,Male,No,Yes,No,53,Month-to-month,Electronic check,93.9,5029.2,Yes,68,Attitude of service provider,1,94.89056603773585,2,1,73.45,4976.700000000001,1
5440-FLBQG,Santa Barbara,Male,Yes,Yes,No,69,Two year,Bank transfer (automatic),108.4,7318.2,Yes,73,Attitude of service provider,1,106.06086956521739,0,0,88.7,7479.6,1
7470-MCQTK,Alpaugh,Female,No,Yes,No,13,Month-to-month,Bank transfer (automatic),48.75,633.4,Yes,86,Attitude of support person,1,48.723076923076924,2,0,30.875,633.75,0
7488-MXJIV,Armona,Female,No,No,No,4,Month-to-month,Electronic check,85.65,321.65,Yes,96,Attitude of support person,1,80.4125,2,1,44.825,342.6,0
2027-FECZV,Bodfish,Male,No,No,No,12,Month-to-month,Electronic check,106.7,1253.9,Yes,92,Attitude of support person,1,104.49166666666667,2,1,59.35,1280.4,0
2672-DZUOY,Buttonwillow,Male,No,No,No,1,Month-to-month,Electronic check,25.15,25.15,Yes,99,Attitude of service provider,1,25.15,2,1,13.075,25.15,0
3870-MQAMG,Camp Nelson,Female,No,Yes,No,54,One year,Electronic check,110.35,5893.15,Yes,90,Attitude of service provider,1,109.1324074074074,1,1,82.175,5958.9,1
4800-CZMPC,Delano,Female,No,Yes,No,48,One year,Credit card (automatic),103.25,5037.55,Yes,71,Attitude of service provider,1,104.94895833333334,1,0,75.625,4956,1
7377-DMMRI,Exeter,Male,No,No,No,2,Month-to-month,Electronic check,47.8,92.45,Yes,89,Attitude of support person,1,46.225,2,1,24.9,95.6,0
8949-JTMAY,Mc Kittrick,Female,No,No,No,29,Month-to-month,Credit card (automatic),98.6,2933.2,Yes,72,Attitude of support person,1,101.14482758620689,2,0,63.8,2859.3999999999996,1
2774-LVQUS,Maricopa,Female,Yes,Yes,No,15,Month-to-month,Electronic check,83.05,1258.3,Yes,70,Attitude of support person,1,83.88666666666667,2,1,49.025,1245.75,0
3211-ILJTT,Taft,Male,No,Yes,No,17,Month-to-month,Bank transfer (automatic),70.4,1214.05,Yes,67,Attitude of service provider,1,71.41470588235293,2,0,43.7,1196.8000000000002,0
4612-THJBS,Terra Bella,Female,Yes,No,No,56,One year,Bank transfer (automatic),104.75,5510.65,Yes,93,Attitude of service provider,1,98.40446428571428,1,0,80.375,5866,1
4094-NSEDU,Tipton,Female,Yes,No,No,21,Month-to-month,Electronic check,94.25,1973.75,Yes,73,Attitude of service provider,1,93.98809523809524,2,1,57.625,1979.25,0
5103-MHMHY,Los Osos,Female,No,No,Yes,1,Month-to-month,Mailed check,45.95,45.95,Yes,82,Attitude of support person,1,45.95,2,0,23.475,45.95,0
1846-XWOQN,Bradley,Female,Yes,No,No,1,Month-to-month,Electronic check,70.15,70.15,Yes,71,Competitor made better offer,1,70.15,2,1,35.575,70.15,0
0235-KGSLC,Buellton,Female,No,No,No,1,Month-to-month,Credit card (automatic),85.55,85.55,Yes,86,Moved,1,85.55,2,0,43.275,85.55,0
2884-GBPFB,Morro Bay,Female,No,Yes,No,35,Month-to-month,Electronic check,70.3,2416.55,Yes,79,Moved,1,69.04428571428572,2,1,52.65,2460.5,1
3757-NJYBX,Nipomo,Male,Yes,Yes,No,32,Month-to-month,Bank transfer (automatic),106.35,3520.75,Yes,65,Moved,1,110.0234375,2,0,69.175,3403.2,1
5136-KCKGI,Templeton,Female,No,Yes,No,33,One year,Mailed check,103.7,3467,Yes,76,Competitor had better devices,1,105.06060606060606,1,0,68.35,3422.1,1
3722-WPXTK,Benton,Male,No,No,No,1,Month-to-month,Electronic check,88.35,88.35,Yes,72,Competitor offered higher download speeds,1,88.35,2,1,44.675,88.35,0
2929-ERCFZ,Independence,Female,No,Yes,No,8,Month-to-month,Electronic check,94.2,777.3,Yes,80,Competitor offered more data,1,97.1625,2,1,51.1,753.6,0
7548-SEPYI,Inyokern,Female,No,No,No,5,Month-to-month,Electronic check,96.25,512.45,Yes,74,Competitor made better offer,1,102.49000000000001,2,1,50.625,481.25,0
8835-VSDSE,Johannesburg,Female,No,Yes,No,2,Month-to-month,Electronic check,70.7,141.45,Yes,86,Competitor had better devices,1,70.725,2,1,36.35,141.4,0
1623-NLDOT,Lancaster,Female,No,Yes,No,42,One year,Mailed check,33.55,1445.3,Yes,82,Competitor had better devices,1,34.41190476190476,1,0,37.775,1409.1,0
9898-KZQDZ,Lee Vining,Female,Yes,Yes,No,40,Month-to-month,Credit card (automatic),94.55,3640.45,Yes,95,Competitor offered higher download speeds,1,91.01124999999999,2,0,67.275,3782,1
5236-PERKL,Pearblossom,Female,No,No,No,57,Two year,Bank transfer (automatic),112.95,6465,Yes,89,Competitor offered higher download speeds,1,113.42105263157895,0,0,84.975,6438.150000000001,1
7854-FOKSF,Rosamond,Male,No,No,No,1,Month-to-month,Electronic check,35.9,35.9,Yes,93,Competitor offered higher download speeds,1,35.9,2,1,18.45,35.9,0
2519-FAKOD,Tehachapi,Male,No,No,No,38,Month-to-month,Bank transfer (automatic),99.25,3777.15,Yes,76,Competitor offered more data,1,99.39868421052631,2,0,68.625,3771.5,1
8263-JQAIK,Palmdale,Male,Yes,No,No,2,Month-to-month,Mailed check,24.45,47.5,Yes,77,Competitor offered more data,1,23.75,2,0,13.225,48.9,0
7089-IVVAZ,Cantua Creek,Female,No,No,No,8,Month-to-month,Bank transfer (automatic),103.35,847.3,Yes,71,Competitor offered more data,1,105.9125,2,0,55.675,826.8,0
2205-YMZZJ,Clovis,Male,Yes,No,No,7,Month-to-month,Electronic check,84.8,546.95,Yes,70,Competitor made better offer,1,78.13571428571429,2,1,45.9,593.6,0
1254-IZEYF,Cutler,Female,Yes,No,No,31,Month-to-month,Electronic check,99.95,3186.65,Yes,96,Competitor made better offer,1,102.79516129032258,2,1,65.475,3098.4500000000003,1
9492-TOKRI,Dinuba,Female,No,No,No,18,Month-to-month,Credit card (automatic),90,1527.35,Yes,97,Price too high,1,84.85277777777777,2,0,54,1620,0
9221-OTIVJ,Dunlap,Female,Yes,No,No,14,Month-to-month,Electronic check,104.85,1531.4,Yes,86,Product dissatisfaction,1,109.38571428571429,2,1,59.425,1467.8999999999999,0
3325-FUYCG,Five Points,Male,No,Yes,No,28,One year,Electronic check,106.1,2847.4,Yes,85,Service dissatisfaction,1,101.69285714285715,1,1,67.05,2970.7999999999997,1
5908-QMGOE,Fowler,Male,Yes,No,No,15,Month-to-month,Credit card (automatic),74.2,1133.9,Yes,80,Lack of self-service on Website,1,75.59333333333333,2,0,44.6,1113,0
8481-YYXWG,Hume,Female,No,No,No,5,Month-to-month,Electronic check,89.35,461.7,Yes,70,Network reliability,1,92.34,2,1,47.175,446.75,0
2609-IAICY,North Fork,Female,No,No,No,1,Month-to-month,Electronic check,77.15,77.15,Yes,79,Limited range of services,1,77.15,2,1,39.075,77.15,0
1740-CSDJP,Oakhurst,Male,No,No,No,1,Month-to-month,Bank transfer (automatic),35.25,35.25,Yes,88,Lack of affordable download/upload speed,1,35.25,2,0,18.125,35.25,0
2636-OHFMN,Orosi,Male,No,Yes,No,4,Month-to-month,Electronic check,48.55,201,Yes,97,Long distance charges,1,50.25,2,1,26.275,194.2,0
1323-OOEPC,Prather,Female,No,Yes,No,53,Month-to-month,Credit card (automatic),98.4,5149.5,Yes,87,Extra data charges,1,97.16037735849056,2,0,75.7,5215.200000000001,1
0397-GZBBC,South Dos Palos,Male,Yes,Yes,No,59,Month-to-month,Bank transfer (automatic),93.85,5574.75,Yes,85,Price too high,1,94.48728813559322,2,0,76.425,5537.15,1
7641-EUYET,Tranquillity,Male,Yes,Yes,No,46,Month-to-month,Electronic check,100.7,4541.2,Yes,72,Product dissatisfaction,1,98.72173913043478,2,1,73.35,4632.2,1
9921-ZVRHG,Traver,Female,No,No,No,14,Month-to-month,Electronic check,80.45,1072,Yes,94,Service dissatisfaction,1,76.57142857142857,2,1,47.225,1126.3,0
4701-MLJPN,Fresno,Male,No,No,No,31,Month-to-month,Electronic check,55.25,1715.65,Yes,78,Lack of self-service on Website,1,55.343548387096774,2,1,43.125,1712.75,0
9206-GVPEQ,Fresno,Male,No,Yes,No,13,Month-to-month,Electronic check,54.45,706.85,Yes,88,Network reliability,1,54.37307692307692,2,1,33.725,707.85,0
1596-BBVTG,Fresno,Male,No,No,No,35,Month-to-month,Credit card (automatic),75.35,2636.05,Yes,79,Don't know,1,75.3157142857143,2,0,55.175,2637.25,1
3707-GNWHM,Carmel Valley,Male,No,No,No,1,Month-to-month,Mailed check,74.25,74.25,Yes,93,Don't know,1,74.25,2,0,37.625,74.25,0
8922-LIEGH,Jolon,Female,Yes,No,No,25,Month-to-month,Electronic check,89.7,2187.55,Yes,82,Poor expertise of online support,1,87.50200000000001,2,1,57.35,2242.5,1
8245-UMPYT,Lockwood,Female,Yes,No,No,16,Month-to-month,Electronic check,96.4,1581.2,Yes,80,Poor expertise of phone support,1,98.825,2,1,56.2,1542.4,0
5186-SAMNZ,Marina,Male,Yes,No,No,1,Month-to-month,Bank transfer (automatic),69.5,69.5,Yes,77,Price too high,1,69.5,2,0,35.25,69.5,0
5373-SFODM,San Lucas,Male,Yes,Yes,No,36,Month-to-month,Credit card (automatic),85.25,3132.75,Yes,82,Product dissatisfaction,1,87.02083333333333,2,0,60.625,3069,1
5766-ZJYBB,Brisbane,Male,No,No,No,1,Month-to-month,Mailed check,19.4,19.4,Yes,66,Service dissatisfaction,1,19.4,2,0,10.2,19.4,0
8931-GJJIQ,Burlingame,Female,No,No,No,9,Month-to-month,Electronic check,83.3,803.3,Yes,97,Lack of self-service on Website,1,89.25555555555555,2,1,46.15,749.6999999999999,0
4277-PVRAN,Daly City,Female,No,No,No,8,Month-to-month,Bank transfer (automatic),80.1,679.3,Yes,67,Network reliability,1,84.9125,2,0,44.05,640.8,0
0022-TCJCI,Daly City,Male,Yes,No,No,45,One year,Credit card (automatic),62.7,2791.5,Yes,92,Limited range of services,1,62.03333333333333,1,0,53.85,2821.5,1
0203-HHYIJ,Atherton,Male,No,No,No,25,One year,Bank transfer (automatic),25.3,676.35,Yes,79,Lack of affordable download/upload speed,1,27.054000000000002,1,0,25.15,632.5,0
0952-KMEEH,Mountain View,Male,No,No,No,13,Month-to-month,Mailed check,98.15,1230.25,Yes,98,Long distance charges,1,94.63461538461539,2,0,55.575,1275.95,0
8178-EYZUO,San Francisco,Male,No,No,No,46,Month-to-month,Electronic check,93.7,4154.8,Yes,70,Extra data charges,1,90.32173913043479,2,1,69.85,4310.2,1
5130-IEKQT,San Francisco,Male,Yes,No,No,25,Month-to-month,Mailed check,105.95,2655.25,Yes,100,Price too high,1,106.21,2,0,65.475,2648.75,1
3230-WYKIR,San Francisco,Male,No,No,No,18,One year,Credit card (automatic),82,1425.45,Yes,79,Product dissatisfaction,1,79.19166666666666,1,0,50,1476,0
0407-BDJKB,San Francisco,Male,No,Yes,No,60,Month-to-month,Electronic check,95.75,5742.9,Yes,88,Service dissatisfaction,1,95.71499999999999,2,1,77.875,5745,1
2433-KMEAS,Dublin,Male,No,No,No,22,Month-to-month,Electronic check,54.45,1127.35,Yes,71,Don't know,1,51.24318181818182,2,1,38.225,1197.9,0
9600-UDOPK,San Francisco,Male,No,Yes,No,30,Month-to-month,Credit card (automatic),94.05,2866.45,Yes,68,Lack of self-service on Website,1,95.54833333333333,2,0,62.025,2821.5,1
4074-SJFFA,San Francisco,Female,No,No,No,1,Month-to-month,Mailed check,54.75,54.75,Yes,83,Network reliability,1,54.75,2,0,27.875,54.75,0
3269-ATYWD,San Francisco,Male,Yes,No,No,39,Month-to-month,Bank transfer (automatic),95.65,3759.05,Yes,65,Don't know,1,96.38589743589743,2,0,67.325,3730.3500000000004,1
4910-GMJOT,San Francisco,Female,No,No,No,1,Month-to-month,Electronic check,94.6,94.6,Yes,96,Don't know,1,94.6,2,1,47.8,94.6,0
0354-WYROK,San Francisco,Female,Yes,Yes,No,31,Month-to-month,Electronic check,98.9,2911.3,Yes,98,Don't know,1,93.91290322580646,2,1,64.95,3065.9,1
7576-OYWBN,San Mateo,Male,Yes,No,No,3,Month-to-month,Electronic check,76.05,231.8,Yes,67,Price too high,1,77.26666666666667,2,1,39.525,228.14999999999998,0
5539-TMZLF,Concord,Male,Yes,No,No,1,Month-to-month,Electronic check,69.75,69.75,Yes,69,Product dissatisfaction,1,69.75,2,1,35.375,69.75,0
4323-SADQS,Concord,Male,No,Yes,Yes,7,Month-to-month,Electronic check,34.5,279.25,Yes,93,Service dissatisfaction,1,39.892857142857146,2,1,20.75,241.5,0
4446-BZKHU,Pleasant Hill,Male,No,Yes,No,61,Month-to-month,Electronic check,105.55,6281.45,Yes,86,Lack of self-service on Website,1,102.97459016393442,2,1,83.275,6438.55,1
5202-IVJNU,Crockett,Female,No,No,Yes,39,Month-to-month,Credit card (automatic),30.1,1131.3,Yes,72,Network reliability,1,29.007692307692306,2,0,34.55,1173.9,0
5976-JCJRH,Danville,Male,No,Yes,No,10,Month-to-month,Electronic check,70.3,738.2,Yes,94,Limited range of services,1,73.82000000000001,2,1,40.15,703,0
0137-OCGAB,Fairfield,Female,No,No,No,1,Month-to-month,Mailed check,80.2,80.2,Yes,90,Lack of affordable download/upload speed,1,80.2,2,0,40.6,80.2,0
3351-NQLDI,Travis Afb,Female,No,Yes,No,67,One year,Credit card (automatic),94.35,6341.45,Yes,99,Long distance charges,1,94.64850746268657,1,0,80.675,6321.45,1
7593-JNWRU,Fremont,Male,No,Yes,Yes,6,Month-to-month,Bank transfer (automatic),44.6,260.8,Yes,90,Extra data charges,1,43.46666666666667,2,0,25.3,267.6,0
4588-YBNIB,Fremont,Female,No,No,No,1,Month-to-month,Mailed check,19.6,19.6,Yes,91,Price too high,1,19.6,2,0,10.3,19.6,0
3336-JORSO,Hayward,Female,Yes,No,No,33,Month-to-month,Electronic check,110.45,3655.45,Yes,80,Product dissatisfaction,1,110.77121212121212,2,1,71.725,3644.85,1
5028-GZLDO,Moraga,Male,No,No,No,2,Month-to-month,Credit card (automatic),70.7,140.7,Yes,96,Service dissatisfaction,1,70.35,2,0,36.35,141.4,0
6861-XWTWQ,Napa,Male,Yes,Yes,No,7,Month-to-month,Electronic check,99.25,665.45,Yes,90,Lack of self-service on Website,1,95.06428571428572,2,1,53.125,694.75,0
6877-TJMBR,Orinda,Male,No,Yes,No,1,Month-to-month,Electronic check,84.8,84.8,Yes,80,Network reliability,1,84.8,2,1,42.9,84.8,0
6769-DCQLI,Pope Valley,Male,No,No,No,52,One year,Bank transfer (automatic),105,5426.85,Yes,85,Don't know,1,104.36250000000001,1,0,78.5,5460,1
2195-ZRVAX,Rodeo,Female,No,Yes,No,47,Month-to-month,Electronic check,85.3,4045.65,Yes,97,Don't know,1,86.07765957446809,2,1,66.15,4009.1,1
3550-SAHFP,Saint Helena,Female,No,No,No,33,Month-to-month,Electronic check,83.35,2757.85,Yes,66,Price too high,1,83.57121212121211,2,1,58.175,2750.5499999999997,1
2011-TRQYE,Deer Park,Male,No,No,No,18,Month-to-month,Credit card (automatic),33.5,600,Yes,82,Product dissatisfaction,1,33.333333333333336,2,0,25.75,603,0
4873-ILOLJ,Sunol,Male,No,No,No,24,Month-to-month,Electronic check,90.35,2238.5,Yes,67,Service dissatisfaction,1,93.27083333333333,2,1,57.175,2168.3999999999996,1
2725-KXXWT,Vallejo,Male,No,Yes,No,1,Month-to-month,Electronic check,90.75,90.75,Yes,86,Lack of self-service on Website,1,90.75,2,1,45.875,90.75,0
9565-DJPIB,Vallejo,Female,No,No,No,4,Month-to-month,Mailed check,89.6,365.65,Yes,87,Network reliability,1,91.4125,2,0,46.8,358.4,0
8348-HFYIV,Oakland,Male,No,No,No,2,Month-to-month,Electronic check,49.25,90.35,Yes,90,Limited range of services,1,45.175,2,1,25.625,98.5,0
6849-WLEYG,Emeryville,Male,No,No,Yes,1,Month-to-month,Mailed check,19.75,19.75,Yes,92,Lack of affordable download/upload speed,1,19.75,2,0,10.375,19.75,0
4659-NZRUF,Oakland,Female,No,No,No,19,Month-to-month,Electronic check,95.15,1789.25,Yes,78,Long distance charges,1,94.17105263157895,2,1,57.075,1807.8500000000001,0
8429-XIBUM,Oakland,Male,No,No,No,22,Month-to-month,Bank transfer (automatic),101.35,2317.1,Yes,77,Extra data charges,1,105.32272727272726,2,0,61.675,2229.7,1
2608-BHKFN,Berkeley,Female,No,No,No,4,Month-to-month,Credit card (automatic),70.05,266.9,Yes,89,Price too high,1,66.725,2,0,37.025,280.2,0
7341-LXCAF,Berkeley,Male,No,Yes,No,4,Month-to-month,Electronic check,74.65,301.4,Yes,87,Product dissatisfaction,1,75.35,2,1,39.325,298.6,0
9462-MJUAW,Berkeley,Male,No,No,No,4,Month-to-month,Mailed check,50.4,206.6,Yes,92,Service dissatisfaction,1,51.65,2,0,27.2,201.6,0
8128-YVJRG,Berkeley,Female,No,No,No,7,Month-to-month,Mailed check,79.65,604.7,Yes,81,Lack of self-service on Website,1,86.38571428571429,2,0,43.325,557.5500000000001,0
4283-FUTGF,El Sobrante,Male,Yes,No,No,19,Month-to-month,Electronic check,79.85,1471.75,Yes,65,Network reliability,1,77.46052631578948,2,1,49.425,1517.1499999999999,0
1569-TTNYJ,Richmond,Male,No,Yes,No,5,Month-to-month,Electronic check,78.75,412.1,Yes,72,Don't know,1,82.42,2,1,41.875,393.75,0
2397-BRLOM,San Rafael,Male,Yes,Yes,No,8,Month-to-month,Credit card (automatic),80.45,583.45,Yes,100,Don't know,1,72.93125,2,0,44.225,643.6,0
0431-APWVY,Novato,Female,No,Yes,No,28,One year,Bank transfer (automatic),90.1,2598.95,Yes,99,Don't know,1,92.81964285714285,1,0,59.05,2522.7999999999997,1
4749-VFKVB,Inverness,Female,No,No,No,1,Month-to-month,Mailed check,50.1,50.1,Yes,90,Don't know,1,50.1,2,0,25.55,50.1,0
7598-UAASY,Marshall,Male,No,Yes,No,2,Month-to-month,Electronic check,76.4,151.8,Yes,71,Attitude of service provider,1,75.9,2,1,39.2,152.8,0
7938-OUHIO,Mill Valley,Male,No,No,No,3,Month-to-month,Electronic check,98.7,293.65,Yes,72,Attitude of service provider,1,97.88333333333333,2,1,50.85,296.1,0
8510-AWCXC,Novato,Female,Yes,No,No,13,Month-to-month,Electronic check,100.8,1308.1,Yes,65,Attitude of support person,1,100.62307692307692,2,1,56.9,1310.3999999999999,0
3426-NIYYL,Sausalito,Male,No,No,No,15,Month-to-month,Electronic check,51.55,765.5,Yes,66,Attitude of support person,1,51.03333333333333,2,1,33.275,773.25,0
8225-BTJAU,Stinson Beach,Male,Yes,No,No,10,Month-to-month,Electronic check,79.25,793.55,Yes,87,Attitude of service provider,1,79.35499999999999,2,1,44.625,792.5,0
3387-VATUS,Aromas,Male,No,No,No,5,Month-to-month,Bank transfer (automatic),94.85,462.8,Yes,69,Attitude of service provider,1,92.56,2,0,49.925,474.25,0
1143-NMNQJ,Boulder Creek,Female,No,No,No,2,Month-to-month,Electronic check,85.7,169.8,Yes,95,Attitude of service provider,1,84.9,2,1,43.85,171.4,0
0415-MOSGF,Los Gatos,Female,No,No,No,1,Month-to-month,Mailed check,44.4,44.4,Yes,76,Attitude of support person,1,44.4,2,0,22.7,44.4,0
1724-BQUHA,Los Gatos,Male,Yes,No,No,5,Month-to-month,Electronic check,89.5,477.7,Yes,66,Attitude of support person,1,95.53999999999999,2,1,47.25,447.5,0
4826-XTSOH,Moss Landing,Male,Yes,Yes,No,1,Month-to-month,Electronic check,86.05,86.05,Yes,96,Attitude of support person,1,86.05,2,1,43.525,86.05,0
2495-INZWQ,San Juan Bautista,Male,No,No,No,4,Month-to-month,Electronic check,44.55,174.3,Yes,66,Attitude of service provider,1,43.575,2,1,24.275,178.2,0
4139-SUGLD,Santa Clara,Male,No,Yes,Yes,31,Month-to-month,Bank transfer (automatic),35.4,1077.5,Yes,77,Attitude of service provider,1,34.75806451612903,2,0,33.2,1097.3999999999999,0
6857-VWJDT,Santa Cruz,Female,No,No,No,1,Month-to-month,Mailed check,95.65,95.65,Yes,87,Attitude of service provider,1,95.65,2,0,48.325,95.65,0
5624-BQSSA,Santa Cruz,Female,No,No,No,1,Month-to-month,Mailed check,20.95,20.95,Yes,70,Attitude of support person,1,20.95,2,0,10.975,20.95,0
2408-WITXK,San Jose,Female,Yes,No,No,10,Month-to-month,Electronic check,34.7,329.8,Yes,92,Deceased,1,32.980000000000004,2,1,22.35,347,0
5577-OTWWW,San Jose,Female,No,No,No,15,Month-to-month,Bank transfer (automatic),19.75,297.3,Yes,69,Moved,1,19.82,2,0,17.375,296.25,0
6100-QQHEB,San Jose,Male,No,Yes,No,17,Month-to-month,Electronic check,92.55,1515.1,Yes,99,Moved,1,89.12352941176471,2,1,54.775,1573.35,0
2634-HCZGT,San Jose,Male,Yes,Yes,No,53,One year,Electronic check,60.05,3229.65,Yes,77,Moved,1,60.93679245283019,1,1,56.525,3182.6499999999996,1
7503-QQRVF,San Jose,Male,Yes,Yes,No,16,Month-to-month,Credit card (automatic),74.3,1178.25,Yes,81,Competitor had better devices,1,73.640625,2,0,45.15,1188.8,0
2691-NZETQ,San Jose,Male,No,No,No,9,Month-to-month,Electronic check,85.35,758.6,Yes,89,Competitor offered higher download speeds,1,84.28888888888889,2,1,47.175,768.15,0
4404-HIBDJ,San Jose,Female,No,No,No,25,One year,Mailed check,74.3,1863.8,Yes,85,Competitor offered more data,1,74.55199999999999,1,0,49.65,1857.5,0
7295-JOMMD,San Jose,Female,No,No,No,4,Month-to-month,Bank transfer (automatic),98.1,396.3,Yes,87,Competitor made better offer,1,99.075,2,0,51.05,392.4,0
5013-SBUIH,Stockton,Female,No,No,No,50,Two year,Electronic check,109.65,5551.15,Yes,84,Competitor had better devices,1,111.023,0,1,79.825,5482.5,1
0709-TVGUR,Stockton,Female,Yes,No,No,9,Month-to-month,Electronic check,74.55,622.9,Yes,69,Competitor had better devices,1,69.21111111111111,2,1,41.775,670.9499999999999,0
6023-YEBUP,Stockton,Male,No,No,No,3,Month-to-month,Electronic check,100.95,329.95,Yes,81,Competitor offered higher download speeds,1,109.98333333333333,2,1,51.975,302.85,0
7209-JCUDS,Stockton,Male,No,No,No,10,Month-to-month,Electronic check,94.9,1048.85,Yes,83,Competitor offered higher download speeds,1,104.88499999999999,2,1,52.45,949,0
3001-CBHLQ,Angels Camp,Male,Yes,Yes,No,32,Month-to-month,Electronic check,104.9,3351.55,Yes,79,Competitor offered higher download speeds,1,104.7359375,2,1,68.45,3356.8,1
6158-DWPZT,Avery,Male,No,Yes,No,9,One year,Bank transfer (automatic),24.1,259.8,Yes,82,Competitor offered more data,1,28.866666666666667,1,0,16.55,216.9,0
3763-GCZHZ,Hathaway Pines,Male,No,Yes,No,66,One year,Electronic check,104.05,6890,Yes,95,Competitor offered more data,1,104.39393939393939,1,1,85.025,6867.3,1
0772-GYEQQ,Lodi,Male,No,No,No,3,Month-to-month,Mailed check,88.35,262.05,Yes,93,Competitor offered more data,1,87.35000000000001,2,0,45.675,265.04999999999995,0
4831-EOBFE,Mountain Ranch,Male,No,Yes,No,29,Month-to-month,Credit card (automatic),94.65,2649.15,Yes,70,Don't know,1,91.35000000000001,2,0,61.825,2744.8500000000004,1
4102-OQUPX,Sheep Ranch,Male,Yes,Yes,No,1,Month-to-month,Electronic check,74.4,74.4,Yes,91,Competitor made better offer,1,74.4,2,1,37.7,74.4,0
9170-GYZJC,Vallecito,Female,No,Yes,Yes,41,Month-to-month,Credit card (automatic),79.9,3326.2,Yes,84,Price too high,1,81.12682926829268,2,0,60.45,3275.9,1
3999-QGRJH,Ballico,Male,Yes,No,No,8,Month-to-month,Electronic check,69.7,560.85,Yes,88,Product dissatisfaction,1,70.10625,2,1,38.85,557.6,0
2454-RPBRZ,Catheys Valley,Female,Yes,Yes,No,12,Month-to-month,Electronic check,98.1,1060.2,Yes,97,Service dissatisfaction,1,88.35000000000001,2,1,55.05,1177.1999999999998,0
7409-KIUTL,Westley,Female,Yes,No,No,1,Month-to-month,Electronic check,71,71,Yes,72,Don't know,1,71,2,1,36,71,0
2002-MZHWP,Delhi,Female,No,No,No,1,Month-to-month,Mailed check,20.5,20.5,Yes,76,Lack of self-service on Website,1,20.5,2,0,10.75,20.5,0
2265-CYWIV,Hickman,Female,Yes,Yes,No,4,Month-to-month,Electronic check,99.6,347.65,Yes,77,Network reliability,1,86.9125,2,1,51.8,398.4,0
2004-OCQXK,Merced,Female,No,No,No,1,Month-to-month,Electronic check,81.95,81.95,Yes,85,Limited range of services,1,81.95,2,1,41.475,81.95,0
5027-QPKTE,Modesto,Male,No,Yes,No,7,Month-to-month,Electronic check,69.35,451.1,Yes,82,Lack of affordable download/upload speed,1,64.44285714285715,2,1,38.175,485.44999999999993,0
2672-HUYVI,Newman,Female,No,No,No,6,Month-to-month,Electronic check,91.1,455.3,Yes,68,Long distance charges,1,75.88333333333334,2,1,48.55,546.5999999999999,0
7508-MYBOG,Patterson,Male,No,Yes,No,14,Month-to-month,Electronic check,86.1,1235.55,Yes,89,Extra data charges,1,88.25357142857142,2,1,50.05,1205.3999999999999,0
0148-DCDOS,Planada,Male,No,No,No,25,Month-to-month,Bank transfer (automatic),94.7,2362.1,Yes,82,Price too high,1,94.484,2,0,59.85,2367.5,1
9992-RRAMN,Riverbank,Male,No,Yes,No,22,Month-to-month,Electronic check,85.1,1873.7,Yes,68,Product dissatisfaction,1,85.16818181818182,2,1,53.55,1872.1999999999998,0
0310-MVLET,Snelling,Female,No,Yes,No,61,Month-to-month,Electronic check,99.15,6010.05,Yes,77,Service dissatisfaction,1,98.52540983606558,2,1,80.075,6048.150000000001,1
4550-VBOFE,Soulsbyville,Male,Yes,Yes,No,70,Month-to-month,Electronic check,102.95,7101.5,Yes,99,Lack of self-service on Website,1,101.45,2,1,86.475,7206.5,1
5696-QURRL,Waterford,Male,No,No,No,1,Month-to-month,Mailed check,45.05,45.05,Yes,73,Network reliability,1,45.05,2,0,23.025,45.05,0
1732-VHUBQ,Yosemite National Park,Female,Yes,Yes,No,47,Month-to-month,Bank transfer (automatic),70.55,3309.25,Yes,82,Don't know,1,70.40957446808511,2,0,58.775,3315.85,1
0495-RVCBF,Santa Rosa,Female,No,No,No,1,Month-to-month,Electronic check,79.7,79.7,Yes,75,Don't know,1,79.7,2,1,40.35,79.7,0
7854-EDSSA,Santa Rosa,Male,No,No,No,22,Month-to-month,Electronic check,59,1254.7,Yes,77,Poor expertise of online support,1,57.03181818181818,2,1,40.5,1298,0
8869-TORSS,Santa Rosa,Female,No,No,No,48,One year,Credit card (automatic),60.35,2896.4,Yes,69,Poor expertise of phone support,1,60.34166666666667,1,0,54.175,2896.8,1
0679-IDSTG,Branscomb,Female,Yes,Yes,No,1,Month-to-month,Electronic check,69.25,69.25,Yes,87,Price too high,1,69.25,2,1,35.125,69.25,0
2115-BFTIW,Clearlake Oaks,Male,No,No,No,25,Month-to-month,Mailed check,70.95,1767.35,Yes,75,Product dissatisfaction,1,70.694,2,0,47.975,1773.75,0
0611-DFXKO,Comptche,Male,No,Yes,No,20,Month-to-month,Mailed check,89,1820.45,Yes,78,Service dissatisfaction,1,91.02250000000001,2,0,54.5,1780,0
7780-OTDSO,Covelo,Male,No,Yes,No,18,Month-to-month,Electronic check,99.4,1742.95,Yes,86,Lack of self-service on Website,1,96.83055555555556,2,1,58.7,1789.2,0
9747-DDZOS,Eldridge,Female,No,No,No,1,Month-to-month,Bank transfer (automatic),73.5,73.5,Yes,74,Network reliability,1,73.5,2,0,37.25,73.5,0
0564-JJHGS,Guerneville,Male,No,No,No,9,Month-to-month,Electronic check,95.5,829.1,Yes,90,Limited range of services,1,92.12222222222222,2,1,52.25,859.5,0
3348-CFRNX,Healdsburg,Female,No,Yes,No,28,Month-to-month,Mailed check,92.35,2602.9,Yes,71,Lack of affordable download/upload speed,1,92.96071428571429,2,0,60.175,2585.7999999999997,1
1428-GTBJJ,Jenner,Male,No,No,No,11,Month-to-month,Electronic check,74.55,824.75,Yes,81,Long distance charges,1,74.97727272727273,2,1,42.775,820.05,0
8802-UNOJF,Philo,Male,Yes,No,No,12,Month-to-month,Mailed check,83.8,1029.75,Yes,78,Extra data charges,1,85.8125,2,0,47.9,1005.5999999999999,0
6313-GIDIT,Point Arena,Male,Yes,No,No,53,Month-to-month,Electronic check,54.45,2854.55,Yes,65,Price too high,1,53.859433962264156,2,1,53.725,2885.8500000000004,1
2845-AFFTX,Westport,Male,Yes,Yes,No,41,Month-to-month,Electronic check,99.8,4259.3,Yes,76,Product dissatisfaction,1,103.88536585365854,2,1,70.4,4091.7999999999997,1
2249-YPRNG,The Sea Ranch,Female,No,Yes,No,20,Month-to-month,Bank transfer (automatic),105.85,2239.65,Yes,84,Service dissatisfaction,1,111.9825,2,0,62.925,2117,1
4626-GYCZP,Eureka,Male,No,No,No,7,Month-to-month,Electronic check,93.85,635.6,Yes,79,Network reliability,1,90.8,2,1,50.425,656.9499999999999,0
5590-BYNII,Bayside,Male,No,No,No,22,Month-to-month,Electronic check,100.75,2095,Yes,98,Don't know,1,95.22727272727273,2,1,61.375,2216.5,1
3237-AJGEH,Bridgeville,Female,No,Yes,Yes,3,Month-to-month,Mailed check,31,95.05,Yes,67,Don't know,1,31.683333333333334,2,0,17,93,0
1591-NFNLQ,Crescent City,Male,No,No,No,51,Month-to-month,Credit card (automatic),80,4242.35,Yes,91,Don't know,1,83.18333333333334,2,0,65.5,4080,1
2815-CPTUL,Gasquet,Male,Yes,No,No,5,Month-to-month,Mailed check,70.25,331.9,Yes,89,Price too high,1,66.38,2,0,37.625,351.25,0
0596-BQCEQ,Hydesville,Female,No,Yes,No,62,Month-to-month,Electronic check,100.15,6283.3,Yes,93,Product dissatisfaction,1,101.34354838709677,2,1,81.075,6209.3,1
1481-ZUWZA,Klamath,Male,No,No,No,28,Month-to-month,Credit card (automatic),94.5,2659.4,Yes,80,Service dissatisfaction,1,94.97857142857143,2,0,61.25,2646,1
2309-OSFEU,Smith River,Male,No,No,No,10,Month-to-month,Mailed check,33.9,298.45,Yes,84,Lack of self-service on Website,1,29.845,2,0,21.95,339,0
1891-FZYSA,Piercy,Male,Yes,Yes,No,69,Month-to-month,Electronic check,89.95,6143.15,Yes,82,Network reliability,1,89.03115942028985,2,1,79.475,6206.55,1
7613-LLQFO,Amador City,Male,No,No,No,12,Month-to-month,Electronic check,84.45,1059.55,Yes,100,Limited range of services,1,88.29583333333333,2,1,48.225,1013.4000000000001,0
2640-PMGFL,West Sacramento,Male,No,No,No,27,Month-to-month,Electronic check,79.5,2180.55,Yes,100,Lack of affordable download/upload speed,1,80.76111111111112,2,1,53.25,2146.5,1
3801-HMYNL,Brooks,Male,No,Yes,No,1,Month-to-month,Mailed check,89.15,89.15,Yes,68,Long distance charges,1,89.15,2,0,45.075,89.15,0
9685-WKZGT,Carmichael,Male,Yes,No,No,14,Month-to-month,Electronic check,74.95,1036.75,Yes,70,Extra data charges,1,74.05357142857143,2,1,44.475,1049.3,0
6022-UGGSO,Citrus Heights,Female,Yes,No,No,32,Month-to-month,Electronic check,74.4,2276.95,Yes,90,Price too high,1,71.1546875,2,1,53.2,2380.8,1
4484-CGXFK,El Dorado,Female,No,No,No,3,Month-to-month,Electronic check,55.3,196.15,Yes,96,Product dissatisfaction,1,65.38333333333334,2,1,29.15,165.89999999999998,0
6214-EDAKZ,Elverta,Female,No,Yes,Yes,22,Month-to-month,Electronic check,55.15,1206.05,Yes,79,Service dissatisfaction,1,54.820454545454545,2,1,38.575,1213.3,0
6127-ISGTU,Garden Valley,Female,No,Yes,No,16,Month-to-month,Electronic check,84.95,1378.25,Yes,67,Lack of self-service on Website,1,86.140625,2,1,50.475,1359.2,0
8740-XLHDR,Greenwood,Male,No,No,No,5,Month-to-month,Mailed check,43.25,219,Yes,67,Network reliability,1,43.8,2,0,24.125,216.25,0
1208-DNHLN,Grizzly Flats,Male,No,Yes,No,23,One year,Credit card (automatic),48.35,1067.15,Yes,83,Don't know,1,46.39782608695653,1,0,35.675,1112.05,0
1761-AEZZR,Guinda,Male,No,No,No,1,Month-to-month,Electronic check,79.55,79.55,Yes,72,Don't know,1,79.55,2,1,40.275,79.55,0
7120-RFMVS,Isleton,Male,No,No,No,1,Month-to-month,Electronic check,84.5,84.5,Yes,73,Price too high,1,84.5,2,1,42.75,84.5,0
7317-GGVPB,Lotus,Male,No,Yes,No,71,Two year,Credit card (automatic),108.6,7690.9,Yes,97,Product dissatisfaction,1,108.3225352112676,0,0,89.8,7710.599999999999,1
1322-AGOQM,Mather,Male,No,No,No,46,Month-to-month,Bank transfer (automatic),30.3,1380.1,Yes,95,Service dissatisfaction,1,30.002173913043475,2,0,38.15,1393.8,0
3677-IYRBF,Newcastle,Female,Yes,No,No,2,Month-to-month,Electronic check,30.4,78.65,Yes,90,Lack of self-service on Website,1,39.325,2,1,16.2,60.8,0
5692-FPTAH,Nicolaus,Female,No,No,No,1,Month-to-month,Mailed check,45.4,45.4,Yes,67,Network reliability,1,45.4,2,0,23.2,45.4,0
1550-LOAHA,Orangevale,Female,No,Yes,No,32,Month-to-month,Bank transfer (automatic),84.15,2585.95,Yes,74,Limited range of services,1,80.8109375,2,0,58.075,2692.8,1
0268-QKIWO,Pilot Hill,Female,No,No,No,3,Month-to-month,Electronic check,19.75,58.85,Yes,83,Lack of affordable download/upload speed,1,19.616666666666667,2,1,11.375,59.25,0
0876-WDUUZ,Pine Grove,Female,No,No,No,5,Month-to-month,Credit card (automatic),85.4,425.9,Yes,90,Long distance charges,1,85.17999999999999,2,0,45.2,427,0
0617-FHSGK,Rancho Cordova,Male,No,No,No,49,Month-to-month,Credit card (automatic),75.2,3678.3,Yes,90,Extra data charges,1,75.06734693877551,2,0,62.1,3684.8,1
2858-MOFSQ,Rio Oso,Female,No,No,No,17,One year,Mailed check,55.85,937.5,Yes,76,Price too high,1,55.14705882352941,1,0,36.425,949.45,0
8118-LSUEL,Roseville,Male,Yes,No,No,23,Month-to-month,Electronic check,106.4,2483.5,Yes,79,Product dissatisfaction,1,107.97826086956522,2,1,64.7,2447.2000000000003,1
7005-CCBKV,Thornton,Male,No,No,No,6,Month-to-month,Electronic check,84.4,556.35,Yes,77,Service dissatisfaction,1,92.72500000000001,2,1,45.2,506.40000000000003,0
4250-FDVOU,Woodland,Female,No,No,No,6,Month-to-month,Electronic check,56.25,389.1,Yes,95,Lack of self-service on Website,1,64.85000000000001,2,1,31.125,337.5,0
5277-ZLOOR,Applegate,Female,Yes,No,No,2,Month-to-month,Electronic check,85.55,187.45,Yes,86,Network reliability,1,93.725,2,1,43.775,171.1,0
2141-RRYGO,Camino,Female,No,No,No,4,Month-to-month,Bank transfer (automatic),68.65,261.25,Yes,76,Don't know,1,65.3125,2,0,36.325,274.6,0
6376-GAHQE,Dutch Flat,Male,No,No,No,4,Month-to-month,Electronic check,77.85,299.2,Yes,65,Don't know,1,74.8,2,1,40.925,311.4,0
5052-PNLOS,Echo Lake,Male,No,No,No,3,Month-to-month,Bank transfer (automatic),105.35,323.25,Yes,65,Don't know,1,107.75,2,0,54.175,316.04999999999995,0
6979-ZNSFF,Pollock Pines,Female,No,No,No,8,Month-to-month,Electronic check,87.05,762.1,Yes,69,Price too high,1,95.2625,2,1,47.525,696.4,0
2386-LAHRK,Weimar,Male,No,No,No,1,Month-to-month,Mailed check,53.5,53.5,Yes,80,Product dissatisfaction,1,53.5,2,0,27.25,53.5,0
6032-IGALN,Granite Bay,Female,No,No,No,1,Month-to-month,Mailed check,25.1,25.1,Yes,79,Service dissatisfaction,1,25.1,2,0,13.05,25.1,0
4248-HCETZ,Sacramento,Male,Yes,Yes,No,30,Month-to-month,Mailed check,79.65,2365.15,Yes,73,Lack of self-service on Website,1,78.83833333333334,2,0,54.825,2389.5,1
0516-WJVXC,Sacramento,Female,No,No,No,5,Month-to-month,Electronic check,54.2,308.25,Yes,78,Network reliability,1,61.65,2,1,29.6,271,0
9174-FKWZE,Sacramento,Female,Yes,No,No,1,Month-to-month,Electronic check,19.45,19.45,Yes,78,Limited range of services,1,19.45,2,1,10.225,19.45,0
8809-RIHDD,Sacramento,Male,No,Yes,No,72,Two year,Electronic check,103.4,7372.65,Yes,83,Lack of affordable download/upload speed,1,102.39791666666666,0,1,87.7,7444.8,1
4822-NGOCH,Sacramento,Female,No,No,No,13,Month-to-month,Electronic check,84.45,1058.6,Yes,74,Long distance charges,1,81.43076923076923,2,1,48.725,1097.8500000000001,0
5307-DZCVC,Sacramento,Female,Yes,Yes,No,32,Month-to-month,Credit card (automatic),85.95,2628.6,Yes,74,Extra data charges,1,82.14375,2,0,58.975,2750.4,1
8679-JOEVF,Sacramento,Female,Yes,No,No,16,Month-to-month,Electronic check,59.4,1023.9,Yes,87,Price too high,1,63.99375,2,1,37.7,950.4,0
1432-FPAXX,Beale Afb,Female,No,No,No,29,Month-to-month,Electronic check,30.6,856.35,Yes,77,Product dissatisfaction,1,29.529310344827586,2,1,29.8,887.4000000000001,0
4803-AXVYP,Butte City,Female,Yes,No,No,38,Month-to-month,Electronic check,99.55,3734.25,Yes,100,Service dissatisfaction,1,98.26973684210526,2,1,68.775,3782.9,1
3884-HCSWG,Camptonville,Female,No,No,No,17,Month-to-month,Electronic check,70,1144.5,Yes,70,Lack of self-service on Website,1,67.32352941176471,2,1,43.5,1190,0
5077-DXTCG,Challenge,Female,No,No,No,1,Month-to-month,Electronic check,45.3,45.3,Yes,86,Network reliability,1,45.3,2,1,23.15,45.3,0
1142-WACZW,Chico,Male,No,No,No,2,Month-to-month,Bank transfer (automatic),29.85,75.6,Yes,95,Don't know,1,37.8,2,0,15.925,59.7,0
5649-ANRML,Clipper Mills,Male,Yes,No,No,2,Month-to-month,Credit card (automatic),95.1,180.25,Yes,90,Don't know,1,90.125,2,0,48.55,190.2,0
2919-HBCJO,Downieville,Female,No,No,No,4,Month-to-month,Bank transfer (automatic),76.65,333.6,Yes,97,Moved,1,83.4,2,0,40.325,306.6,0
4236-XPXAV,Dunnigan,Female,No,Yes,No,5,Month-to-month,Mailed check,99.15,465.05,Yes,74,Moved,1,93.01,2,0,52.075,495.75,0
3030-YZADT,Grass Valley,Male,No,No,No,9,Month-to-month,Mailed check,44.95,431,Yes,66,Competitor had better devices,1,47.888888888888886,2,0,26.975,404.55,0
7410-KTVFV,Grimes,Male,No,Yes,No,18,Month-to-month,Mailed check,49.55,878.35,Yes,97,Competitor offered higher download speeds,1,48.797222222222224,2,0,33.775,891.9,0
8393-DLHGA,Palermo,Male,No,No,No,25,Month-to-month,Electronic check,95.9,2448.75,Yes,68,Competitor offered more data,1,97.95,2,1,60.45,2397.5,1
7395-IGJOS,Quincy,Male,Yes,Yes,No,17,Month-to-month,Bank transfer (automatic),81.5,1329.2,Yes,79,Competitor made better offer,1,78.18823529411765,2,0,49.25,1385.5,0
2834-SPCJV,Rough And Ready,Male,No,Yes,No,52,Month-to-month,Electronic check,84.1,4348.65,Yes,75,Competitor had better devices,1,83.6278846153846,2,1,68.05,4373.2,1
7890-VYYWG,Sutter,Male,Yes,Yes,No,3,Month-to-month,Mailed check,36.45,93.7,Yes,89,Competitor had better devices,1,31.233333333333334,2,0,19.725,109.35000000000001,0
9907-SWKKF,Twain,Female,Yes,No,No,1,Month-to-month,Mailed check,25.05,25.05,Yes,65,Competitor offered higher download speeds,1,25.05,2,0,13.025,25.05,0
0587-DMGBH,Willows,Female,No,No,No,8,Month-to-month,Electronic check,49.85,365.55,Yes,75,Competitor offered higher download speeds,1,45.69375,2,1,28.925,398.8,0
6397-JNZZG,Adin,Female,Yes,Yes,No,43,Month-to-month,Credit card (automatic),55.55,2342.2,Yes,85,Competitor offered higher download speeds,1,54.46976744186046,2,0,49.275,2388.65,1
3523-QRQLL,Bieber,Female,No,Yes,No,22,One year,Bank transfer (automatic),69.5,1498.2,Yes,94,Competitor offered more data,1,68.10000000000001,1,0,45.75,1529,0
0895-DQHEW,Burney,Male,No,Yes,No,54,Month-to-month,Electronic check,104.3,5278.15,Yes,77,Competitor offered more data,1,97.74351851851851,2,1,79.15,5632.2,1
8149-RSOUN,Dorris,Female,No,No,No,1,Month-to-month,Electronic check,93.85,93.85,Yes,78,Competitor offered more data,1,93.85,2,1,47.425,93.85,0
7250-EQKIY,Fort Jones,Female,No,Yes,Yes,1,Month-to-month,Mailed check,50.45,50.45,Yes,75,Competitor made better offer,1,50.45,2,0,25.725,50.45,0
4013-UBXWQ,Hayfork,Female,No,No,No,7,Month-to-month,Electronic check,74.65,521.1,Yes,67,Competitor made better offer,1,74.44285714285715,2,1,40.825,522.5500000000001,0
5519-NPHVG,Klamath River,Female,No,No,No,12,Month-to-month,Electronic check,94.2,1046.1,Yes,73,Price too high,1,87.175,2,1,53.1,1130.4,0
8849-GYOKR,Mineral,Female,No,Yes,No,54,One year,Bank transfer (automatic),106.55,5763.3,Yes,90,Product dissatisfaction,1,106.72777777777777,1,0,80.275,5753.7,1
3148-BLQJT,Montague,Male,No,No,No,1,Month-to-month,Mailed check,20.1,20.1,Yes,80,Service dissatisfaction,1,20.1,2,0,10.55,20.1,0
0461-CVKMU,Oak Run,Female,No,Yes,No,23,Month-to-month,Electronic check,83.8,1900.25,Yes,80,Lack of self-service on Website,1,82.6195652173913,2,1,53.4,1927.3999999999999,0
8806-EAGWC,Old Station,Male,No,No,No,3,Month-to-month,Mailed check,55.15,159.15,Yes,78,Network reliability,1,53.050000000000004,2,0,29.075,165.45,0
7779-LGOVN,Paskenta,Male,Yes,Yes,No,10,Month-to-month,Electronic check,86.65,856.65,Yes,84,Limited range of services,1,85.66499999999999,2,1,48.325,866.5,0
9710-ZUSHQ,Red Bluff,Female,Yes,No,No,37,Month-to-month,Bank transfer (automatic),106.75,4056.75,Yes,92,Lack of affordable download/upload speed,1,109.64189189189189,2,0,71.875,3949.75,1
4183-WCSEP,Weaverville,Male,No,No,No,31,Month-to-month,Electronic check,78.45,2435.15,Yes,72,Long distance charges,1,78.55322580645162,2,1,54.725,2431.9500000000003,1
5498-TXHLF,Whitmore,Female,No,Yes,No,34,Month-to-month,Electronic check,87.45,2874.15,Yes,98,Extra data charges,1,84.53382352941176,2,1,60.725,2973.3,1
9722-UJOJR,Blairsden Graeagle,Male,No,Yes,No,29,Month-to-month,Electronic check,70.75,1974.8,Yes,73,Price too high,1,68.09655172413792,2,1,49.875,2051.75,1
3902-FOIGH,Doyle,Male,Yes,Yes,No,12,Month-to-month,Electronic check,101.35,1218.55,Yes,68,Product dissatisfaction,1,101.54583333333333,2,1,56.675,1216.1999999999998,0
6772-KSATR,Eagleville,Male,No,No,No,1,Month-to-month,Electronic check,81.7,81.7,Yes,83,Service dissatisfaction,1,81.7,2,1,41.35,81.7,0
7112-OPOTK,Fort Bidwell,Male,No,No,No,33,Month-to-month,Electronic check,68.25,2171.15,Yes,100,Lack of self-service on Website,1,65.79242424242425,2,1,50.625,2252.25,1
4210-QFJMF,Lake City,Female,No,No,No,4,Month-to-month,Electronic check,79.15,317.25,Yes,68,Network reliability,1,79.3125,2,1,41.575,316.6,0
3318-OSATS,Sierra City,Male,Yes,No,No,35,Month-to-month,Electronic check,95.45,3474.05,Yes,91,Don't know,1,99.25857142857143,2,1,65.225,3340.75,1
5828-AVIPD,Sierraville,Male,No,Yes,No,19,One year,Electronic check,100.95,1875.55,Yes,73,Don't know,1,98.71315789473684,1,1,59.975,1918.05,0
1086-LXKFY,Westwood,Female,No,Yes,No,1,Month-to-month,Mailed check,69.1,69.1,Yes,92,Don't know,1,69.1,2,0,35.05,69.1,0
2636-ALXXZ,Tahoe Vista,Female,Yes,No,No,1,Month-to-month,Electronic check,69.6,69.6,Yes,74,Poor expertise of online support,1,69.6,2,1,35.3,69.6,0
7774-OJSXI,South Lake Tahoe,Male,No,No,No,31,One year,Electronic check,103.45,3066.45,Yes,65,Poor expertise of phone support,1,98.91774193548386,1,1,67.225,3206.9500000000003,1
7786-WBJYI,Truckee,Female,No,No,No,4,Month-to-month,Bank transfer (automatic),77.95,305.55,Yes,89,Price too high,1,76.3875,2,0,40.975,311.8,0
9885-CSMWE,Los Angeles,Female,Yes,No,No,1,Month-to-month,Electronic check,78.45,78.45,Yes,67,Product dissatisfaction,1,78.45,2,1,39.725,78.45,0
5016-ETTFF,Los Angeles,Male,No,No,No,10,Month-to-month,Mailed check,29.5,255.25,Yes,69,Service dissatisfaction,1,25.525,2,0,19.75,295,0
3866-MDTUB,Los Angeles,Female,No,No,No,2,Month-to-month,Electronic check,70.75,146.9,Yes,72,Lack of self-service on Website,1,73.45,2,1,36.375,141.5,0
8058-JMEQO,Los Angeles,Female,Yes,No,No,9,Month-to-month,Electronic check,84.45,762.5,Yes,95,Network reliability,1,84.72222222222223,2,1,46.725,760.0500000000001,0
0697-ZMSWS,Los Angeles,Male,No,No,No,4,Month-to-month,Electronic check,85.65,338.9,Yes,87,Limited range of services,1,84.725,2,1,44.825,342.6,0
7657-DYEPJ,Los Angeles,Male,Yes,No,No,38,One year,Credit card (automatic),70.15,2497.35,Yes,82,Lack of affordable download/upload speed,1,65.71973684210526,1,0,54.075,2665.7000000000003,1
8276-MQBYC,Los Angeles,Male,Yes,No,No,51,Month-to-month,Electronic check,97.8,4913.3,Yes,81,Long distance charges,1,96.33921568627451,2,1,74.4,4987.8,1
7593-XFKDI,Los Angeles,Male,No,No,No,1,Month-to-month,Mailed check,46.3,46.3,Yes,73,Extra data charges,1,46.3,2,0,23.65,46.3,0
0337-CNPZE,Los Angeles,Female,No,No,No,41,Month-to-month,Electronic check,106.3,4443.45,Yes,85,Price too high,1,108.37682926829268,2,1,73.65,4358.3,1
1513-XNPPH,Los Angeles,Female,No,No,No,12,Month-to-month,Electronic check,89.4,1095.65,Yes,79,Product dissatisfaction,1,91.30416666666667,2,1,50.7,1072.8000000000002,0
6015-VVHHE,Los Angeles,Female,Yes,No,No,5,Month-to-month,Credit card (automatic),83.15,446.05,Yes,96,Service dissatisfaction,1,89.21000000000001,2,0,44.075,415.75,0
6347-DCUIK,Los Angeles,Male,No,No,No,10,Month-to-month,Mailed check,74.15,811.8,Yes,90,Lack of self-service on Website,1,81.17999999999999,2,0,42.075,741.5,0
0897-FEGMU,Los Angeles,Female,No,Yes,No,11,Month-to-month,Electronic check,99.5,1056.95,Yes,84,Network reliability,1,96.08636363636364,2,1,55.25,1094.5,0
7663-RGWBC,Los Angeles,Male,No,No,No,1,Month-to-month,Mailed check,44.15,44.15,Yes,97,Don't know,1,44.15,2,0,22.575,44.15,0
1120-BMWUB,Los Angeles,Female,No,No,No,16,Month-to-month,Mailed check,53.9,834.15,Yes,65,Don't know,1,52.134375,2,0,34.95,862.4,0
9124-LHCJQ,Los Angeles,Female,No,No,No,1,Month-to-month,Mailed check,85.45,85.45,Yes,100,Price too high,1,85.45,2,0,43.225,85.45,0
2235-ZGKPT,Los Angeles,Female,No,Yes,Yes,4,Month-to-month,Mailed check,50.85,239.55,Yes,90,Product dissatisfaction,1,59.8875,2,0,27.425,203.4,0
3891-PUQOD,Los Angeles,Female,No,No,Yes,1,Month-to-month,Electronic check,59.2,59.2,Yes,65,Service dissatisfaction,1,59.2,2,1,30.1,59.2,0
0689-NKYLF,Los Angeles,Male,No,No,No,13,Month-to-month,Electronic check,83.2,1060.6,Yes,86,Lack of self-service on Website,1,81.58461538461538,2,1,48.1,1081.6000000000001,0
3658-KIBGF,Los Angeles,Female,No,No,No,1,Month-to-month,Electronic check,54.9,54.9,Yes,89,Network reliability,1,54.9,2,1,27.95,54.9,0
5519-YLDGW,Los Angeles,Female,No,Yes,No,21,Month-to-month,Electronic check,103.9,2254.2,Yes,91,Limited range of services,1,107.34285714285713,2,1,62.45,2181.9,1
4946-EDSEW,Compton,Female,No,Yes,Yes,11,Month-to-month,Mailed check,19.25,180.3,Yes,69,Lack of affordable download/upload speed,1,16.39090909090909,2,0,15.125,211.75,0
2516-VQRRV,Culver City,Female,Yes,No,No,2,Month-to-month,Mailed check,75.45,158.4,Yes,65,Long distance charges,1,79.2,2,0,38.725,150.9,0
7580-UGXNC,Culver City,Female,Yes,No,No,2,Month-to-month,Mailed check,54.85,104.2,Yes,96,Extra data charges,1,52.1,2,0,28.425,109.7,0
5178-LMXOP,Gardena,Male,Yes,Yes,No,1,Month-to-month,Electronic check,95.1,95.1,Yes,70,Price too high,1,95.1,2,1,48.05,95.1,0
8185-UPYBR,Hermosa Beach,Male,No,Yes,No,6,Month-to-month,Electronic check,75.5,438,Yes,88,Product dissatisfaction,1,73,2,1,40.75,453,0
4585-HETAI,Huntington Park,Female,No,Yes,No,4,Month-to-month,Electronic check,73.75,325.45,Yes,83,Service dissatisfaction,1,81.3625,2,1,38.875,295,0
7526-BEZQB,Lawndale,Male,No,No,No,12,Month-to-month,Electronic check,96.05,1148.1,Yes,89,Lack of self-service on Website,1,95.675,2,1,54.025,1152.6,0
4951-UKAAQ,Inglewood,Female,No,No,No,4,Month-to-month,Electronic check,88.95,355.2,Yes,72,Network reliability,1,88.8,2,1,46.475,355.8,0
2108-YKQTY,Santa Monica,Female,No,No,No,4,Month-to-month,Credit card (automatic),50.7,151.3,Yes,90,Don't know,1,37.825,2,0,27.35,202.8,0
4918-QLLIW,Santa Monica,Male,No,No,No,3,Month-to-month,Credit card (automatic),53.4,188.7,Yes,65,Don't know,1,62.9,2,0,28.2,160.2,0
7056-IMHCC,Torrance,Male,Yes,Yes,No,53,Month-to-month,Electronic check,101.9,5549.4,Yes,94,Price too high,1,104.70566037735848,2,1,77.45,5400.700000000001,1
1625-JAIIY,Torrance,Female,No,Yes,No,68,One year,Electronic check,83,5685.8,Yes,86,Product dissatisfaction,1,83.61470588235295,1,1,75.5,5644,1
2947-DOMLJ,Buena Park,Male,No,No,Yes,1,Month-to-month,Mailed check,50.6,50.6,Yes,82,Service dissatisfaction,1,50.6,2,0,25.8,50.6,0
4112-LUEIZ,La Palma,Male,No,No,No,10,Month-to-month,Electronic check,89.5,863.1,Yes,84,Lack of self-service on Website,1,86.31,2,1,49.75,895,0
4510-HIMLV,La Habra,Male,No,No,No,1,Month-to-month,Electronic check,69.8,69.8,Yes,90,Network reliability,1,69.8,2,1,35.4,69.8,0
8749-JMNKX,Montebello,Male,Yes,Yes,No,51,Month-to-month,Bank transfer (automatic),93.8,4750.95,Yes,83,Limited range of services,1,93.15588235294118,2,0,72.4,4783.8,1
2430-USGXP,Santa Fe Springs,Male,No,Yes,No,24,Month-to-month,Electronic check,101.05,2391.8,Yes,66,Lack of affordable download/upload speed,1,99.65833333333335,2,1,62.525,2425.2,1
5955-ERIHD,Lakewood,Male,No,Yes,No,18,Month-to-month,Electronic check,94.7,1687.95,Yes,72,Long distance charges,1,93.775,2,1,56.35,1704.6000000000001,0
0917-EZOLA,Lakewood,Male,Yes,Yes,No,72,Two year,Bank transfer (automatic),104.15,7689.95,Yes,74,Extra data charges,1,106.80486111111111,0,0,88.075,7498.8,1
5949-EBSQK,Sunset Beach,Male,No,Yes,Yes,4,Month-to-month,Credit card (automatic),61.45,229.55,Yes,83,Price too high,1,57.3875,2,0,32.725,245.8,0
7274-RTAPZ,Long Beach,Male,No,No,No,1,Month-to-month,Electronic check,90.55,90.55,Yes,89,Product dissatisfaction,1,90.55,2,1,45.775,90.55,0
0311-UNPFF,Long Beach,Female,No,No,No,26,Month-to-month,Bank transfer (automatic),88.8,2274.35,Yes,82,Service dissatisfaction,1,87.475,2,0,57.4,2308.7999999999997,1
3834-XUIFC,Long Beach,Male,No,No,No,7,Month-to-month,Mailed check,85.2,602.55,Yes,86,Lack of self-service on Website,1,86.07857142857142,2,0,46.1,596.4,0
8414-MYSHR,Arcadia,Male,Yes,No,No,5,Month-to-month,Electronic check,91.4,449.75,Yes,78,Network reliability,1,89.95,2,1,48.2,457,0
7599-FKVXZ,South Pasadena,Male,No,Yes,No,42,Month-to-month,Bank transfer (automatic),106.15,4512.7,Yes,93,Don't know,1,107.4452380952381,2,0,74.075,4458.3,1
8229-TNIQA,Pasadena,Female,No,No,No,4,Month-to-month,Mailed check,45.3,196.95,Yes,99,Don't know,1,49.2375,2,0,24.65,181.2,0
6221-AVQYL,Glendale,Male,No,No,No,2,Month-to-month,Credit card (automatic),73.25,131.05,Yes,78,Price too high,1,65.525,2,0,37.625,146.5,0
7743-EXURX,Glendale,Male,No,Yes,Yes,8,Month-to-month,Electronic check,51.05,415.05,Yes,77,Product dissatisfaction,1,51.88125,2,1,29.525,408.4,0
5569-KGJHX,Canoga Park,Female,No,Yes,No,9,Month-to-month,Bank transfer (automatic),85.35,754.65,Yes,95,Service dissatisfaction,1,83.85,2,0,47.175,768.15,0
4988-IQIGL,Canoga Park,Male,Yes,No,No,1,Month-to-month,Electronic check,75.35,75.35,Yes,92,Lack of self-service on Website,1,75.35,2,1,38.175,75.35,0
7730-IUTDZ,Chatsworth,Male,No,No,No,43,Month-to-month,Electronic check,75.2,3198.6,Yes,68,Network reliability,1,74.38604651162791,2,1,59.1,3233.6,1
0426-TIRNE,Encino,Female,No,No,No,1,Month-to-month,Mailed check,20.9,20.9,Yes,97,Limited range of services,1,20.9,2,0,10.95,20.9,0
7587-RZNME,Valencia,Male,No,No,No,3,Month-to-month,Electronic check,43.3,123.65,Yes,91,Lack of affordable download/upload speed,1,41.21666666666667,2,1,23.15,129.89999999999998,0
0748-RDGGM,Tarzana,Male,No,Yes,No,70,One year,Bank transfer (automatic),109.5,7534.65,Yes,82,Long distance charges,1,107.63785714285714,1,0,89.75,7665,1
4706-AXVKM,Stevenson Ranch,Female,Yes,No,No,11,Month-to-month,Credit card (automatic),84.8,906.85,Yes,67,Extra data charges,1,82.44090909090909,2,0,47.9,932.8,0
5889-JTMUL,Castaic,Female,Yes,Yes,No,50,Month-to-month,Electronic check,95.05,4888.7,Yes,92,Price too high,1,97.774,2,1,72.525,4752.5,1
9026-RNUJS,Van Nuys,Male,Yes,No,No,5,Month-to-month,Electronic check,50.35,237.25,Yes,81,Product dissatisfaction,1,47.45,2,1,27.675,251.75,0
3746-EUBYR,Panorama City,Male,No,Yes,No,1,Month-to-month,Bank transfer (automatic),74.6,74.6,Yes,75,Service dissatisfaction,1,74.6,2,0,37.8,74.6,0
2332-EFBJY,Sherman Oaks,Male,No,No,No,16,Month-to-month,Mailed check,19.7,342.4,Yes,82,Lack of self-service on Website,1,21.4,2,0,17.85,315.2,0
9474-PHLYD,Sherman Oaks,Female,No,No,No,15,Month-to-month,Electronic check,59.45,892.65,Yes,68,Network reliability,1,59.51,2,1,37.225,891.75,0
2165-VOEGB,Burbank,Female,No,No,No,46,One year,Bank transfer (automatic),105.2,4822.85,Yes,99,Don't know,1,104.8445652173913,1,0,75.6,4839.2,1
2219-MVUSO,North Hollywood,Male,No,No,No,8,Month-to-month,Mailed check,45.15,438.4,Yes,100,Don't know,1,54.8,2,0,26.575,361.2,0
8914-RBTSB,Valley Village,Male,No,Yes,No,31,Month-to-month,Electronic check,93.8,3019.5,Yes,79,Don't know,1,97.40322580645162,2,1,62.4,2907.7999999999997,1
0963-ZBDRN,Claremont,Male,No,No,No,32,Month-to-month,Electronic check,96.2,3183.4,Yes,93,Attitude of support person,1,99.48125,2,1,64.1,3078.4,1
7594-RQHXR,Covina,Female,No,No,No,1,Month-to-month,Electronic check,79.6,79.6,Yes,94,Deceased,1,79.6,2,1,40.3,79.6,0
6331-EWIEB,El Monte,Male,No,No,No,20,Month-to-month,Electronic check,85.25,1734.5,Yes,92,Moved,1,86.725,2,1,52.625,1705,0
5998-VVEJY,Glendora,Male,No,No,No,26,Month-to-month,Electronic check,80.5,2088.8,Yes,72,Moved,1,80.33846153846154,2,1,53.25,2093,1
1624-NALOJ,La Puente,Male,Yes,No,No,5,Month-to-month,Electronic check,89.8,502.6,Yes,88,Moved,1,100.52000000000001,2,1,47.4,449,0
4317-VTEOA,Rowland Heights,Male,No,No,No,1,Month-to-month,Electronic check,50.75,50.75,Yes,93,Competitor had better devices,1,50.75,2,1,25.875,50.75,0
1670-SVOWZ,Mira Loma,Female,No,Yes,No,14,Month-to-month,Credit card (automatic),89.65,1208.35,Yes,98,Competitor offered higher download speeds,1,86.31071428571428,2,0,51.825,1255.1000000000001,0
7541-YLXCL,Pomona,Male,No,No,No,36,One year,Mailed check,65.4,2498.4,Yes,71,Don't know,1,69.4,1,0,50.7,2354.4,1
0260-ZDLGK,San Dimas,Female,No,No,Yes,9,Month-to-month,Mailed check,72.9,651.4,Yes,65,Competitor made better offer,1,72.37777777777778,2,0,40.95,656.1,0
8722-NGNBH,Walnut,Male,No,No,No,5,Month-to-month,Mailed check,40,223.45,Yes,80,Competitor had better devices,1,44.69,2,0,22.5,200,0
6210-KBBPI,West Covina,Male,Yes,No,No,9,Month-to-month,Credit card (automatic),99.45,919.4,Yes,93,Competitor had better devices,1,102.15555555555555,2,0,54.225,895.0500000000001,0
0133-BMFZO,Alhambra,Female,No,No,No,2,Month-to-month,Electronic check,86.25,181.65,Yes,94,Competitor offered higher download speeds,1,90.825,2,1,44.125,172.5,0
6128-CZOMY,Alpine,Female,No,No,No,1,Month-to-month,Electronic check,45.65,45.65,Yes,78,Competitor offered higher download speeds,1,45.65,2,1,23.325,45.65,0
9540-JYROE,Bonita,Male,No,No,No,8,Month-to-month,Mailed check,70.1,551.35,Yes,75,Competitor offered higher download speeds,1,68.91875,2,0,39.05,560.8,0
2260-USTRB,Campo,Female,Yes,No,No,2,Month-to-month,Bank transfer (automatic),70.2,115.95,Yes,67,Competitor offered more data,1,57.975,2,0,36.1,140.4,0
3656-TKRVZ,Chula Vista,Female,No,No,No,3,Month-to-month,Electronic check,55.35,165.2,Yes,65,Competitor offered more data,1,55.06666666666666,2,1,29.175,166.05,0
8623-TMRBY,Chula Vista,Male,Yes,Yes,No,51,Month-to-month,Electronic check,84.2,4146.05,Yes,74,Competitor offered more data,1,81.29509803921569,2,1,67.6,4294.2,1
1501-SGHBW,Guatay,Male,No,No,No,2,Month-to-month,Mailed check,45.85,81,Yes,81,Competitor made better offer,1,40.5,2,0,23.925,91.7,0
3208-YPIOE,La Mesa,Male,No,No,No,39,Month-to-month,Electronic check,75.25,3017.65,Yes,96,Competitor made better offer,1,77.37564102564103,2,1,57.125,2934.75,1
2612-RANWT,Mount Laguna,Female,No,No,No,12,Month-to-month,Bank transfer (automatic),100.15,1164.3,Yes,96,Price too high,1,97.02499999999999,2,0,56.075,1201.8000000000002,0
6900-PXRMS,Spring Valley,Male,Yes,Yes,No,26,Month-to-month,Electronic check,105.75,2710.25,Yes,100,Product dissatisfaction,1,104.24038461538461,2,1,65.875,2749.5,1
3346-BRMIS,Bonsall,Female,Yes,Yes,No,18,Month-to-month,Electronic check,48.35,810.7,Yes,92,Service dissatisfaction,1,45.03888888888889,2,1,33.175,870.3000000000001,0
2933-FILNV,Carlsbad,Female,No,Yes,Yes,2,Month-to-month,Mailed check,24.4,36.55,Yes,91,Lack of self-service on Website,1,18.275,2,0,13.2,48.8,0
9986-BONCE,Fallbrook,Female,No,No,No,4,Month-to-month,Bank transfer (automatic),20.95,85.5,Yes,85,Network reliability,1,21.375,2,0,12.475,83.8,0
2722-JMONI,Escondido,Female,Yes,Yes,No,1,Month-to-month,Electronic check,49.55,49.55,Yes,76,Limited range of services,1,49.55,2,1,25.275,49.55,0
4083-EUGRJ,Oceanside,Male,No,No,No,9,Month-to-month,Mailed check,20.25,178.5,Yes,98,Lack of affordable download/upload speed,1,19.833333333333332,2,0,14.625,182.25,0
7579-OOPEC,Pala,Female,Yes,Yes,No,2,Month-to-month,Credit card (automatic),50.15,115.1,Yes,78,Long distance charges,1,57.55,2,0,26.075,100.3,0
1771-OADNZ,Pauma Valley,Male,Yes,Yes,No,29,Month-to-month,Electronic check,95.9,2745.2,Yes,95,Extra data charges,1,94.66206896551724,2,1,62.45,2781.1000000000004,1
0612-RTZZA,Vista,Female,Yes,No,No,1,Month-to-month,Electronic check,25.25,25.25,Yes,87,Price too high,1,25.25,2,1,13.125,25.25,0
6410-LEFEN,San Diego,Female,No,No,No,9,Month-to-month,Electronic check,45.15,416.45,Yes,73,Product dissatisfaction,1,46.27222222222222,2,1,27.075,406.34999999999997,0
3194-ORPIK,San Diego,Female,No,Yes,No,50,Month-to-month,Bank transfer (automatic),84.4,4116.15,Yes,80,Service dissatisfaction,1,82.323,2,0,67.2,4220,1
8816-VXNZD,Coronado,Female,No,No,No,1,Month-to-month,Electronic check,75.1,75.1,Yes,83,Lack of self-service on Website,1,75.1,2,1,38.05,75.1,0
9378-FXTIZ,San Diego,Female,No,Yes,No,54,One year,Credit card (automatic),70.15,3715.65,Yes,95,Network reliability,1,68.80833333333334,1,0,62.075,3788.1000000000004,1
1723-HKXJQ,San Diego,Male,No,No,No,42,Month-to-month,Electronic check,101.75,4273.45,Yes,66,Don't know,1,101.74880952380951,2,1,71.875,4273.5,1
7825-GKXMW,San Diego,Female,No,No,No,1,Month-to-month,Electronic check,45.8,45.8,Yes,78,Don't know,1,45.8,2,1,23.4,45.8,0
1240-KNSEZ,San Diego,Male,No,No,No,1,Month-to-month,Mailed check,20.1,20.1,Yes,95,Don't know,1,20.1,2,0,10.55,20.1,0
0836-SEYLU,San Diego,Male,No,Yes,No,9,Month-to-month,Mailed check,40.65,328.95,Yes,98,Poor expertise of online support,1,36.55,2,0,24.825,365.84999999999997,0
4433-JCGCG,San Diego,Male,Yes,Yes,No,46,Month-to-month,Electronic check,101,4680.05,Yes,88,Poor expertise of phone support,1,101.74021739130436,2,1,73.5,4646,1
3716-BDVDB,San Diego,Male,No,No,No,1,Month-to-month,Electronic check,69.1,69.1,Yes,82,Competitor had better devices,1,69.1,2,1,35.05,69.1,0
5899-MQZZL,San Ysidro,Female,No,No,No,13,Month-to-month,Mailed check,75,999.45,Yes,68,Competitor offered higher download speeds,1,76.88076923076923,2,0,44,975,0
6849-OYAMU,Indio,Male,No,Yes,No,19,One year,Bank transfer (automatic),100,1888.65,Yes,71,Competitor offered more data,1,99.40263157894738,1,0,59.5,1900,0
9488-HGMJH,Indian Wells,Female,Yes,No,No,1,Month-to-month,Electronic check,71.15,71.15,Yes,85,Competitor made better offer,1,71.15,2,1,36.075,71.15,0
6038-GCYEC,Palm Desert,Female,No,No,No,24,Month-to-month,Credit card (automatic),54.15,1240.25,Yes,95,Competitor had better devices,1,51.677083333333336,2,0,39.075,1299.6,0
1150-WFARN,Brawley,Female,No,Yes,No,67,Two year,Credit card (automatic),108.75,7156.2,Yes,90,Competitor had better devices,1,106.80895522388059,0,0,87.875,7286.25,1
3144-AUDBS,Calexico,Female,No,Yes,No,6,Month-to-month,Electronic check,49.15,270.8,Yes,86,Competitor offered higher download speeds,1,45.13333333333333,2,1,27.575,294.9,0
5616-PRTNT,Desert Center,Male,No,No,Yes,20,Month-to-month,Electronic check,19.4,374.5,Yes,86,Competitor offered higher download speeds,1,18.725,2,1,19.7,388,0
4818-QIUFN,Desert Hot Springs,Female,Yes,No,No,20,Month-to-month,Electronic check,79.15,1520.9,Yes,95,Competitor offered higher download speeds,1,76.045,2,1,49.575,1583,0
6961-VCPMC,North Palm Springs,Male,Yes,Yes,No,46,Month-to-month,Electronic check,80.4,3605.2,Yes,75,Competitor offered more data,1,78.37391304347825,2,1,63.2,3698.4,1
6688-UZPWD,Palm Springs,Female,No,Yes,No,11,Month-to-month,Electronic check,102,1145.35,Yes,88,Competitor offered more data,1,104.12272727272726,2,1,56.5,1122,0
2839-RFSQE,Rancho Mirage,Female,No,No,No,2,Month-to-month,Mailed check,20.65,38.7,Yes,83,Competitor offered more data,1,19.35,2,0,11.325,41.3,0
1833-VGRUM,Perris,Female,Yes,No,No,1,Month-to-month,Electronic check,74.2,74.2,Yes,71,Price too high,1,74.2,2,1,37.6,74.2,0
0968-GSIKN,Thousand Palms,Female,No,No,No,1,Month-to-month,Mailed check,70.8,70.8,Yes,73,Competitor made better offer,1,70.8,2,0,35.9,70.8,0
1965-DDBWU,Twentynine Palms,Male,No,No,No,16,Month-to-month,Credit card (automatic),89.05,1448.6,Yes,87,Competitor made better offer,1,90.5375,2,0,52.525,1424.8,0
9057-SIHCH,Twentynine Palms,Female,No,No,No,3,Month-to-month,Electronic check,96.6,291.9,Yes,72,Price too high,1,97.3,2,1,49.8,289.79999999999995,0
6771-XWBDM,White Water,Female,No,Yes,No,57,Month-to-month,Credit card (automatic),104.5,5921.35,Yes,80,Product dissatisfaction,1,103.88333333333334,2,0,80.75,5956.5,1
8601-QACRS,Apple Valley,Female,No,No,No,5,Month-to-month,Mailed check,50.6,249.95,Yes,94,Service dissatisfaction,1,49.989999999999995,2,0,27.8,253,0
2391-SOORI,Big Bear City,Male,No,No,Yes,4,Month-to-month,Electronic check,49.35,219.65,Yes,83,Lack of self-service on Website,1,54.9125,2,1,26.675,197.4,0
2645-QTLMB,Bloomington,Male,No,No,No,7,Month-to-month,Electronic check,94.25,669,Yes,99,Network reliability,1,95.57142857142857,2,1,50.625,659.75,0
4806-HIPDW,Calimesa,Female,No,Yes,No,1,Month-to-month,Electronic check,68.95,68.95,Yes,75,Limited range of services,1,68.95,2,1,34.975,68.95,0
4424-TKOPW,Crestline,Male,Yes,No,No,2,Month-to-month,Electronic check,93.85,196.75,Yes,70,Lack of affordable download/upload speed,1,98.375,2,1,47.925,187.7,0
8443-ZRDBZ,Fontana,Male,No,No,No,4,Month-to-month,Electronic check,76.05,318.9,Yes,75,Long distance charges,1,79.725,2,1,40.025,304.2,0
9136-ALYBR,Fontana,Male,No,No,No,1,Month-to-month,Mailed check,24.45,24.45,Yes,65,Extra data charges,1,24.45,2,0,12.725,24.45,0
7479-NITWS,Green Valley Lake,Male,No,No,No,7,Month-to-month,Credit card (automatic),89.35,631.85,Yes,91,Price too high,1,90.26428571428572,2,0,48.175,625.4499999999999,0
2959-MJHIC,Hinkley,Male,No,Yes,No,4,Month-to-month,Electronic check,80.35,307.4,Yes,65,Product dissatisfaction,1,76.85,2,1,42.175,321.4,0
4201-JMNGR,Lucerne Valley,Female,Yes,No,No,1,Month-to-month,Electronic check,55.8,55.8,Yes,87,Service dissatisfaction,1,55.8,2,1,28.4,55.8,0
5960-WPXQM,Newberry Springs,Male,No,No,No,1,Month-to-month,Electronic check,79.05,79.05,Yes,80,Lack of self-service on Website,1,79.05,2,1,40.025,79.05,0
0684-AOSIH,Oro Grande,Male,No,Yes,No,1,Month-to-month,Electronic check,95,95,Yes,82,Network reliability,1,95,2,1,48,95,0
8260-NGFNY,Phelan,Female,No,No,No,1,Month-to-month,Mailed check,25.2,25.2,Yes,82,Don't know,1,25.2,2,0,13.1,25.2,0
1866-RZZQS,Redlands,Male,Yes,No,No,41,Month-to-month,Electronic check,98.4,4187.75,Yes,100,Competitor had better devices,1,102.14024390243902,2,1,69.7,4034.4,1
8631-NBHFZ,Running Springs,Male,Yes,Yes,No,66,Two year,Credit card (automatic),79.4,5154.6,Yes,73,Competitor offered higher download speeds,1,78.10000000000001,0,0,72.7,5240.400000000001,1
4958-XCBDQ,Victorville,Male,Yes,No,No,35,Month-to-month,Electronic check,101.4,3496.3,Yes,92,Competitor offered more data,1,99.89428571428572,2,1,68.2,3549,1
8337-UPOAQ,Wrightwood,Male,Yes,Yes,No,10,Month-to-month,Electronic check,89.8,914.3,Yes,76,Competitor made better offer,1,91.42999999999999,2,1,49.9,898,0
1725-IQNIY,San Bernardino,Male,No,Yes,No,54,Two year,Bank transfer (automatic),109.75,6110.2,Yes,90,Competitor had better devices,1,113.15185185185184,0,0,81.875,5926.5,1
6598-RFFVI,San Bernardino,Male,No,No,No,2,One year,Credit card (automatic),19.3,28.3,Yes,94,Competitor had better devices,1,14.15,1,0,10.65,38.6,0
6712-OAWRH,San Bernardino,Female,Yes,No,No,26,Month-to-month,Electronic check,91.25,2351.8,Yes,76,Competitor offered higher download speeds,1,90.45384615384616,2,1,58.625,2372.5,1
8614-VGMMV,Riverside,Female,No,No,No,15,Month-to-month,Electronic check,49.1,679.55,Yes,86,Competitor offered higher download speeds,1,45.30333333333333,2,1,32.05,736.5,0
2930-UOTMB,Riverside,Female,No,No,No,31,Month-to-month,Credit card (automatic),65.25,1994.3,Yes,68,Competitor offered higher download speeds,1,64.33225806451613,2,0,48.125,2022.75,1
5914-DVBWJ,Riverside,Female,Yes,No,No,18,Month-to-month,Electronic check,85.45,1505.85,Yes,99,Competitor offered more data,1,83.65833333333333,2,1,51.725,1538.1000000000001,0
2533-QVMSK,March Air Reserve Base,Male,No,Yes,No,61,Two year,Electronic check,94.1,5638.3,Yes,71,Competitor offered more data,1,92.43114754098362,0,1,77.55,5740.099999999999,1
8644-XLFBW,Lake Elsinore,Male,Yes,No,No,1,Month-to-month,Electronic check,71.65,71.65,Yes,84,Competitor offered more data,1,71.65,2,1,36.325,71.65,0
8625-AZYZY,Anza,Male,No,Yes,No,24,Month-to-month,Electronic check,104.65,2542.45,Yes,72,Competitor made better offer,1,105.93541666666665,2,1,64.325,2511.6000000000004,1
9306-CPCBC,Moreno Valley,Female,No,No,No,3,Month-to-month,Electronic check,74.25,210.3,Yes,94,Competitor made better offer,1,70.10000000000001,2,1,38.625,222.75,0
8374-XGEJJ,Temecula,Male,Yes,Yes,No,43,Month-to-month,Electronic check,101,4388.4,Yes,87,Product dissatisfaction,1,102.05581395348837,2,1,72,4343,1
2656-TABEH,Temecula,Male,No,Yes,No,4,Month-to-month,Electronic check,100.2,420.2,Yes,82,Service dissatisfaction,1,105.05,2,1,52.1,400.8,0
6946-LMSQS,Temecula,Male,Yes,Yes,No,25,One year,Electronic check,89.05,2177.45,Yes,97,Lack of self-service on Website,1,87.098,1,1,57.025,2226.25,1
2325-ZUSFD,Irvine,Female,No,Yes,No,57,One year,Bank transfer (automatic),70.1,3913.3,Yes,81,Network reliability,1,68.65438596491228,1,0,63.55,3995.7,1
3932-CMDTD,Foothill Ranch,Female,No,No,No,4,One year,Electronic check,105.65,443.9,Yes,66,Limited range of services,1,110.975,1,1,54.825,422.6,0
0812-WUPTB,Corona Del Mar,Male,Yes,Yes,No,1,Month-to-month,Mailed check,70.85,70.85,Yes,69,Long distance charges,1,70.85,2,0,35.925,70.85,0
3594-UVONA,Costa Mesa,Female,No,No,No,35,One year,Credit card (automatic),85.95,3110.1,Yes,99,Extra data charges,1,88.86,1,0,60.475,3008.25,1
0004-TLHLJ,Costa Mesa,Male,No,No,No,4,Month-to-month,Electronic check,73.9,280.85,Yes,71,Price too high,1,70.2125,2,1,38.95,295.6,0
5089-IFSDP,Huntington Beach,Female,No,Yes,No,58,Two year,Bank transfer (automatic),109.45,6144.55,Yes,89,Product dissatisfaction,1,105.94051724137931,0,0,83.725,6348.1,1
4817-VYYWS,Silverado,Female,No,No,No,30,Month-to-month,Electronic check,100.2,2983.8,Yes,90,Service dissatisfaction,1,99.46000000000001,2,1,65.1,3006,1
1396-QWFBJ,Rancho Santa Margarita,Female,No,Yes,No,21,Month-to-month,Bank transfer (automatic),74.05,1565.7,Yes,91,Lack of self-service on Website,1,74.55714285714286,2,0,47.525,1555.05,0
5299-SJCZT,Ladera Ranch,Male,No,No,No,3,Month-to-month,Bank transfer (automatic),101.55,298.35,Yes,73,Network reliability,1,99.45,2,0,52.275,304.65,0
2403-BCASL,Santa Ana,Male,Yes,Yes,No,41,One year,Electronic check,111.95,4534.9,Yes,93,Don't know,1,110.60731707317072,1,1,76.475,4589.95,1
2898-LSJGD,Santa Ana,Female,No,Yes,No,21,One year,Electronic check,55.95,1157.05,Yes,74,Attitude of service provider,1,55.09761904761905,1,1,38.475,1174.95,0
7359-PTSXY,Tustin,Male,No,No,No,1,Month-to-month,Electronic check,45.75,45.75,Yes,97,Attitude of support person,1,45.75,2,1,23.375,45.75,0
4503-BDXBD,Anaheim,Male,No,No,No,11,Month-to-month,Electronic check,74.95,815.5,Yes,76,Attitude of support person,1,74.13636363636364,2,1,42.975,824.45,0
6086-ESGRL,Brea,Female,No,No,No,1,Month-to-month,Credit card (automatic),80.15,80.15,Yes,72,Attitude of support person,1,80.15,2,0,40.575,80.15,0
3886-CERTZ,Fullerton,Female,No,Yes,No,72,One year,Electronic check,109.25,8109.8,Yes,97,Attitude of service provider,1,112.63611111111112,1,1,90.625,7866,1
5759-RCVCB,Orange,Female,No,No,No,3,Month-to-month,Credit card (automatic),35.2,108.95,Yes,100,Attitude of service provider,1,36.31666666666667,2,0,19.1,105.60000000000001,0
6372-RFVNS,Placentia,Female,No,Yes,No,1,Month-to-month,Electronic check,78.8,78.8,Yes,87,Attitude of service provider,1,78.8,2,1,39.9,78.8,0
8938-UMKPI,Corona,Female,No,No,No,47,Month-to-month,Electronic check,106.4,5127.95,Yes,99,Attitude of support person,1,109.10531914893616,2,1,76.7,5000.8,1
0991-BRRFB,Corona,Male,No,No,No,18,Month-to-month,Electronic check,49.4,874.8,Yes,75,Deceased,1,48.599999999999994,2,1,33.7,889.1999999999999,0
3871-IKPYH,Camarillo,Male,Yes,No,No,1,Month-to-month,Electronic check,69.1,69.1,Yes,83,Moved,1,69.1,2,1,35.05,69.1,0
6319-IEJWJ,Camarillo,Male,No,Yes,No,20,Month-to-month,Electronic check,90.2,1776.55,Yes,85,Moved,1,88.8275,2,1,55.1,1804,0
9025-AOMKI,Carpinteria,Female,No,No,No,6,Month-to-month,Bank transfer (automatic),93.55,536.4,Yes,71,Moved,1,89.39999999999999,2,0,49.775,561.3,0
5275-SQEIZ,Ojai,Male,No,No,No,1,Month-to-month,Mailed check,80.85,80.85,Yes,77,Competitor had better devices,1,80.85,2,0,40.925,80.85,0
7716-YTYHG,Oxnard,Female,No,Yes,No,48,One year,Mailed check,82.05,4029.95,Yes,93,Competitor offered higher download speeds,1,83.95729166666666,1,0,65.025,3938.3999999999996,1
4390-KYULV,Piru,Male,No,Yes,No,3,Month-to-month,Credit card (automatic),20.55,51.15,Yes,90,Competitor offered more data,1,17.05,2,0,11.775,61.650000000000006,0
1304-NECVQ,Somis,Female,Yes,No,No,2,Month-to-month,Electronic check,78.55,149.55,Yes,92,Competitor made better offer,1,74.775,2,1,40.275,157.1,0
8945-GRKHX,Santa Barbara,Female,No,No,No,1,Month-to-month,Electronic check,78.65,78.65,Yes,81,Competitor had better devices,1,78.65,2,1,39.825,78.65,0
6959-UWKHF,Alpaugh,Male,No,No,No,1,Month-to-month,Electronic check,42.9,42.9,Yes,87,Competitor had better devices,1,42.9,2,1,21.95,42.9,0
3815-SLMEF,Avenal,Female,No,No,No,3,Month-to-month,Mailed check,34.25,139.35,Yes,88,Competitor offered higher download speeds,1,46.449999999999996,2,0,18.625,102.75,0
5154-VEKBL,Bodfish,Female,No,No,No,9,Month-to-month,Mailed check,58.5,539.85,Yes,95,Competitor offered higher download speeds,1,59.983333333333334,2,0,33.75,526.5,0
5655-JSMZM,Coalinga,Male,Yes,No,No,49,Month-to-month,Electronic check,96.2,4718.25,Yes,74,Competitor offered higher download speeds,1,96.29081632653062,2,1,72.6,4713.8,1
4505-EXZHB,Ducor,Female,Yes,No,No,6,Month-to-month,Electronic check,74.4,434.1,Yes,100,Competitor offered more data,1,72.35000000000001,2,1,40.2,446.40000000000003,0
4587-VVTOX,Frazier Park,Female,No,Yes,No,6,Month-to-month,Electronic check,105.3,545.2,Yes,90,Competitor offered more data,1,90.86666666666667,2,1,55.65,631.8,0
4652-NNHNY,Fellows,Male,No,Yes,No,16,Month-to-month,Bank transfer (automatic),73.85,1284.2,Yes,77,Don't know,1,80.2625,2,0,44.925,1181.6,0
8972-HJWNV,Huron,Female,Yes,Yes,No,7,Month-to-month,Electronic check,84.55,646.85,Yes,80,Competitor made better offer,1,92.40714285714286,2,1,45.775,591.85,0
8515-OCTJS,Lemoore,Female,No,No,No,25,Two year,Credit card (automatic),24.75,692.1,Yes,94,Competitor made better offer,1,27.684,0,0,24.875,618.75,0
2860-RANUS,Mc Kittrick,Female,Yes,No,No,20,Month-to-month,Credit card (automatic),85.8,1727.5,Yes,75,Price too high,1,86.375,2,0,52.9,1716,0
5261-QSHQM,Maricopa,Female,No,No,No,4,Month-to-month,Electronic check,24.45,86.6,Yes,70,Product dissatisfaction,1,21.65,2,1,14.225,97.8,0
8868-WOZGU,Porterville,Male,No,No,No,28,Month-to-month,Electronic check,105.7,2979.5,Yes,72,Service dissatisfaction,1,106.41071428571429,2,1,66.85,2959.6,1
1334-FJSVR,Sequoia National Park,Male,No,No,No,1,Month-to-month,Electronic check,24.25,24.25,Yes,85,Lack of self-service on Website,1,24.25,2,1,12.625,24.25,0
7625-XCQRH,Strathmore,Female,No,No,No,11,Month-to-month,Electronic check,76.5,837.95,Yes,76,Network reliability,1,76.17727272727274,2,1,43.75,841.5,0
1731-TVIUK,Tipton,Female,No,No,No,4,Month-to-month,Electronic check,93.5,362.2,Yes,73,Limited range of services,1,90.55,2,1,48.75,374,0
0406-BPDVR,Visalia,Female,Yes,Yes,No,54,One year,Credit card (automatic),101.5,5373.1,Yes,68,Lack of affordable download/upload speed,1,99.50185185185185,1,0,77.75,5481,1
0618-XWMSS,Wasco,Male,No,No,No,28,Month-to-month,Bank transfer (automatic),74.9,2068.55,Yes,98,Long distance charges,1,73.87678571428572,2,0,51.45,2097.2000000000003,1
5276-KQWHG,Woody,Female,Yes,No,No,2,Month-to-month,Electronic check,69.6,131.65,Yes,74,Extra data charges,1,65.825,2,1,35.8,139.2,0
2565-JSLRY,Bakersfield,Male,No,No,No,1,Month-to-month,Mailed check,24.05,24.05,Yes,67,Price too high,1,24.05,2,0,12.525,24.05,0
6689-KXGBO,San Luis Obispo,Female,No,No,No,1,Month-to-month,Electronic check,50.55,50.55,Yes,87,Product dissatisfaction,1,50.55,2,1,25.775,50.55,0
6615-NGGZJ,Buellton,Male,No,No,No,14,Month-to-month,Electronic check,100.55,1415.55,Yes,72,Service dissatisfaction,1,101.11071428571428,2,1,57.275,1407.7,0
4255-DDUOU,Casmalia,Female,No,Yes,Yes,1,Month-to-month,Mailed check,20.5,20.5,Yes,76,Lack of self-service on Website,1,20.5,2,0,10.75,20.5,0
2984-MIIZL,Guadalupe,Male,No,No,No,4,Month-to-month,Bank transfer (automatic),74.8,321.9,Yes,71,Network reliability,1,80.475,2,0,39.4,299.2,0
3677-TNKIO,Templeton,Female,No,No,No,14,Month-to-month,Credit card (automatic),71,914,Yes,95,Don't know,1,65.28571428571429,2,0,42.5,994,0
9667-EQRXU,Boron,Female,Yes,No,No,30,Month-to-month,Electronic check,40.3,1172.95,Yes,94,Don't know,1,39.098333333333336,2,1,35.15,1209,0
3329-WDIOK,Edwards,Female,No,No,No,3,Month-to-month,Electronic check,50.6,155.35,Yes,83,Poor expertise of online support,1,51.78333333333333,2,1,26.8,151.8,0
2873-ZLIWT,Inyokern,Female,No,Yes,No,40,Month-to-month,Electronic check,84.85,3303.05,Yes,99,Poor expertise of phone support,1,82.57625,2,1,62.425,3394,1
3415-TAILE,Johannesburg,Female,No,Yes,Yes,2,Month-to-month,Mailed check,65.7,134.35,Yes,96,Competitor had better devices,1,67.175,2,0,33.85,131.4,0
1915-IOFGU,Keene,Female,No,No,No,1,Month-to-month,Electronic check,70.5,70.5,Yes,90,Competitor offered higher download speeds,1,70.5,2,1,35.75,70.5,0
3045-XETSH,Lake Hughes,Female,No,No,No,10,Month-to-month,Electronic check,94.85,953.45,Yes,97,Competitor offered more data,1,95.345,2,1,52.425,948.5,0
7239-HZZCX,Lancaster,Male,No,No,No,1,Month-to-month,Mailed check,19.75,19.75,Yes,100,Competitor made better offer,1,19.75,2,0,10.375,19.75,0
7683-CBDKJ,Palmdale,Male,No,Yes,Yes,14,Month-to-month,Electronic check,65.45,937.6,Yes,90,Competitor had better devices,1,66.97142857142858,2,1,39.725,916.3000000000001,0
0946-CLJTI,Palmdale,Male,Yes,Yes,No,58,Month-to-month,Electronic check,98.7,5812.6,Yes,91,Competitor had better devices,1,100.21724137931035,2,1,78.35,5724.6,1
0628-CNQRM,Ridgecrest,Male,No,Yes,No,22,One year,Bank transfer (automatic),67.5,1544.05,Yes,76,Don't know,1,70.18409090909091,1,0,44.75,1485,0
7665-TOALD,Trona,Female,No,No,No,1,Month-to-month,Electronic check,69.6,69.6,Yes,79,Competitor offered higher download speeds,1,69.6,2,1,35.3,69.6,0
0112-QWPNC,Valyermo,Male,No,Yes,No,49,One year,Electronic check,84.35,4059.35,Yes,73,Competitor offered higher download speeds,1,82.84387755102041,1,1,66.675,4133.15,1
0324-BRPCJ,Palmdale,Female,Yes,Yes,No,68,Month-to-month,Electronic check,100.2,6851.65,Yes,70,Competitor offered more data,1,100.7595588235294,2,1,84.1,6813.6,1
2777-PHDEI,Ahwahnee,Female,No,No,No,1,Month-to-month,Electronic check,78.05,78.05,Yes,98,Competitor offered more data,1,78.05,2,1,39.525,78.05,0
1196-AMORA,Big Creek,Male,No,No,No,7,Month-to-month,Electronic check,73.6,520,Yes,87,Competitor offered more data,1,74.28571428571429,2,1,40.3,515.1999999999999,0
4282-YMKNA,Biola,Female,No,No,No,9,Month-to-month,Electronic check,74.75,706.6,Yes,82,Competitor made better offer,1,78.51111111111112,2,1,41.875,672.75,0
5356-RHIPP,Dinuba,Male,No,No,No,1,Month-to-month,Mailed check,20.2,20.2,Yes,81,Competitor made better offer,1,20.2,2,0,10.6,20.2,0
9189-JWSHV,Helm,Female,Yes,Yes,No,24,Month-to-month,Electronic check,93.55,2264.05,Yes,100,Price too high,1,94.33541666666667,2,1,58.775,2245.2,1
0746-JTRFU,Kingsburg,Male,No,No,No,2,Month-to-month,Electronic check,25.05,56.35,Yes,77,Product dissatisfaction,1,28.175,2,1,13.525,50.1,0
0576-WNXXC,Parlier,Male,Yes,Yes,No,27,Month-to-month,Electronic check,95.55,2510.2,Yes,75,Service dissatisfaction,1,92.97037037037036,2,1,61.275,2579.85,1
4628-CTTLA,Sanger,Male,No,No,No,57,Month-to-month,Electronic check,39.3,2111.45,Yes,66,Lack of self-service on Website,1,37.04298245614035,2,1,48.15,2240.1,1
2876-VBBBL,Shaver Lake,Female,No,No,No,1,Month-to-month,Mailed check,20.25,20.25,Yes,85,Network reliability,1,20.25,2,0,10.625,20.25,0
6834-NXDCA,South Dos Palos,Female,No,No,No,13,Month-to-month,Electronic check,23.9,300.8,Yes,82,Limited range of services,1,23.138461538461538,2,1,18.45,310.7,0
5597-GLBUC,Squaw Valley,Female,No,No,No,1,Month-to-month,Electronic check,85.45,85.45,Yes,95,Lack of affordable download/upload speed,1,85.45,2,1,43.225,85.45,0
2748-MYRVK,Fresno,Female,No,No,No,63,One year,Bank transfer (automatic),99.9,6137,Yes,71,Long distance charges,1,97.41269841269842,1,0,81.45,6293.700000000001,1
4822-YCXMX,Fresno,Male,No,No,No,25,Month-to-month,Electronic check,84.8,2043.45,Yes,70,Extra data charges,1,81.738,2,1,54.9,2120,1
9821-POOTN,Fresno,Male,No,Yes,No,35,Month-to-month,Electronic check,75.2,2576.2,Yes,94,Price too high,1,73.60571428571428,2,1,55.1,2632,1
6559-ILWKJ,Fresno,Male,No,Yes,No,71,Two year,Electronic check,49.35,3515.25,Yes,95,Product dissatisfaction,1,49.51056338028169,0,1,60.175,3503.85,1
3707-LRWZD,Oakland,Female,No,No,No,32,One year,Electronic check,84.05,2781.85,Yes,68,Moved,1,86.9328125,1,1,58.025,2689.6,1
4229-CZMLL,Salinas,Male,No,No,No,6,Month-to-month,Electronic check,74.9,469.8,Yes,87,Service dissatisfaction,1,78.3,2,1,40.45,449.40000000000003,0
3663-MITLP,Marina,Female,No,No,No,15,Month-to-month,Electronic check,101.25,1457.25,Yes,85,Lack of self-service on Website,1,97.15,2,1,58.125,1518.75,0
9025-ZRPVR,Pacific Grove,Male,No,No,No,9,Month-to-month,Mailed check,18.95,185.6,Yes,78,Network reliability,1,20.62222222222222,2,0,13.975,170.54999999999998,0
3285-UCQVC,Seaside,Female,No,No,No,37,Month-to-month,Credit card (automatic),28.6,973.55,Yes,82,Don't know,1,26.31216216216216,2,0,32.8,1058.2,0
5482-PLVPE,Daly City,Female,Yes,No,No,2,Month-to-month,Electronic check,24.35,41.85,Yes,72,Competitor had better devices,1,20.925,2,1,13.175,48.7,0
4902-OHLSK,Half Moon Bay,Female,Yes,No,No,29,Month-to-month,Electronic check,98.65,2862.75,Yes,93,Competitor offered higher download speeds,1,98.71551724137932,2,1,63.825,2860.8500000000004,1
0495-ZBNGW,Loma Mar,Male,Yes,Yes,No,5,Month-to-month,Bank transfer (automatic),79.9,343.95,Yes,90,Competitor offered more data,1,68.78999999999999,2,0,42.45,399.5,0
2357-COQEK,Atherton,Female,Yes,No,No,28,Month-to-month,Electronic check,103.3,2890.65,Yes,78,Competitor made better offer,1,103.2375,2,1,65.65,2892.4,1
3737-GCSPV,Millbrae,Female,No,Yes,No,11,Month-to-month,Credit card (automatic),96.2,1222.05,Yes,92,Competitor had better devices,1,111.09545454545454,2,0,53.6,1058.2,0
4088-YLDSU,Redwood City,Male,No,Yes,No,55,One year,Electronic check,104.15,5743.05,Yes,86,Competitor had better devices,1,104.41909090909091,1,1,79.575,5728.25,1
2034-CGRHZ,San Francisco,Male,Yes,No,No,24,Month-to-month,Credit card (automatic),102.95,2496.7,Yes,66,Competitor offered higher download speeds,1,104.02916666666665,2,0,63.475,2470.8,1
5797-APWZC,San Francisco,Female,No,No,No,1,Month-to-month,Electronic check,90.6,90.6,Yes,92,Competitor offered higher download speeds,1,90.6,2,1,45.8,90.6,0
3683-QKIUE,San Francisco,Female,No,No,No,6,Month-to-month,Bank transfer (automatic),50.8,288.05,Yes,88,Competitor offered higher download speeds,1,48.00833333333333,2,0,28.4,304.79999999999995,0
4228-ZGYUW,San Francisco,Male,No,No,No,4,Month-to-month,Electronic check,90.05,368.1,Yes,98,Competitor offered more data,1,92.025,2,1,47.025,360.2,0
3519-ZKXGG,San Francisco,Female,No,Yes,No,3,Month-to-month,Electronic check,75.85,256.6,Yes,79,Competitor offered more data,1,85.53333333333335,2,1,39.425,227.54999999999998,0
6416-TVAIH,San Francisco,Male,No,Yes,No,1,Month-to-month,Electronic check,68.5,68.5,Yes,89,Competitor offered more data,1,68.5,2,1,34.75,68.5,0
5108-ADXWO,San Francisco,Male,No,No,No,11,Month-to-month,Electronic check,73.5,791.75,Yes,75,Competitor made better offer,1,71.97727272727273,2,1,42.25,808.5,0
3066-RRJIO,San Francisco,Female,No,No,No,1,Month-to-month,Mailed check,69.95,69.95,Yes,65,Competitor made better offer,1,69.95,2,0,35.475,69.95,0
6715-OFDBP,Palo Alto,Male,No,No,No,5,Month-to-month,Electronic check,70.05,346.4,Yes,84,Price too high,1,69.28,2,1,37.525,350.25,0
1567-DSCIC,San Mateo,Male,No,No,No,8,Month-to-month,Electronic check,94,773.65,Yes,71,Product dissatisfaction,1,96.70625,2,1,51,752,0
2150-UWTFY,San Mateo,Female,No,Yes,Yes,22,Month-to-month,Mailed check,61.15,1422.05,Yes,87,Service dissatisfaction,1,64.63863636363637,2,0,41.575,1345.3,0
2683-BPJSO,Byron,Male,No,Yes,No,29,Month-to-month,Electronic check,84.45,2467.1,Yes,99,Lack of self-service on Website,1,85.07241379310345,2,1,56.725,2449.05,1
2157-MXBJS,Calistoga,Male,No,Yes,No,13,One year,Mailed check,75.3,989.45,Yes,89,Network reliability,1,76.11153846153846,1,0,44.15,978.9,0
9360-AHGNL,Concord,Female,Yes,Yes,No,43,One year,Mailed check,109.55,4830.25,Yes,69,Limited range of services,1,112.3313953488372,1,0,76.275,4710.65,1
1087-UDSIH,Concord,Female,No,No,No,3,Month-to-month,Mailed check,19.6,59.75,Yes,81,Lack of affordable download/upload speed,1,19.916666666666668,2,0,11.3,58.800000000000004,0
5485-WUYWF,Crockett,Male,Yes,No,No,2,Month-to-month,Bank transfer (automatic),66.4,94.55,Yes,87,Long distance charges,1,47.275,2,0,34.2,132.8,0
2632-UCGVD,Fairfield,Male,Yes,Yes,No,66,Month-to-month,Credit card (automatic),100.05,6871.9,Yes,72,Extra data charges,1,104.11969696969696,2,0,83.025,6603.3,1
5445-PZWGX,Travis Afb,Male,No,No,No,62,One year,Electronic check,102,6529.25,Yes,87,Price too high,1,105.31048387096774,1,1,82,6324,1
9170-CCKOU,Fremont,Male,No,Yes,No,17,Month-to-month,Credit card (automatic),90.2,1454.15,Yes,91,Product dissatisfaction,1,85.53823529411765,2,0,53.6,1533.4,0
1043-YCUTE,Hayward,Male,No,Yes,No,56,Two year,Credit card (automatic),25.15,1327.15,Yes,79,Service dissatisfaction,1,23.699107142857144,0,0,40.575,1408.3999999999999,0
3814-MLAXC,Hayward,Female,No,No,No,31,Month-to-month,Credit card (automatic),79.85,2404.15,Yes,67,Lack of self-service on Website,1,77.55322580645162,2,0,55.425,2475.35,1
1226-UDFZR,Lafayette,Female,No,No,No,2,Month-to-month,Mailed check,49.6,114.7,Yes,78,Network reliability,1,57.35,2,0,25.8,99.2,0
6425-YQLLO,Pinole,Female,Yes,Yes,No,66,One year,Credit card (automatic),105.95,6975.25,Yes,86,Don't know,1,105.68560606060606,1,0,85.975,6992.7,1
5442-UTCVD,Pittsburg,Male,No,No,No,3,Month-to-month,Electronic check,91.85,257.05,Yes,91,Attitude of service provider,1,85.68333333333334,2,1,47.425,275.54999999999995,0
7734-DBOAI,Pope Valley,Female,No,Yes,Yes,1,Month-to-month,Electronic check,40.1,40.1,Yes,93,Attitude of support person,1,40.1,2,1,20.55,40.1,0
2091-RFFBA,Port Costa,Female,Yes,No,No,31,Month-to-month,Electronic check,73.9,2217.15,Yes,75,Attitude of support person,1,71.5209677419355,2,1,52.45,2290.9,1
4603-JANFB,Glencoe,Male,No,No,No,1,Month-to-month,Electronic check,69.85,69.85,Yes,97,Poor expertise of online support,1,69.85,2,1,35.425,69.85,0
2114-MGINA,Rio Vista,Female,No,No,No,14,Month-to-month,Mailed check,89.8,1129.1,Yes,81,Attitude of support person,1,80.64999999999999,2,0,51.9,1257.2,0
4489-SNOJF,Deer Park,Female,No,Yes,Yes,35,Month-to-month,Electronic check,72.25,2568.55,Yes,83,Don't know,1,73.38714285714286,2,1,53.625,2528.75,1
6899-PPEEA,Vallejo,Female,Yes,No,No,37,Month-to-month,Electronic check,96.55,3580.3,Yes,81,Attitude of service provider,1,96.76486486486488,2,1,66.775,3572.35,1
2187-LZGPL,Walnut Creek,Female,No,No,No,7,Month-to-month,Credit card (automatic),40.1,293.3,Yes,68,Attitude of service provider,1,41.9,2,0,23.55,280.7,0
4597-NUCQV,Oakland,Male,Yes,No,No,24,Month-to-month,Electronic check,101.25,2440.15,Yes,87,Attitude of support person,1,101.67291666666667,2,1,62.625,2430,1
9019-QVLZD,Oakland,Female,No,No,No,1,Month-to-month,Electronic check,79.55,79.55,Yes,81,Competitor made better offer,1,79.55,2,1,40.275,79.55,0
1455-ESIQH,Oakland,Male,No,No,No,1,Month-to-month,Electronic check,89.1,89.1,Yes,79,Moved,1,89.1,2,1,45.05,89.1,0
2979-SXESE,Berkeley,Female,No,Yes,No,17,Month-to-month,Electronic check,94.4,1607.2,Yes,66,Moved,1,94.54117647058824,2,1,55.7,1604.8000000000002,0
4013-TLDHQ,Berkeley,Male,No,No,No,19,Month-to-month,Electronic check,78.25,1490.95,Yes,72,Competitor had better devices,1,78.47105263157896,2,1,48.625,1486.75,0
3754-DXMRT,San Pablo,Male,Yes,No,No,2,Month-to-month,Electronic check,44.15,92.65,Yes,86,Competitor offered higher download speeds,1,46.325,2,1,23.075,88.3,0
7130-VTEWQ,San Rafael,Female,Yes,No,No,8,Month-to-month,Electronic check,75.75,606.25,Yes,92,Competitor offered more data,1,75.78125,2,1,41.875,606,0
6121-VZNQB,Bolinas,Female,No,No,No,1,Month-to-month,Mailed check,19.1,19.1,Yes,84,Competitor made better offer,1,19.1,2,0,10.05,19.1,0
7903-CMPEY,Corte Madera,Male,Yes,Yes,No,1,Month-to-month,Electronic check,80.3,80.3,Yes,87,Competitor had better devices,1,80.3,2,1,40.65,80.3,0
6996-KNSML,Cotati,Female,No,No,No,1,Month-to-month,Electronic check,74.9,74.9,Yes,73,Competitor had better devices,1,74.9,2,1,37.95,74.9,0
1704-NRWYE,Point Reyes Station,Female,Yes,No,No,9,Month-to-month,Electronic check,80.85,751.65,Yes,71,Competitor offered higher download speeds,1,83.51666666666667,2,1,44.925,727.65,0
2592-SEIFQ,San Anselmo,Male,No,No,No,3,Month-to-month,Electronic check,24.75,66.95,Yes,69,Competitor offered higher download speeds,1,22.316666666666666,2,1,13.875,74.25,0
7481-ATQQS,Boulder Creek,Female,Yes,No,No,49,Month-to-month,Credit card (automatic),90.85,4515.85,Yes,70,Competitor offered higher download speeds,1,92.16020408163266,2,0,69.925,4451.65,1
8642-GVWRF,Capitola,Female,No,Yes,No,2,Month-to-month,Bank transfer (automatic),79.7,165,Yes,65,Competitor offered more data,1,82.5,2,0,40.85,159.4,0
3400-ESFUW,Cupertino,Male,No,Yes,No,55,Two year,Bank transfer (automatic),57.55,3046.4,Yes,69,Competitor offered more data,1,55.38909090909091,0,0,56.275,3165.25,1
2057-ZBLPD,Los Gatos,Female,No,Yes,No,21,Month-to-month,Electronic check,86.5,1808.7,Yes,72,Competitor offered more data,1,86.12857142857143,2,1,53.75,1816.5,0
5502-RLUYV,Milpitas,Female,No,Yes,No,69,Month-to-month,Electronic check,103.95,7446.9,Yes,86,Competitor made better offer,1,107.92608695652173,2,1,86.475,7172.55,1
0023-HGHWL,Morgan Hill,Male,Yes,No,No,1,Month-to-month,Electronic check,25.1,25.1,Yes,85,Competitor made better offer,1,25.1,2,1,13.05,25.1,0
9039-RBEEE,Santa Clara,Male,No,No,No,39,Month-to-month,Credit card (automatic),48.95,1880.85,Yes,80,Price too high,1,48.22692307692307,2,0,43.975,1909.0500000000002,0
8417-FMLZI,Santa Cruz,Male,No,Yes,No,6,Month-to-month,Credit card (automatic),83.55,477.55,Yes,91,Product dissatisfaction,1,79.59166666666667,2,0,44.775,501.29999999999995,0
1792-UXAFY,San Jose,Female,Yes,No,No,17,Month-to-month,Electronic check,89.15,1496.9,Yes,89,Service dissatisfaction,1,88.0529411764706,2,1,53.075,1515.5500000000002,0
0515-YPMCW,San Jose,Male,No,No,No,1,Month-to-month,Mailed check,70.45,70.45,Yes,90,Lack of self-service on Website,1,70.45,2,0,35.725,70.45,0
0378-XSZPU,San Jose,Male,No,Yes,No,58,One year,Credit card (automatic),60.3,3563.8,Yes,88,Network reliability,1,61.4448275862069,1,0,59.15,3497.3999999999996,1
4729-XKASR,San Jose,Male,No,No,Yes,1,Month-to-month,Electronic check,24.75,24.75,Yes,96,Limited range of services,1,24.75,2,1,12.875,24.75,0
5449-FIBXJ,San Jose,Male,No,Yes,No,19,Month-to-month,Electronic check,103.3,2012.7,Yes,67,Lack of affordable download/upload speed,1,105.93157894736842,2,1,61.15,1962.7,0
9837-BMCLM,Stockton,Male,No,No,No,3,Month-to-month,Electronic check,78.5,242.05,Yes,71,Long distance charges,1,80.68333333333334,2,1,40.75,235.5,0
0137-UDEUO,Stockton,Female,No,No,No,3,Month-to-month,Mailed check,19.85,63.75,Yes,95,Extra data charges,1,21.25,2,0,11.425,59.550000000000004,0
6161-UUUTA,Stockton,Male,Yes,No,No,3,Month-to-month,Electronic check,79.9,260.9,Yes,97,Price too high,1,86.96666666666665,2,1,41.45,239.70000000000002,0
6543-XRMYR,Stockton,Female,Yes,No,No,30,Month-to-month,Electronic check,99.7,2967.35,Yes,69,Product dissatisfaction,1,98.91166666666666,2,1,64.85,2991,1
4925-LMHOK,Stockton,Male,No,No,No,15,Month-to-month,Credit card (automatic),58.6,939.7,Yes,97,Service dissatisfaction,1,62.64666666666667,2,0,36.8,879,0
1455-UGQVH,Acampo,Male,No,Yes,No,10,Month-to-month,Electronic check,98.5,1037.75,Yes,91,Lack of self-service on Website,1,103.775,2,1,54.25,985,0
8280-MQRQN,Arnold,Female,No,No,No,1,Month-to-month,Mailed check,50.45,50.45,Yes,69,Network reliability,1,50.45,2,0,25.725,50.45,0
2232-DMLXU,Van Nuys,Female,No,Yes,No,1,Month-to-month,Mailed check,55.2,55.2,Yes,81,Poor expertise of online support,1,55.2,2,0,28.1,55.2,0
8937-RDTHP,Burbank,Male,No,No,Yes,1,Month-to-month,Mailed check,84.6,84.6,Yes,66,Poor expertise of phone support,1,84.6,2,0,42.8,84.6,0
2037-SGXHH,Campo Seco,Male,No,Yes,No,38,Month-to-month,Electronic check,94.65,3624.3,Yes,71,Don't know,1,95.3763157894737,2,1,66.325,3596.7000000000003,1
3178-FESZO,Clements,Female,No,No,No,1,Month-to-month,Credit card (automatic),100.25,100.25,Yes,100,Don't know,1,100.25,2,0,50.625,100.25,0
6087-MVHJH,French Camp,Female,No,No,No,16,Month-to-month,Electronic check,88.45,1422.1,Yes,88,Don't know,1,88.88125,2,1,52.225,1415.2,0
3018-TFTSU,Hathaway Pines,Male,No,No,No,12,Month-to-month,Bank transfer (automatic),81.7,858.6,Yes,76,Poor expertise of phone support,1,71.55,2,0,46.85,980.4000000000001,0
4806-KEXQR,Lockeford,Male,No,No,No,4,Month-to-month,Electronic check,79.9,324.3,Yes,77,Competitor had better devices,1,81.075,2,1,41.95,319.6,0
7083-YNSKY,Lodi,Female,No,No,No,15,Month-to-month,Credit card (automatic),25.4,399.6,Yes,86,Competitor offered higher download speeds,1,26.64,2,0,20.2,381,0
2479-BRAMR,Murphys,Male,Yes,Yes,No,41,Month-to-month,Bank transfer (automatic),83.75,3273.55,Yes,71,Competitor offered more data,1,79.84268292682927,2,0,62.375,3433.75,1
7434-SHXLS,Wallace,Female,No,No,No,1,Month-to-month,Mailed check,20.9,20.9,Yes,82,Competitor made better offer,1,20.9,2,0,10.95,20.9,0
7908-QCBCA,Atwater,Female,No,Yes,No,1,Month-to-month,Mailed check,69.4,69.4,Yes,65,Competitor had better devices,1,69.4,2,0,35.2,69.4,0
6711-FLDFB,Big Oak Flat,Female,No,No,No,7,Month-to-month,Electronic check,74.9,541.15,Yes,68,Competitor had better devices,1,77.30714285714285,2,1,40.95,524.3000000000001,0
3714-JTVOV,Crows Landing,Female,Yes,Yes,No,42,Month-to-month,Credit card (automatic),74.15,3229.4,Yes,94,Competitor offered higher download speeds,1,76.89047619047619,2,0,58.075,3114.3,1
4702-IOQDC,Gustine,Female,No,No,No,1,Month-to-month,Electronic check,70.1,70.1,Yes,100,Competitor offered higher download speeds,1,70.1,2,1,35.55,70.1,0
6178-KFNHS,Hughson,Female,No,No,No,12,Month-to-month,Electronic check,78.3,909.25,Yes,98,Competitor offered higher download speeds,1,75.77083333333333,2,1,45.15,939.5999999999999,0
1264-BYWMS,La Grange,Male,No,No,No,55,Month-to-month,Electronic check,96.8,5283.95,Yes,82,Competitor offered more data,1,96.07181818181817,2,1,75.9,5324,1
9658-WYUFB,Lathrop,Female,No,No,No,17,Month-to-month,Electronic check,94.4,1617.5,Yes,66,Competitor offered more data,1,95.1470588235294,2,1,55.7,1604.8000000000002,0
2013-SGDXK,Mariposa,Female,No,No,No,1,Month-to-month,Electronic check,84.3,84.3,Yes,78,Competitor offered more data,1,84.3,2,1,42.65,84.3,0
8580-QVLOC,Merced,Female,Yes,Yes,No,72,Two year,Credit card (automatic),92.45,6440.25,Yes,78,Competitor made better offer,1,89.44791666666667,0,0,82.225,6656.400000000001,1
2012-NWRPA,Modesto,Female,Yes,Yes,No,11,Month-to-month,Electronic check,99.55,1131.2,Yes,71,Competitor made better offer,1,102.83636363636364,2,1,55.275,1095.05,0
8808-ELEHO,Modesto,Male,Yes,No,No,8,Month-to-month,Electronic check,81.25,585.95,Yes,72,Price too high,1,73.24375,2,1,44.625,650,0
3506-LCJDC,Modesto,Male,No,Yes,Yes,1,Month-to-month,Bank transfer (automatic),19.95,19.95,Yes,76,Product dissatisfaction,1,19.95,2,0,10.475,19.95,0
3934-HXCFZ,Pinecrest,Male,No,Yes,No,23,Month-to-month,Electronic check,99.25,2186.4,Yes,76,Service dissatisfaction,1,95.0608695652174,2,1,61.125,2282.75,1
7666-WKRON,Riverbank,Female,No,No,No,39,Two year,Electronic check,80.45,3201.55,Yes,85,Lack of self-service on Website,1,82.09102564102565,0,1,59.725,3137.55,1
4910-AQFFX,Soulsbyville,Male,No,Yes,No,9,Month-to-month,Bank transfer (automatic),79.35,661.25,Yes,93,Network reliability,1,73.47222222222223,2,0,44.175,714.15,0
2154-KVJFF,Stevinson,Female,No,No,No,15,Month-to-month,Electronic check,79.75,1111.85,Yes,65,Limited range of services,1,74.12333333333332,2,1,47.375,1196.25,0
9647-ERGBE,Turlock,Female,No,Yes,No,30,Month-to-month,Electronic check,100.05,3046.15,Yes,100,Lack of affordable download/upload speed,1,101.53833333333334,2,1,65.025,3001.5,1
3428-XZMAZ,Turlock,Male,No,No,No,1,Month-to-month,Electronic check,69.35,69.35,Yes,91,Long distance charges,1,69.35,2,1,35.175,69.35,0
0378-TOVMS,Vernalis,Female,No,No,No,3,Month-to-month,Electronic check,85.8,272.2,Yes,89,Extra data charges,1,90.73333333333333,2,1,44.4,257.4,0
4355-HBJHH,Waterford,Male,No,Yes,No,67,Two year,Electronic check,79.7,5293.4,Yes,77,Price too high,1,79.00597014925373,0,1,73.35,5339.900000000001,1
9058-CBREO,Winton,Female,Yes,No,No,1,Month-to-month,Mailed check,50.55,50.55,Yes,95,Product dissatisfaction,1,50.55,2,0,25.775,50.55,0
0318-QUUOB,Santa Rosa,Male,No,Yes,No,1,Month-to-month,Electronic check,80.55,80.55,Yes,91,Service dissatisfaction,1,80.55,2,1,40.775,80.55,0
5520-FVEWJ,Santa Rosa,Female,No,Yes,No,12,Month-to-month,Electronic check,84.5,916.9,Yes,84,Lack of self-service on Website,1,76.40833333333333,2,1,48.25,1014,0
5572-ZDXHY,Santa Rosa,Female,No,No,No,22,Month-to-month,Mailed check,84.3,1855.65,Yes,85,Network reliability,1,84.34772727272728,2,0,53.15,1854.6,0
3750-CKVKH,Clearlake Oaks,Male,No,No,No,2,Month-to-month,Electronic check,67.75,116.65,Yes,71,Don't know,1,58.325,2,1,34.875,135.5,0
8063-GBATB,Cobb,Female,Yes,No,No,27,Month-to-month,Electronic check,85.25,2287.25,Yes,80,Competitor had better devices,1,84.71296296296296,2,1,56.125,2301.75,1
1251-KRREG,North Hollywood,Male,No,No,No,2,Month-to-month,Mailed check,54.4,114.1,Yes,81,Price too high,1,57.05,2,0,28.2,108.8,0
4547-KQRTM,Eldridge,Female,No,No,No,10,Month-to-month,Bank transfer (automatic),80.05,830.7,Yes,76,Competitor offered higher download speeds,1,83.07000000000001,2,0,45.025,800.5,0
4877-EVATK,Elk,Male,No,No,No,1,Month-to-month,Mailed check,20,20,Yes,83,Competitor offered more data,1,20,2,0,10.5,20,0
7639-SUPCW,Glen Ellen,Female,No,No,No,22,Month-to-month,Credit card (automatic),48.8,1054.6,Yes,100,Competitor made better offer,1,47.93636363636363,2,0,35.4,1073.6,0
1069-XAIEM,Mendocino,Female,Yes,No,No,1,Month-to-month,Electronic check,85.05,85.05,Yes,96,Competitor had better devices,1,85.05,2,1,43.025,85.05,0
4658-HCOHW,Redwood Valley,Female,No,Yes,No,21,Month-to-month,Electronic check,102.8,2110.15,Yes,100,Competitor had better devices,1,100.48333333333333,2,1,61.9,2158.7999999999997,1
3440-JPSCL,Sonoma,Female,No,No,No,6,Month-to-month,Mailed check,99.95,547.65,Yes,87,Competitor offered higher download speeds,1,91.27499999999999,2,0,52.975,599.7,0
2889-FPWRM,Mckinleyville,Male,No,Yes,No,72,One year,Bank transfer (automatic),117.8,8684.8,Yes,100,Competitor offered higher download speeds,1,120.6222222222222,1,0,94.9,8481.6,1
6987-XQSJT,Blue Lake,Female,Yes,No,No,54,Month-to-month,Electronic check,79.5,4370.25,Yes,78,Competitor offered higher download speeds,1,80.93055555555556,2,1,66.75,4293,1
5919-TMRGD,Huntington Park,Female,No,No,Yes,1,Month-to-month,Electronic check,79.35,79.35,Yes,87,Product dissatisfaction,1,79.35,2,1,40.175,79.35,0
0643-OKLRP,Azusa,Female,Yes,Yes,No,47,Month-to-month,Electronic check,80.35,3825.85,Yes,95,Network reliability,1,81.40106382978723,2,1,63.675,3776.45,1
4290-BSXUX,Fields Landing,Male,No,Yes,No,3,Month-to-month,Bank transfer (automatic),79.65,251.75,Yes,87,Competitor offered more data,1,83.91666666666667,2,0,41.325,238.95000000000002,0
0325-XBFAC,Hoopa,Male,No,No,No,8,Month-to-month,Electronic check,94.7,740.3,Yes,94,Competitor offered more data,1,92.5375,2,1,51.35,757.6,0
2462-XIIJB,Miranda,Male,No,No,No,5,Month-to-month,Electronic check,92.5,452.7,Yes,73,Competitor offered more data,1,90.53999999999999,2,1,48.75,462.5,0
4760-XOHVN,Myers Flat,Female,No,Yes,Yes,1,Month-to-month,Mailed check,19.45,19.45,Yes,84,Competitor made better offer,1,19.45,2,0,10.225,19.45,0
7817-BOQPW,Rio Dell,Female,No,No,No,2,Month-to-month,Electronic check,75.55,166.3,Yes,77,Competitor made better offer,1,83.15,2,1,38.775,151.1,0
1853-UDXBW,Samoa,Male,No,Yes,No,1,Month-to-month,Electronic check,70,70,Yes,85,Price too high,1,70,2,1,35.5,70,0
5458-CQJTA,Smith River,Male,No,Yes,No,65,Two year,Bank transfer (automatic),74.8,4820.15,Yes,89,Product dissatisfaction,1,74.15615384615384,0,0,69.9,4862,1
5219-YIPTK,Trinidad,Female,No,Yes,No,33,Month-to-month,Electronic check,104.4,3409.6,Yes,71,Service dissatisfaction,1,103.32121212121211,2,1,68.7,3445.2000000000003,1
3540-RZJYU,Zenia,Female,No,No,No,15,Month-to-month,Electronic check,86.2,1270.2,Yes,90,Lack of self-service on Website,1,84.68,2,1,50.6,1293,0
2091-MJTFX,Auburn,Female,No,Yes,Yes,30,Month-to-month,Credit card (automatic),51.2,1561.5,Yes,79,Network reliability,1,52.05,2,0,40.6,1536,0
0883-EIBTI,Clarksburg,Female,No,No,No,2,Month-to-month,Mailed check,19.5,31.55,Yes,82,Limited range of services,1,15.775,2,0,10.75,39,0
0722-TROQR,Davis,Female,Yes,No,No,4,Month-to-month,Electronic check,74.9,321.75,Yes,78,Lack of affordable download/upload speed,1,80.4375,2,1,39.45,299.6,0
7571-YXDAD,Davis,Female,No,No,No,2,Month-to-month,Credit card (automatic),74.9,147.15,Yes,93,Long distance charges,1,73.575,2,0,38.45,149.8,0
3393-FMZPV,Elverta,Female,No,No,No,25,Month-to-month,Electronic check,100.25,2387.75,Yes,74,Extra data charges,1,95.51,2,1,62.625,2506.25,1
6402-ZFPPI,Fair Oaks,Female,Yes,No,No,25,Month-to-month,Mailed check,102.8,2660.2,Yes,94,Price too high,1,106.40799999999999,2,0,63.9,2570,1
7486-KSRVI,Folsom,Male,No,No,No,43,One year,Electronic check,100,4211.55,Yes,93,Product dissatisfaction,1,97.94302325581396,1,1,71.5,4300,1
8443-WVPSS,Galt,Male,No,Yes,No,10,Month-to-month,Electronic check,99.85,990.9,Yes,69,Service dissatisfaction,1,99.09,2,1,54.925,998.5,0
3006-XIMLN,Garden Valley,Female,No,No,No,2,Month-to-month,Bank transfer (automatic),94.2,193.8,Yes,79,Lack of self-service on Website,1,96.9,2,0,48.1,188.4,0
9965-YOKZB,Grizzly Flats,Male,Yes,No,No,9,Month-to-month,Electronic check,83.85,790.15,Yes,71,Network reliability,1,87.79444444444444,2,1,46.425,754.65,0
0504-HHAPI,Guinda,Female,Yes,No,No,27,Month-to-month,Credit card (automatic),88.3,2467.75,Yes,96,Don't know,1,91.39814814814815,2,0,57.65,2384.1,1
6305-YLBMM,Hood,Male,No,No,No,69,One year,Bank transfer (automatic),104.05,7262,Yes,100,Attitude of service provider,1,105.2463768115942,1,0,86.525,7179.45,1
3647-GMGDH,Jackson,Male,No,Yes,No,22,Month-to-month,Credit card (automatic),94.7,1914.9,Yes,72,Attitude of support person,1,87.0409090909091,2,0,58.35,2083.4,1
3791-LGQCY,Loomis,Female,Yes,Yes,No,56,Month-to-month,Bank transfer (automatic),100.65,5688.05,Yes,85,Attitude of support person,1,101.57232142857143,2,0,78.325,5636.400000000001,1
8166-ZZTFS,Roseville,Female,Yes,Yes,No,66,Two year,Bank transfer (automatic),80.55,5265.1,Yes,94,Attitude of support person,1,79.77424242424243,0,0,73.275,5316.3,1
2956-GGUCQ,Pioneer,Male,Yes,Yes,No,24,Month-to-month,Electronic check,78.85,1772.25,Yes,65,Attitude of service provider,1,73.84375,2,1,51.425,1892.3999999999999,0
6595-COKXZ,Plymouth,Female,No,No,No,1,Month-to-month,Mailed check,44.45,44.45,Yes,65,Attitude of service provider,1,44.45,2,0,22.725,44.45,0
0094-OIFMO,North Hollywood,Female,Yes,No,Yes,11,Month-to-month,Electronic check,95,1120.3,Yes,85,Product dissatisfaction,1,101.84545454545454,2,1,53,1045,0
0362-ZBZWJ,Thornton,Male,No,No,No,36,Month-to-month,Electronic check,84.9,3067.2,Yes,69,Attitude of service provider,1,85.19999999999999,2,1,60.45,3056.4,1
4211-MMAZN,Vacaville,Male,No,No,No,1,Month-to-month,Mailed check,20.25,20.25,Yes,89,Attitude of support person,1,20.25,2,0,10.625,20.25,0
4274-OWWYO,Walnut Grove,Male,No,No,No,1,Month-to-month,Electronic check,74.35,74.35,Yes,66,Deceased,1,74.35,2,1,37.675,74.35,0
1541-ETJZO,Wheatland,Male,No,No,No,1,Month-to-month,Mailed check,62.05,62.05,Yes,86,Moved,1,62.05,2,0,31.525,62.05,0
4106-HADHQ,Emigrant Gap,Male,No,Yes,No,39,One year,Credit card (automatic),80,3182.95,Yes,76,Moved,1,81.61410256410257,1,0,59.5,3120,1
2369-UAPKZ,Meadow Vista,Male,No,No,No,5,Month-to-month,Mailed check,104.1,541.9,Yes,76,Moved,1,108.38,2,0,54.55,520.5,0
2778-OCLGR,Soda Springs,Male,Yes,Yes,No,24,Month-to-month,Bank transfer (automatic),39.1,971.3,Yes,89,Competitor had better devices,1,40.47083333333333,2,0,31.55,938.4000000000001,0
0637-KVDLV,Elk Grove,Male,No,No,No,2,Month-to-month,Electronic check,76.5,162.45,Yes,80,Don't know,1,81.225,2,1,39.25,153,0
6633-MPWBS,Woodland,Male,No,No,No,5,Month-to-month,Electronic check,49.2,216.9,Yes,73,Competitor offered more data,1,43.38,2,1,27.1,246,0
8785-EPNCG,Sacramento,Male,No,No,No,11,Month-to-month,Credit card (automatic),23.15,245.2,Yes,65,Competitor made better offer,1,22.29090909090909,2,0,17.075,254.64999999999998,0
5729-KLZAR,Sacramento,Female,No,Yes,No,4,Month-to-month,Electronic check,80.85,302.75,Yes,73,Competitor had better devices,1,75.6875,2,1,42.425,323.4,0
1582-RAFML,Sacramento,Male,No,No,No,1,Month-to-month,Mailed check,60.1,60.1,Yes,88,Competitor had better devices,1,60.1,2,0,30.55,60.1,0
9191-MYQKX,Lynwood,Female,No,Yes,Yes,7,Month-to-month,Bank transfer (automatic),75.15,496.9,Yes,70,Service dissatisfaction,1,70.98571428571428,2,0,41.075,526.0500000000001,0
8740-CRYFY,Sacramento,Male,No,No,No,1,Month-to-month,Electronic check,78.95,78.95,Yes,75,Competitor offered higher download speeds,1,78.95,2,1,39.975,78.95,0
2962-XPMCQ,Sacramento,Male,No,No,No,2,Month-to-month,Electronic check,45.15,98.5,Yes,81,Competitor offered higher download speeds,1,49.25,2,1,23.575,90.3,0
1678-FYZOW,Sacramento,Female,No,No,No,3,Month-to-month,Electronic check,79.4,244.65,Yes,97,Competitor offered higher download speeds,1,81.55,2,1,41.2,238.20000000000002,0
8627-EHGIP,Sacramento,Male,No,No,No,44,One year,Mailed check,53.95,2375.4,Yes,100,Competitor offered more data,1,53.98636363636364,1,0,48.975,2373.8,1
5480-TBGPH,Sacramento,Female,No,Yes,No,24,Month-to-month,Credit card (automatic),99.3,2431.35,Yes,69,Competitor offered more data,1,101.30624999999999,2,0,61.65,2383.2,1
8854-CCVSQ,Browns Valley,Male,No,No,No,18,Month-to-month,Electronic check,80.65,1451.9,Yes,95,Competitor offered more data,1,80.66111111111111,2,1,49.325,1451.7,0
0511-JTEOY,Canyon Dam,Female,No,No,No,1,Month-to-month,Mailed check,71.1,71.1,Yes,98,Competitor made better offer,1,71.1,2,0,36.05,71.1,0
7067-KSAZT,Chico,Female,Yes,Yes,No,65,One year,Electronic check,106.25,6979.8,Yes,69,Competitor made better offer,1,107.38153846153847,1,1,85.625,6906.25,1
6532-YLWSI,Crescent Mills,Female,No,Yes,No,53,One year,Bank transfer (automatic),20.8,1021.8,Yes,78,Price too high,1,19.279245283018867,1,0,36.9,1102.4,0
9300-AGZNL,Elk Creek,Male,Yes,No,No,1,Month-to-month,Electronic check,94,94,Yes,67,Product dissatisfaction,1,94,2,1,47.5,94,0
1112-CUNAO,Grimes,Female,Yes,No,No,15,Month-to-month,Electronic check,89.85,1424.95,Yes,99,Service dissatisfaction,1,94.99666666666667,2,1,52.425,1347.75,0
5175-AOBHI,Hamilton City,Female,No,No,No,4,Month-to-month,Mailed check,46,193.6,Yes,97,Lack of self-service on Website,1,48.4,2,0,25,184,0
5174-RNGBH,Live Oak,Female,No,No,No,9,Month-to-month,Mailed check,66.25,620.55,Yes,67,Network reliability,1,68.94999999999999,2,0,37.625,596.25,0
7270-BDIOA,Maxwell,Female,No,No,No,22,Month-to-month,Electronic check,90,1993.8,Yes,95,Limited range of services,1,90.62727272727273,2,1,56,1980,0
9565-JSNFM,Meadow Valley,Male,No,No,No,38,One year,Bank transfer (automatic),70.45,2597.6,Yes,82,Lack of affordable download/upload speed,1,68.3578947368421,1,0,54.225,2677.1,1
0607-DAAHE,Olivehurst,Male,No,No,No,53,Two year,Bank transfer (automatic),19.75,1052.35,Yes,66,Long distance charges,1,19.85566037735849,0,0,36.375,1046.75,0
9732-KPKBW,Oroville,Male,No,No,No,1,Month-to-month,Electronic check,53.95,53.95,Yes,90,Extra data charges,1,53.95,2,1,27.475,53.95,0
3389-YGYAI,Princeton,Female,Yes,No,No,8,Month-to-month,Electronic check,105.5,829.55,Yes,72,Price too high,1,103.69375,2,1,56.75,844,0
9560-ARGQJ,Quincy,Female,No,No,No,16,Month-to-month,Electronic check,81,1312.15,Yes,83,Product dissatisfaction,1,82.009375,2,1,48.5,1296,0
5134-IKDAY,Twain,Female,No,Yes,No,1,Month-to-month,Electronic check,69.8,69.8,Yes,96,Service dissatisfaction,1,69.8,2,1,35.4,69.8,0
4919-IKATY,Joshua Tree,Male,No,Yes,No,5,Month-to-month,Electronic check,84.5,453.75,Yes,98,Don't know,1,90.75,2,1,44.75,422.5,0
3070-DVEYC,Williams,Male,Yes,No,No,7,Month-to-month,Mailed check,73.75,545.15,Yes,84,Lack of self-service on Website,1,77.87857142857142,2,0,40.375,516.25,0
5707-ORNDZ,Yuba City,Male,Yes,No,No,9,Month-to-month,Electronic check,54.55,494.05,Yes,79,Network reliability,1,54.894444444444446,2,1,31.775,490.95,0
8696-JKZNU,Anderson,Female,Yes,No,No,37,Month-to-month,Electronic check,76.25,2841.55,Yes,100,Don't know,1,76.79864864864865,2,1,56.625,2821.25,1
2055-PDADH,Big Bend,Female,Yes,No,No,3,Month-to-month,Electronic check,70.4,204.7,Yes,67,Don't know,1,68.23333333333333,2,1,36.7,211.20000000000002,0
8714-EUHJO,Castella,Female,No,Yes,No,31,Month-to-month,Electronic check,91.15,2995.45,Yes,83,Poor expertise of online support,1,96.62741935483871,2,1,61.075,2825.65,1
3721-CNEYS,Douglas City,Female,No,No,No,2,Month-to-month,Electronic check,70.95,137.95,Yes,94,Poor expertise of phone support,1,68.975,2,1,36.475,141.9,0
2568-OIADY,Fort Jones,Female,No,Yes,No,37,Month-to-month,Electronic check,99.5,3762,Yes,92,Competitor had better devices,1,101.67567567567568,2,1,68.25,3681.5,1
1193-RTSLK,Happy Camp,Female,No,No,No,38,Month-to-month,Credit card (automatic),83.9,3233.6,Yes,82,Competitor offered higher download speeds,1,85.09473684210526,2,0,60.95,3188.2000000000003,1
2302-ANTDP,Hat Creek,Female,Yes,Yes,No,48,Month-to-month,Electronic check,117.45,5438.9,Yes,67,Competitor offered more data,1,113.31041666666665,2,1,82.725,5637.6,1
5923-GXUOC,Hayfork,Male,No,No,No,10,Month-to-month,Electronic check,104.4,1081.45,Yes,84,Competitor made better offer,1,108.14500000000001,2,1,57.2,1044,0
5233-GEEAX,Lewiston,Male,Yes,No,No,8,Month-to-month,Electronic check,29.4,221.9,Yes,85,Competitor had better devices,1,27.7375,2,1,18.7,235.2,0
4432-ADRLB,Montague,Male,No,No,No,2,Month-to-month,Mailed check,44.65,74.9,Yes,99,Competitor had better devices,1,37.45,2,0,23.325,89.3,0
8993-PHFWD,Old Station,Female,No,No,No,3,Month-to-month,Electronic check,25.25,58.9,Yes,76,Competitor offered higher download speeds,1,19.633333333333333,2,1,14.125,75.75,0
1565-RHDJD,Palo Cedro,Female,No,No,No,4,Month-to-month,Bank transfer (automatic),84.05,333.55,Yes,95,Competitor offered higher download speeds,1,83.3875,2,0,44.025,336.2,0
7137-RYLPP,Paskenta,Male,Yes,Yes,No,37,Month-to-month,Electronic check,85.7,3171.15,Yes,86,Competitor offered higher download speeds,1,85.70675675675676,2,1,61.35,3170.9,1
3765-JXVKY,Paynes Creek,Female,No,No,No,1,Month-to-month,Electronic check,74.7,74.7,Yes,75,Competitor offered more data,1,74.7,2,1,37.85,74.7,0
7330-WZLNC,Red Bluff,Female,No,No,No,5,Month-to-month,Electronic check,90.8,455.5,Yes,73,Competitor offered more data,1,91.1,2,1,47.9,454,0
8637-XJIVR,Marina Del Rey,Female,No,No,Yes,12,Month-to-month,Electronic check,78.95,927.35,Yes,86,Lack of self-service on Website,1,77.27916666666667,2,1,45.475,947.4000000000001,0
3957-LXOLK,Shingletown,Female,Yes,No,No,28,Month-to-month,Electronic check,106.15,3152.5,Yes,83,Competitor offered more data,1,112.58928571428571,2,1,67.075,2972.2000000000003,1
6635-MYYYZ,Trinity Center,Female,No,No,No,30,One year,Bank transfer (automatic),85.35,2530.4,Yes,73,Competitor made better offer,1,84.34666666666666,1,0,57.675,2560.5,1
5281-BUZGT,Weaverville,Male,Yes,No,No,36,Month-to-month,Electronic check,90.85,3186.7,Yes,92,Competitor made better offer,1,88.51944444444445,2,1,63.425,3270.6,1
5378-IKEEG,Eagleville,Female,No,No,No,1,Month-to-month,Electronic check,35.75,35.75,Yes,70,Price too high,1,35.75,2,1,18.375,35.75,0
7153-OANIO,Mendocino,Male,No,No,No,1,Month-to-month,Electronic check,69.95,69.95,Yes,79,Moved,1,69.95,2,1,35.475,69.95,0
2718-GAXQD,Lake City,Female,Yes,Yes,Yes,4,Month-to-month,Electronic check,46,181.6,Yes,92,Product dissatisfaction,1,45.4,2,1,25,184,0
6413-XKKPU,Sierra City,Male,No,Yes,No,17,Month-to-month,Electronic check,89.4,1539.45,Yes,96,Service dissatisfaction,1,90.55588235294118,2,1,53.2,1519.8000000000002,0
1449-XQEMT,Susanville,Male,No,No,No,3,Month-to-month,Mailed check,19.8,58.15,Yes,79,Lack of self-service on Website,1,19.383333333333333,2,0,11.4,59.400000000000006,0
2626-URJFX,Termo,Male,No,Yes,Yes,4,Month-to-month,Electronic check,50.9,225.6,Yes,69,Network reliability,1,56.4,2,1,27.45,203.6,0
2612-RRIDN,Westwood,Male,No,No,No,4,Month-to-month,Electronic check,81,340.85,Yes,88,Limited range of services,1,85.2125,2,1,42.5,324,0
4735-ASGMA,Carnelian Bay,Male,No,No,No,26,Month-to-month,Electronic check,98.35,2515.3,Yes,99,Lack of affordable download/upload speed,1,96.7423076923077,2,1,62.175,2557.1,1
3669-LVWZB,Tahoma,Male,No,No,No,5,Month-to-month,Mailed check,51,305.95,Yes,86,Long distance charges,1,61.19,2,0,28,255,0
6892-EZDTG,Kings Beach,Female,No,Yes,No,4,Month-to-month,Electronic check,91.65,365.4,Yes,90,Extra data charges,1,91.35,2,1,47.825,366.6,0
9725-SCPZG,South Lake Tahoe,Male,No,No,No,1,Month-to-month,Electronic check,90.85,90.85,Yes,80,Price too high,1,90.85,2,1,45.925,90.85,0
5884-GCYMI,Truckee,Male,No,No,No,1,Month-to-month,Mailed check,69.4,69.4,Yes,84,Product dissatisfaction,1,69.4,2,0,35.2,69.4,0
3217-FZDMN,Los Angeles,Female,Yes,No,No,8,Month-to-month,Credit card (automatic),94.45,742.95,Yes,83,Service dissatisfaction,1,92.86875,2,0,51.225,755.6,0
7853-GVUDZ,Los Angeles,Female,No,Yes,Yes,1,Month-to-month,Credit card (automatic),20.15,20.15,Yes,70,Lack of self-service on Website,1,20.15,2,0,10.575,20.15,0
7480-QNVZJ,Los Angeles,Male,Yes,No,No,50,Month-to-month,Electronic check,95.7,4816.7,Yes,73,Network reliability,1,96.334,2,1,72.85,4785,1
3943-KDREE,Los Angeles,Female,No,No,No,26,Month-to-month,Bank transfer (automatic),74.95,1834.95,Yes,76,Don't know,1,70.575,2,0,50.475,1948.7,0
9239-ZBZZV,Los Angeles,Female,No,No,No,6,Month-to-month,Electronic check,47.95,305.1,Yes,80,Competitor had better devices,1,50.85,2,1,26.975,287.70000000000005,0
4398-HSCJH,Los Angeles,Female,No,No,No,3,Month-to-month,Electronic check,63.6,155.65,Yes,70,Competitor offered higher download speeds,1,51.88333333333333,2,1,33.3,190.8,0
4430-UZIPO,Los Angeles,Male,No,No,No,3,Month-to-month,Mailed check,36.85,108.7,Yes,91,Competitor offered more data,1,36.233333333333334,2,0,19.925,110.55000000000001,0
4855-SNKMY,Los Angeles,Female,No,No,No,1,Month-to-month,Electronic check,44.1,44.1,Yes,70,Competitor made better offer,1,44.1,2,1,22.55,44.1,0
6804-GDMOI,Brea,Female,No,No,No,61,Two year,Electronic check,106.6,6428.4,Yes,68,Competitor offered more data,1,105.38360655737705,0,1,83.8,6502.599999999999,1
8008-HAWED,Los Angeles,Male,No,No,No,14,Month-to-month,Electronic check,50.75,712.75,Yes,82,Competitor had better devices,1,50.910714285714285,2,1,32.375,710.5,0
7124-UGSUR,Los Angeles,Female,Yes,Yes,No,61,One year,Credit card (automatic),104.4,6405,Yes,84,Competitor had better devices,1,105,1,0,82.7,6368.400000000001,1
1862-SKORY,Los Angeles,Female,Yes,Yes,No,40,Month-to-month,Electronic check,39.3,1637.4,Yes,99,Competitor offered higher download speeds,1,40.935,2,1,39.65,1572,0
1502-XFCVR,Los Angeles,Female,No,No,No,58,One year,Electronic check,106.45,6145.85,Yes,82,Competitor offered higher download speeds,1,105.96293103448276,1,1,82.225,6174.1,1
9692-TUSXH,Los Angeles,Female,No,No,No,18,Month-to-month,Electronic check,96.05,1740.7,Yes,97,Competitor offered higher download speeds,1,96.70555555555556,2,1,57.025,1728.8999999999999,0
7912-SYRQT,Los Angeles,Female,No,No,No,7,Month-to-month,Bank transfer (automatic),75.1,552.95,Yes,96,Competitor offered more data,1,78.99285714285715,2,0,41.05,525.6999999999999,0
4816-JBHOV,Los Angeles,Male,Yes,No,No,2,Month-to-month,Electronic check,44.7,93.7,Yes,98,Competitor offered more data,1,46.85,2,1,23.35,89.4,0
8292-TYSPY,Los Angeles,Male,No,No,No,19,Month-to-month,Credit card (automatic),55,1046.5,Yes,73,Competitor offered more data,1,55.078947368421055,2,0,37,1045,0
1867-BDVFH,Los Angeles,Male,No,Yes,No,11,Month-to-month,Electronic check,74.35,834.2,Yes,80,Competitor made better offer,1,75.83636363636364,2,1,42.675,817.8499999999999,0
2359-QWQUL,Los Angeles,Female,No,Yes,No,39,One year,Credit card (automatic),104.7,4134.85,Yes,68,Competitor made better offer,1,106.02179487179488,1,0,71.85,4083.3,1
9103-TCIHJ,Los Angeles,Female,No,No,No,15,Month-to-month,Mailed check,55.7,899.8,Yes,73,Price too high,1,59.986666666666665,2,0,35.35,835.5,0
4140-WJAWW,Los Angeles,Female,No,No,No,5,Month-to-month,Credit card (automatic),19.85,108.05,Yes,99,Product dissatisfaction,1,21.61,2,0,12.425,99.25,0
6653-CBBOM,Compton,Female,No,No,No,1,Month-to-month,Electronic check,70.3,70.3,Yes,88,Service dissatisfaction,1,70.3,2,1,35.65,70.3,0
3247-ZVOUO,Downey,Male,Yes,Yes,No,10,Month-to-month,Electronic check,85.55,851.75,Yes,81,Lack of self-service on Website,1,85.175,2,1,47.775,855.5,0
6101-IMRMM,El Segundo,Male,No,No,No,6,Month-to-month,Mailed check,94.5,575.45,Yes,100,Network reliability,1,95.90833333333335,2,0,50.25,567,0
1268-ASBGA,Huntington Park,Female,Yes,Yes,No,16,Month-to-month,Credit card (automatic),85.35,1375.15,Yes,66,Limited range of services,1,85.946875,2,0,50.675,1365.6,0
8943-URTMR,Lawndale,Female,No,No,No,2,Month-to-month,Mailed check,79.65,152.7,Yes,100,Lack of affordable download/upload speed,1,76.35,2,0,40.825,159.3,0
4713-LZDRV,Malibu,Female,Yes,No,No,2,Month-to-month,Electronic check,79.6,195.05,Yes,94,Long distance charges,1,97.525,2,1,40.8,159.2,0
4325-NFSKC,Pacific Palisades,Male,Yes,No,No,19,Month-to-month,Electronic check,90.6,1660,Yes,87,Extra data charges,1,87.36842105263158,2,1,54.8,1721.3999999999999,0
2955-PSXOE,Topanga,Female,No,No,No,1,Month-to-month,Bank transfer (automatic),20.2,20.2,Yes,98,Price too high,1,20.2,2,0,10.6,20.2,0
7762-URZQH,Venice,Male,No,Yes,No,66,Two year,Credit card (automatic),106.05,6981.35,Yes,83,Product dissatisfaction,1,105.7780303030303,0,0,86.025,6999.3,1
6907-NZZIJ,Santa Monica,Female,No,No,No,36,Month-to-month,Electronic check,99.15,3615.6,Yes,75,Service dissatisfaction,1,100.43333333333334,2,1,67.575,3569.4,1
2911-UREFD,Santa Monica,Female,No,Yes,No,39,Month-to-month,Electronic check,55.9,2184.35,Yes,67,Lack of self-service on Website,1,56.008974358974356,2,1,47.45,2180.1,1
3744-ZRRDZ,Torrance,Male,No,No,No,21,Month-to-month,Electronic check,82.35,1852.85,Yes,90,Network reliability,1,88.23095238095237,2,1,51.675,1729.35,0
5673-TIYIB,Torrance,Male,No,No,No,2,Month-to-month,Credit card (automatic),40.4,77.15,Yes,86,Don't know,1,38.575,2,0,21.2,80.8,0
1602-IJQQE,Whittier,Female,No,No,No,4,Month-to-month,Electronic check,75.35,338.1,Yes,92,Attitude of service provider,1,84.525,2,1,39.675,301.4,0
4628-WQCQQ,Whittier,Male,No,No,No,35,One year,Electronic check,85.15,3030.6,Yes,81,Attitude of support person,1,86.58857142857143,1,1,60.075,2980.25,1
1644-IRKSF,La Palma,Female,No,Yes,No,33,One year,Electronic check,93.8,3124.5,Yes,76,Attitude of support person,1,94.68181818181819,1,1,63.4,3095.4,1
3705-PSNGL,Cerritos,Male,No,No,No,45,One year,Electronic check,20.4,930.45,Yes,87,Attitude of support person,1,20.67666666666667,1,1,32.7,917.9999999999999,0
6502-HCJTI,Lakewood,Male,Yes,Yes,No,7,Month-to-month,Credit card (automatic),94.7,673.1,Yes,75,Attitude of service provider,1,96.15714285714286,2,0,50.85,662.9,0
2606-RMDHZ,Lakewood,Male,No,No,No,6,Month-to-month,Credit card (automatic),30.5,208.7,Yes,93,Attitude of service provider,1,34.78333333333333,2,0,18.25,183,0
8258-GSTJK,San Pedro,Male,Yes,No,No,3,Month-to-month,Electronic check,77,237.75,Yes,96,Attitude of service provider,1,79.25,2,1,40,231,0
6861-OKBCE,Seal Beach,Female,No,No,Yes,11,Month-to-month,Credit card (automatic),20.1,221.35,Yes,95,Attitude of support person,1,20.12272727272727,2,0,15.55,221.10000000000002,0
9940-RHLFB,Sunset Beach,Female,No,No,No,1,Month-to-month,Electronic check,75.3,75.3,Yes,66,Competitor made better offer,1,75.3,2,1,38.15,75.3,0
2995-UPRYS,Long Beach,Female,Yes,Yes,No,40,One year,Credit card (automatic),99.2,4062.2,Yes,69,Moved,1,101.55499999999999,1,0,69.6,3968,1
6686-YPGHK,Long Beach,Male,Yes,No,No,47,Month-to-month,Mailed check,85.5,4042.3,Yes,68,Moved,1,86.00638297872341,2,0,66.25,4018.5,1
1383-EZRWL,Long Beach,Female,No,No,No,7,Month-to-month,Mailed check,20.05,164.85,Yes,89,Moved,1,23.55,2,0,13.525,140.35,0
4759-TRPLW,Long Beach,Male,No,No,No,1,Month-to-month,Electronic check,70.4,70.4,Yes,70,Competitor had better devices,1,70.4,2,1,35.7,70.4,0
8563-IIOXK,Duarte,Male,No,Yes,No,7,One year,Electronic check,49.75,331.3,Yes,75,Competitor offered higher download speeds,1,47.32857142857143,1,1,28.375,348.25,0
8020-BWHYL,Montrose,Female,Yes,No,No,15,Month-to-month,Credit card (automatic),75.3,1147.45,Yes,99,Competitor offered more data,1,76.49666666666667,2,0,45.15,1129.5,0
2982-VPSGI,South Pasadena,Female,No,Yes,No,11,Month-to-month,Electronic check,94,1078.9,Yes,67,Competitor made better offer,1,98.08181818181819,2,1,52.5,1034,0
8199-ZLLSA,Tujunga,Male,No,No,No,67,One year,Bank transfer (automatic),118.35,7804.15,Yes,91,Competitor had better devices,1,116.47985074626865,1,0,92.675,7929.45,1
4625-EWPTF,Pasadena,Male,No,No,No,8,Month-to-month,Electronic check,30.45,226.45,Yes,94,Competitor had better devices,1,28.30625,2,1,19.225,243.6,0
5980-NOPLP,Pasadena,Female,No,Yes,No,44,Month-to-month,Electronic check,96.1,4364.1,Yes,87,Competitor offered higher download speeds,1,99.18409090909091,2,1,70.05,4228.4,1
6892-XPFPU,Pasadena,Male,Yes,Yes,No,24,Month-to-month,Electronic check,104.25,2433.9,Yes,80,Competitor offered higher download speeds,1,101.41250000000001,2,1,64.125,2502,1
8010-EZLOU,San Marino,Male,Yes,No,No,15,Month-to-month,Electronic check,80.2,1217.25,Yes,76,Competitor offered higher download speeds,1,81.15,2,1,47.6,1203,0
9874-QLCLH,Northridge,Female,No,Yes,No,17,Month-to-month,Electronic check,104.2,1743.5,Yes,79,Competitor offered more data,1,102.55882352941177,2,1,60.6,1771.4,0
8062-YBDOE,Canyon Country,Male,Yes,No,No,1,Month-to-month,Electronic check,69.65,69.65,Yes,78,Don't know,1,69.65,2,1,35.325,69.65,0
6000-APYLU,Valencia,Male,No,No,No,9,Month-to-month,Electronic check,80.8,713.1,Yes,90,Competitor offered more data,1,79.23333333333333,2,1,44.9,727.1999999999999,0
0947-IDHRQ,Woodland Hills,Female,No,No,No,7,Month-to-month,Mailed check,80.3,526.7,Yes,75,Competitor made better offer,1,75.24285714285715,2,0,43.65,562.1,0
3672-YITQD,Castaic,Male,Yes,Yes,No,36,Month-to-month,Electronic check,84.1,3021.6,Yes,79,Competitor made better offer,1,83.93333333333334,2,1,60.05,3027.6,1
9048-JVYVF,Panorama City,Male,No,No,No,3,Month-to-month,Electronic check,69.35,191.35,Yes,98,Price too high,1,63.78333333333333,2,1,36.175,208.04999999999998,0
8988-ECPJR,Van Nuys,Female,Yes,Yes,No,34,Month-to-month,Mailed check,79.6,2718.3,Yes,66,Product dissatisfaction,1,79.95,2,0,56.8,2706.3999999999996,1
3776-EKTKM,Burbank,Female,Yes,No,No,1,Month-to-month,Electronic check,36.45,36.45,Yes,96,Service dissatisfaction,1,36.45,2,1,18.725,36.45,0
1902-XBTFB,North Hollywood,Male,No,No,No,22,Month-to-month,Electronic check,89.4,2001.5,Yes,99,Lack of self-service on Website,1,90.97727272727273,2,1,55.7,1966.8000000000002,0
9381-NDKME,El Monte,Female,Yes,Yes,No,24,Month-to-month,Credit card (automatic),40.65,933.3,Yes,85,Limited range of services,1,38.887499999999996,2,0,32.325,975.5999999999999,0
2794-XIMMO,Rancho Cucamonga,Male,No,Yes,No,53,One year,Electronic check,60.45,3184.25,Yes,98,Lack of affordable download/upload speed,1,60.08018867924528,1,1,56.725,3203.8500000000004,1
8382-SHQEH,Rancho Cucamonga,Female,No,Yes,No,8,Month-to-month,Electronic check,84.9,764.95,Yes,85,Long distance charges,1,95.61875,2,1,46.45,679.2,0
2983-ZANRP,La Puente,Female,No,Yes,No,2,Month-to-month,Bank transfer (automatic),73.55,145.4,Yes,97,Extra data charges,1,72.7,2,0,37.775,147.1,0
7845-URHJN,Hacienda Heights,Female,No,Yes,No,8,Month-to-month,Bank transfer (automatic),20.15,156.25,Yes,98,Price too high,1,19.53125,2,0,14.075,161.2,0
3034-ZBEQN,La Puente,Female,No,Yes,No,48,One year,Mailed check,34.7,1604.5,Yes,90,Product dissatisfaction,1,33.427083333333336,1,0,41.35,1665.6000000000001,0
8327-LZKAS,Pomona,Female,Yes,Yes,No,43,One year,Electronic check,107.55,4533.9,Yes,93,Service dissatisfaction,1,105.43953488372092,1,1,75.275,4624.65,1
1075-BGWOH,Rosemead,Male,Yes,Yes,No,16,Month-to-month,Electronic check,98.75,1587.55,Yes,87,Lack of self-service on Website,1,99.221875,2,1,57.375,1580,0
0302-JOIVN,San Gabriel,Female,No,Yes,No,8,Month-to-month,Electronic check,101.15,842.9,Yes,76,Network reliability,1,105.3625,2,1,54.575,809.2,0
5366-IJEQJ,Alhambra,Male,No,No,No,20,Month-to-month,Electronic check,88.7,1761.45,Yes,86,Don't know,1,88.0725,2,1,54.35,1774,0
1981-INRFU,Boulevard,Female,No,No,No,2,Month-to-month,Electronic check,79.75,164.5,Yes,98,Don't know,1,82.25,2,1,40.875,159.5,0
4971-PUYQO,Campo,Female,No,No,No,27,Month-to-month,Mailed check,94.55,2724.6,Yes,89,Don't know,1,100.91111111111111,2,0,60.775,2552.85,1
8485-GJCDN,Chula Vista,Female,Yes,No,No,5,Month-to-month,Mailed check,69.05,318.5,Yes,74,Poor expertise of online support,1,63.7,2,0,37.025,345.25,0
1527-SXDPN,Imperial Beach,Male,No,Yes,No,52,Two year,Bank transfer (automatic),96.25,4990.25,Yes,97,Poor expertise of phone support,1,95.96634615384616,0,0,74.125,5005,1
6029-WTIPC,Jacumba,Male,Yes,No,No,37,Month-to-month,Electronic check,101.1,3744.05,Yes,87,Competitor had better devices,1,101.19054054054054,2,1,69.05,3740.7,1
8634-CILSZ,Jamul,Male,No,No,No,69,One year,Bank transfer (automatic),104.7,7220.35,Yes,71,Competitor offered higher download speeds,1,104.64275362318841,1,0,86.85,7224.3,1
6682-QJDGB,Borrego Springs,Male,No,No,Yes,40,Month-to-month,Mailed check,55.25,2139.2,Yes,65,Competitor offered more data,1,53.48,2,0,47.625,2210,1
8780-IXSTS,Carlsbad,Female,No,No,No,6,Month-to-month,Electronic check,90.1,521.3,Yes,71,Competitor made better offer,1,86.88333333333333,2,1,48.05,540.5999999999999,0
9530-EHPOH,El Cajon,Male,No,No,No,11,Month-to-month,Electronic check,53.75,608,Yes,99,Competitor had better devices,1,55.27272727272727,2,1,32.375,591.25,0
0345-HKJVM,El Cajon,Female,No,No,No,6,Month-to-month,Electronic check,89.3,577.6,Yes,100,Don't know,1,96.26666666666667,2,1,47.65,535.8,0
9947-OTFQU,Covina,Male,Yes,No,No,15,Month-to-month,Electronic check,74.4,1074.3,Yes,86,Service dissatisfaction,1,71.61999999999999,2,1,44.7,1116,0
3049-SOLAY,Fallbrook,Female,No,Yes,No,3,Month-to-month,Electronic check,95.2,292.85,Yes,86,Competitor offered higher download speeds,1,97.61666666666667,2,1,49.1,285.6,0
3317-HRTNN,Julian,Female,Yes,No,No,5,Month-to-month,Electronic check,45.7,198,Yes,73,Competitor offered higher download speeds,1,39.6,2,1,25.35,228.5,0
3235-ETOOB,Lakeside,Male,No,Yes,No,8,Month-to-month,Electronic check,74.5,609.9,Yes,88,Competitor offered higher download speeds,1,76.2375,2,1,41.25,596,0
8058-INTPH,Oceanside,Female,No,No,No,1,Month-to-month,Electronic check,79.65,79.65,Yes,71,Competitor offered more data,1,79.65,2,1,40.325,79.65,0
5569-OUICF,Santee,Female,Yes,Yes,No,28,Month-to-month,Credit card (automatic),101.3,2812.2,Yes,68,Competitor offered more data,1,100.43571428571428,2,0,64.65,2836.4,1
8821-XNHVZ,Solana Beach,Female,No,Yes,No,1,Month-to-month,Mailed check,80.05,80.05,Yes,82,Competitor offered more data,1,80.05,2,0,40.525,80.05,0
2082-OJVTK,San Marcos,Male,No,Yes,No,29,Month-to-month,Electronic check,89.2,2698.35,Yes,91,Competitor made better offer,1,93.04655172413793,2,1,59.1,2586.8,1
5940-NFXKV,Rancho Santa Fe,Male,No,Yes,No,19,Month-to-month,Electronic check,83.65,1465.75,Yes,88,Competitor made better offer,1,77.14473684210526,2,1,51.325,1589.3500000000001,0
8053-WWDRO,San Diego,Female,No,Yes,No,6,Month-to-month,Bank transfer (automatic),19.5,146.3,Yes,67,Price too high,1,24.383333333333336,2,0,12.75,117,0
9564-KCLHR,San Diego,Male,No,No,No,1,Month-to-month,Mailed check,51.25,51.25,Yes,94,Product dissatisfaction,1,51.25,2,0,26.125,51.25,0
2082-CEFLT,San Diego,Male,No,No,No,1,Month-to-month,Electronic check,45.6,45.6,Yes,88,Service dissatisfaction,1,45.6,2,1,23.3,45.6,0
1213-NGCUN,San Diego,Female,No,No,No,6,Month-to-month,Bank transfer (automatic),49.65,267.35,Yes,88,Lack of self-service on Website,1,44.55833333333334,2,0,27.825,297.9,0
5688-KZTSN,San Diego,Male,No,Yes,Yes,15,Month-to-month,Electronic check,20,288.05,Yes,73,Network reliability,1,19.203333333333333,2,1,17.5,300,0
2894-QOJRX,San Diego,Female,No,Yes,No,25,Month-to-month,Bank transfer (automatic),34,853,Yes,93,Limited range of services,1,34.12,2,0,29.5,850,0
5747-PMBSQ,San Diego,Male,Yes,Yes,No,10,Month-to-month,Mailed check,92.5,934.1,Yes,77,Lack of affordable download/upload speed,1,93.41,2,0,51.25,925,0
3143-JQEGI,San Diego,Female,No,Yes,No,13,Month-to-month,Electronic check,88.35,1222.8,Yes,81,Long distance charges,1,94.06153846153846,2,1,50.675,1148.55,0
6386-SZZKH,San Diego,Female,No,Yes,No,49,Two year,Bank transfer (automatic),107.95,5293.2,Yes,92,Extra data charges,1,108.02448979591837,0,0,78.475,5289.55,1
2982-IHMFT,Indian Wells,Female,Yes,No,No,1,Month-to-month,Mailed check,74.45,74.45,Yes,67,Price too high,1,74.45,2,0,37.725,74.45,0
3521-SYVOR,Palm Desert,Female,No,No,No,37,Month-to-month,Electronic check,64.75,2345.2,Yes,80,Product dissatisfaction,1,63.38378378378378,2,1,50.875,2395.75,1
9526-JAWYF,Blythe,Male,No,No,No,26,Month-to-month,Electronic check,89.8,2335.3,Yes,71,Service dissatisfaction,1,89.81923076923077,2,1,57.9,2334.7999999999997,1
5649-VUKMC,Coachella,Female,No,No,No,12,One year,Mailed check,95.5,1115.15,Yes,88,Lack of self-service on Website,1,92.92916666666667,1,0,53.75,1146,0
5143-EGQFK,Imperial,Female,Yes,No,No,10,Month-to-month,Electronic check,29.65,291.4,Yes,89,Network reliability,1,29.139999999999997,2,1,19.825,296.5,0
9050-QLROH,Niland,Male,No,No,No,18,Month-to-month,Credit card (automatic),90.7,1597.25,Yes,89,Competitor had better devices,1,88.73611111111111,2,0,54.35,1632.6000000000001,0
6168-WFVVF,Palm Springs,Female,Yes,No,No,3,Month-to-month,Electronic check,70.3,235.5,Yes,98,Competitor offered higher download speeds,1,78.5,2,1,36.65,210.89999999999998,0
0877-SDMBN,Parker Dam,Female,No,No,No,54,One year,Bank transfer (automatic),103.95,5639.05,Yes,99,Competitor offered more data,1,104.42685185185185,1,0,78.975,5613.3,1
8065-YKXKD,Seeley,Female,No,No,No,10,Month-to-month,Electronic check,74.75,799.65,Yes,69,Competitor made better offer,1,79.965,2,1,42.375,747.5,0
9637-EIHEQ,Thermal,Female,No,No,No,1,Month-to-month,Electronic check,50.8,50.8,Yes,68,Don't know,1,50.8,2,1,25.9,50.8,0
9689-PTNPG,Vidal,Male,No,No,No,2,Month-to-month,Electronic check,80.25,144.55,Yes,80,Competitor had better devices,1,72.275,2,1,41.125,160.5,0
9465-RWMXL,Westmorland,Male,No,Yes,No,32,Month-to-month,Electronic check,78.9,2447.95,Yes,90,Competitor offered higher download speeds,1,76.4984375,2,1,55.45,2524.8,1
2362-IBOOY,Winterhaven,Male,No,No,No,36,Month-to-month,Electronic check,84.75,3050.15,Yes,76,Competitor offered higher download speeds,1,84.72638888888889,2,1,60.375,3051,1
0843-WTBXE,Landers,Male,No,No,No,53,Month-to-month,Bank transfer (automatic),85.45,4517.25,Yes,90,Competitor offered higher download speeds,1,85.23113207547169,2,0,69.225,4528.85,1
5515-IDEJJ,Angelus Oaks,Male,No,Yes,Yes,1,Month-to-month,Mailed check,19.9,19.9,Yes,67,Competitor offered more data,1,19.9,2,0,10.45,19.9,0
7450-NWRTR,Apple Valley,Male,Yes,No,No,12,Month-to-month,Electronic check,99.45,1200.15,Yes,98,Competitor offered more data,1,100.0125,2,1,55.725,1193.4,0
5376-DEQCP,Barstow,Female,No,No,No,1,Month-to-month,Electronic check,70.6,70.6,Yes,85,Competitor offered more data,1,70.6,2,1,35.8,70.6,0
9095-HFAFX,Big Bear City,Female,No,No,No,5,Month-to-month,Credit card (automatic),81,389.6,Yes,96,Competitor made better offer,1,77.92,2,0,43,405,0
0322-YINQP,Covina,Male,No,No,No,1,Month-to-month,Mailed check,48.55,48.55,Yes,77,Lack of self-service on Website,1,48.55,2,0,24.775,48.55,0
4629-NRXKX,El Monte,Female,No,Yes,No,2,Month-to-month,Electronic check,70.4,147.15,Yes,75,Network reliability,1,73.575,2,1,36.2,140.8,0
2379-ENZGV,Bloomington,Male,No,No,No,6,Month-to-month,Electronic check,84.85,523.5,Yes,72,Competitor made better offer,1,87.25,2,1,45.425,509.09999999999997,0
6005-OBZPH,Ludlow,Female,Yes,No,No,26,Month-to-month,Electronic check,89.15,2277.65,Yes,89,Price too high,1,87.60192307692309,2,1,57.575,2317.9,1
7932-WPTDS,Green Valley Lake,Female,Yes,Yes,No,1,Month-to-month,Electronic check,24.8,24.8,Yes,73,Product dissatisfaction,1,24.8,2,1,12.9,24.8,0
2722-VOJQL,Highland,Male,No,No,No,64,One year,Credit card (automatic),105.65,6903.1,Yes,98,Service dissatisfaction,1,107.8609375,1,0,84.825,6761.6,1
5228-EXCET,Newberry Springs,Male,No,No,No,13,Month-to-month,Electronic check,80.85,1008.7,Yes,85,Lack of self-service on Website,1,77.5923076923077,2,1,46.925,1051.05,0
7394-FKDNK,Redlands,Female,No,Yes,No,9,Month-to-month,Electronic check,89.45,853.1,Yes,91,Network reliability,1,94.78888888888889,2,1,49.225,805.0500000000001,0
6331-LWDTQ,Rialto,Male,No,No,No,10,Month-to-month,Credit card (automatic),72.15,794.25,Yes,98,Limited range of services,1,79.425,2,0,41.075,721.5,0
1597-FZREH,Shoshone,Female,No,No,No,2,Month-to-month,Electronic check,76.4,160.8,Yes,100,Lack of affordable download/upload speed,1,80.4,2,1,39.2,152.8,0
7000-WCEVQ,Wrightwood,Female,Yes,No,No,20,Month-to-month,Mailed check,61.6,1174.35,Yes,85,Long distance charges,1,58.717499999999994,2,0,40.8,1232,0
0727-IWKVK,Yermo,Male,No,Yes,No,9,Month-to-month,Electronic check,79.9,741.7,Yes,100,Extra data charges,1,82.41111111111111,2,1,44.45,719.1,0
5959-BELXA,Yucaipa,Male,Yes,No,No,32,Month-to-month,Credit card (automatic),96.15,3019.25,Yes,79,Price too high,1,94.3515625,2,0,64.075,3076.8,1
3512-IZIKN,San Bernardino,Female,No,Yes,No,70,Two year,Credit card (automatic),65.3,4759.75,Yes,85,Product dissatisfaction,1,67.99642857142857,0,0,67.65,4571,1
6141-OOXUQ,San Bernardino,Male,No,No,No,1,Month-to-month,Mailed check,19.65,19.65,Yes,69,Service dissatisfaction,1,19.65,2,0,10.325,19.65,0
7503-ZGUZJ,Riverside,Male,No,No,No,1,Month-to-month,Mailed check,84.65,84.65,Yes,79,Lack of self-service on Website,1,84.65,2,0,42.825,84.65,0
2506-TNFCO,Riverside,Female,Yes,Yes,No,1,Month-to-month,Electronic check,69.55,69.55,Yes,67,Network reliability,1,69.55,2,1,35.275,69.55,0
8718-PTMEZ,Lake Elsinore,Female,No,No,No,13,Month-to-month,Electronic check,31.05,347.25,Yes,97,Don't know,1,26.71153846153846,2,1,22.025,403.65000000000003,0
2207-OBZNX,Aguanga,Male,No,No,No,7,Month-to-month,Mailed check,51,354.05,Yes,90,Attitude of service provider,1,50.57857142857143,2,0,29,357,0
6142-VSJQO,Homeland,Female,No,Yes,Yes,1,Month-to-month,Bank transfer (automatic),44.35,44.35,Yes,90,Attitude of support person,1,44.35,2,0,22.675,44.35,0
6437-UKHMV,Moreno Valley,Female,No,No,No,7,Month-to-month,Electronic check,79.7,586.05,Yes,98,Attitude of support person,1,83.72142857142856,2,1,43.35,557.9,0
1114-CENIM,San Jacinto,Male,No,No,Yes,54,Month-to-month,Credit card (automatic),55,3092.65,Yes,84,Don't know,1,57.2712962962963,2,0,54.5,2970,1
6060-DRTNL,San Jacinto,Female,Yes,No,No,5,Month-to-month,Mailed check,84.85,415.55,Yes,74,Attitude of service provider,1,83.11,2,0,44.925,424.25,0
8473-VUVJN,Temecula,Male,Yes,No,No,1,Month-to-month,Electronic check,73.65,73.65,Yes,86,Attitude of service provider,1,73.65,2,1,37.325,73.65,0
6289-CPNLD,Temecula,Male,No,Yes,No,33,One year,Mailed check,73.9,2405.05,Yes,73,Attitude of service provider,1,72.88030303030304,1,0,53.45,2438.7000000000003,1
5536-SLHPM,Temecula,Female,No,Yes,No,55,Month-to-month,Electronic check,77.75,4458.15,Yes,79,Attitude of support person,1,81.05727272727272,2,1,66.375,4276.25,1
0196-VULGZ,Irvine,Female,Yes,Yes,No,6,Month-to-month,Electronic check,84.35,474.9,Yes,77,Deceased,1,79.14999999999999,2,1,45.175,506.09999999999997,0
8837-VVWLQ,Capistrano Beach,Female,No,No,No,8,Month-to-month,Electronic check,84.95,668.4,Yes,81,Moved,1,83.55,2,1,46.475,679.6,0
2696-NARTR,Corona Del Mar,Male,No,No,No,11,Month-to-month,Electronic check,73.85,926.25,Yes,66,Moved,1,84.20454545454545,2,1,42.425,812.3499999999999,0
7614-QVWQL,Costa Mesa,Male,No,Yes,No,49,One year,Bank transfer (automatic),51.8,2541.25,Yes,67,Moved,1,51.86224489795919,1,0,50.4,2538.2,1
0278-YXOOG,Inglewood,Male,No,No,No,5,Month-to-month,Mailed check,21.05,113.85,Yes,66,Network reliability,1,22.77,2,0,13.025,105.25,0
1976-CFOCS,Dana Point,Female,Yes,Yes,No,1,Month-to-month,Electronic check,46,46,Yes,67,Competitor had better devices,1,46,2,1,23.5,46,0
4631-OACRM,Lake Forest,Male,Yes,No,No,15,Month-to-month,Electronic check,79.4,1156.1,Yes,74,Competitor offered higher download speeds,1,77.07333333333332,2,1,47.2,1191,0
3755-JBMNH,Huntington Beach,Male,Yes,Yes,No,16,Month-to-month,Bank transfer (automatic),71.8,1167.8,Yes,86,Competitor offered more data,1,72.9875,2,0,43.9,1148.8,0
6345-ULYRW,Laguna Beach,Male,Yes,Yes,No,44,One year,Mailed check,88.4,3912.9,Yes,99,Competitor made better offer,1,88.92954545454546,1,0,66.2,3889.6000000000004,1
1809-DMJHQ,Newport Beach,Female,No,No,Yes,5,Month-to-month,Mailed check,46,221.7,Yes,85,Competitor had better devices,1,44.339999999999996,2,0,25.5,230,0
6923-EFPNL,Silverado,Male,No,No,No,4,Month-to-month,Credit card (automatic),51.75,201.1,Yes,83,Competitor had better devices,1,50.275,2,0,27.875,207,0
9574-RKJIF,Trabuco Canyon,Male,No,Yes,No,30,Month-to-month,Electronic check,94.4,2838.7,Yes,71,Competitor offered higher download speeds,1,94.62333333333332,2,1,62.2,2832,1
2619-WFQWU,Mission Viejo,Female,No,No,No,1,Month-to-month,Mailed check,70.15,70.15,Yes,96,Competitor offered higher download speeds,1,70.15,2,0,35.575,70.15,0
0778-NELLA,Anaheim,Male,No,No,No,9,Month-to-month,Credit card (automatic),34.7,296.1,Yes,95,Competitor offered higher download speeds,1,32.900000000000006,2,0,21.85,312.3,0
4614-NUVZD,Anaheim,Female,No,No,No,1,Month-to-month,Electronic check,81.1,81.1,Yes,85,Competitor offered more data,1,81.1,2,1,41.05,81.1,0
3803-KMQFW,Brea,Female,No,Yes,Yes,1,Month-to-month,Mailed check,20.55,20.55,Yes,78,Competitor offered more data,1,20.55,2,0,10.775,20.55,0
9572-MTILT,Fullerton,Male,No,Yes,No,59,Month-to-month,Electronic check,106.75,6252.9,Yes,81,Competitor made better offer,1,105.98135593220339,2,1,82.875,6298.25,1
9611-CTWIH,Garden Grove,Female,No,No,No,3,Month-to-month,Electronic check,89.45,240.45,Yes,84,Competitor made better offer,1,80.14999999999999,2,1,46.225,268.35,0
0329-GTIAJ,Garden Grove,Female,No,No,No,3,Month-to-month,Electronic check,97.9,315.3,Yes,86,Price too high,1,105.10000000000001,2,1,50.45,293.70000000000005,0
6629-CZTTH,Orange,Male,No,No,No,1,Month-to-month,Mailed check,55.7,55.7,Yes,79,Product dissatisfaction,1,55.7,2,0,28.35,55.7,0
5364-EVNIB,Orange,Male,No,No,No,13,Month-to-month,Electronic check,79.8,973.45,Yes,75,Service dissatisfaction,1,74.88076923076923,2,1,46.4,1037.3999999999999,0
5087-SUURX,Yorba Linda,Female,No,Yes,No,18,Month-to-month,Electronic check,39.05,669.85,Yes,66,Lack of self-service on Website,1,37.21388888888889,2,1,28.525,702.9,0
0013-EXCHZ,Camarillo,Female,Yes,Yes,No,3,Month-to-month,Mailed check,83.9,267.4,Yes,68,Network reliability,1,89.13333333333333,2,0,43.45,251.70000000000002,0
5550-VFRLC,Moorpark,Female,Yes,No,No,1,Month-to-month,Electronic check,69.85,69.85,Yes,68,Limited range of services,1,69.85,2,1,35.425,69.85,0
4929-BSTRX,Oxnard,Female,No,No,No,1,Month-to-month,Mailed check,53.55,53.55,Yes,79,Lack of affordable download/upload speed,1,53.55,2,0,27.275,53.55,0
2225-ZRGSG,Piru,Female,No,Yes,No,70,Two year,Bank transfer (automatic),93.9,6579.05,Yes,95,Long distance charges,1,93.98642857142858,0,0,81.95,6573,1
5271-YNWVR,Santa Paula,Male,No,Yes,No,68,Two year,Electronic check,113.15,7856,Yes,90,Extra data charges,1,115.52941176470588,0,1,90.575,7694.200000000001,1
2657-ALMWY,Simi Valley,Female,Yes,Yes,No,26,Month-to-month,Electronic check,84.95,2169.75,Yes,75,Price too high,1,83.45192307692308,2,1,55.475,2208.7000000000003,1
6330-JKLPC,Somis,Male,No,Yes,No,11,Month-to-month,Bank transfer (automatic),80.5,896.9,Yes,75,Product dissatisfaction,1,81.53636363636363,2,0,45.75,885.5,0
4667-OHGKG,Summerland,Male,No,No,No,1,Month-to-month,Mailed check,19.3,19.3,Yes,99,Service dissatisfaction,1,19.3,2,0,10.15,19.3,0
1660-HSOOQ,Santa Barbara,Male,No,No,No,1,Month-to-month,Mailed check,49.65,49.65,Yes,97,Lack of self-service on Website,1,49.65,2,0,25.325,49.65,0
7253-UVNDW,Santa Barbara,Female,No,No,No,46,Two year,Credit card (automatic),54.35,2460.15,Yes,83,Network reliability,1,53.481521739130436,0,0,50.175,2500.1,1
7228-OMTPN,Santa Barbara,Male,No,No,No,4,Month-to-month,Electronic check,88.45,370.65,Yes,98,Don't know,1,92.6625,2,1,46.225,353.8,0
6284-AHOOQ,Avenal,Male,Yes,No,No,22,Month-to-month,Bank transfer (automatic),90.5,1910.6,Yes,71,Don't know,1,86.84545454545454,2,0,56.25,1991,0
3799-ISUZQ,California Hot Springs,Male,No,Yes,No,7,Month-to-month,Bank transfer (automatic),69.95,529.5,Yes,90,Poor expertise of online support,1,75.64285714285714,2,0,38.475,489.65000000000003,0
1794-HBQTJ,Corcoran,Female,No,No,No,1,Month-to-month,Credit card (automatic),48.6,48.6,Yes,83,Poor expertise of phone support,1,48.6,2,0,24.8,48.6,0
3296-SILRA,Lakeport,Female,Yes,Yes,No,1,Month-to-month,Mailed check,76.4,76.4,Yes,89,Attitude of support person,1,76.4,2,0,38.7,76.4,0
2460-FPSYH,Exeter,Female,Yes,No,No,40,Month-to-month,Electronic check,55.8,2109.35,Yes,90,Attitude of support person,1,52.73375,2,1,47.9,2232,1
4818-DRBQT,Farmersville,Male,No,Yes,No,29,Month-to-month,Bank transfer (automatic),80.15,2265.25,Yes,83,Attitude of support person,1,78.11206896551724,2,0,54.575,2324.3500000000004,1
1320-HTRDR,Fellows,Female,No,No,No,3,Month-to-month,Electronic check,75.5,220.6,Yes,79,Attitude of service provider,1,73.53333333333333,2,1,39.25,226.5,0
1493-AMTIE,Ivanhoe,Male,No,No,No,1,Month-to-month,Bank transfer (automatic),20.2,20.2,Yes,87,Attitude of service provider,1,20.2,2,0,10.6,20.2,0
6424-ELEYH,Lebec,Female,No,Yes,No,3,Month-to-month,Credit card (automatic),74.75,229.5,Yes,65,Attitude of service provider,1,76.5,2,0,38.875,224.25,0
4391-RESHN,Lemon Cove,Male,No,No,No,23,Month-to-month,Mailed check,104.05,2470.1,Yes,93,Attitude of support person,1,107.39565217391304,2,0,63.525,2393.15,1
4598-XLKNJ,Inglewood,Female,Yes,Yes,Yes,25,Month-to-month,Electronic check,98.5,2514.5,Yes,88,Limited range of services,1,100.58,2,1,61.75,2462.5,1
2474-BRUCM,Redding,Male,Yes,Yes,No,40,Month-to-month,Electronic check,101.85,4086.3,Yes,84,Don't know,1,102.1575,2,1,70.925,4074,1
6821-BUXUX,Maricopa,Female,No,No,No,13,Month-to-month,Electronic check,96.65,1244.5,Yes,65,Attitude of support person,1,95.73076923076923,2,1,54.825,1256.45,0
5028-HTLJB,New Cuyama,Male,Yes,No,No,1,Month-to-month,Mailed check,20.05,20.05,Yes,91,Attitude of support person,1,20.05,2,0,10.525,20.05,0
9801-GDWGV,Onyx,Female,No,No,No,39,Month-to-month,Electronic check,103.45,3994.45,Yes,83,Attitude of service provider,1,102.42179487179487,2,1,71.225,4034.55,1
2320-JRSDE,Richgrove,Female,No,Yes,Yes,1,Month-to-month,Electronic check,19.9,19.9,Yes,73,Attitude of service provider,1,19.9,2,1,10.45,19.9,0
0601-WZHJF,Shafter,Male,No,Yes,No,14,Month-to-month,Electronic check,46.35,667.7,Yes,76,Attitude of service provider,1,47.69285714285714,2,1,30.175,648.9,0
5143-WMWOG,Stratford,Male,No,No,No,1,Month-to-month,Electronic check,19.95,19.95,Yes,83,Attitude of support person,1,19.95,2,1,10.475,19.95,0
5393-RXQSZ,Taft,Male,No,No,No,1,Month-to-month,Electronic check,79.6,79.6,Yes,98,Attitude of support person,1,79.6,2,1,40.3,79.6,0
0231-LXVAP,Tipton,Male,No,No,No,1,Month-to-month,Electronic check,75.9,75.9,Yes,66,Attitude of support person,1,75.9,2,1,38.45,75.9,0
9444-JTXHZ,Tulare,Male,No,Yes,No,1,Month-to-month,Electronic check,76.2,76.2,Yes,83,Don't know,1,76.2,2,1,38.6,76.2,0
5510-BOIUJ,Visalia,Male,No,No,Yes,1,Month-to-month,Mailed check,19.25,19.25,Yes,80,Attitude of service provider,1,19.25,2,0,10.125,19.25,0
4471-KXAUH,Woody,Female,No,Yes,No,42,Month-to-month,Electronic check,84.3,3588.4,Yes,100,Attitude of service provider,1,85.43809523809524,2,1,63.15,3540.6,1
7638-QVMVY,Visalia,Female,No,No,No,7,Month-to-month,Electronic check,79,522.95,Yes,92,Attitude of support person,1,74.70714285714287,2,1,43,553,0
3244-DCJWY,Bakersfield,Female,No,No,No,1,Month-to-month,Electronic check,70.25,70.25,Yes,89,Attitude of support person,1,70.25,2,1,35.625,70.25,0
0875-CABNR,San Luis Obispo,Female,Yes,No,No,10,Month-to-month,Credit card (automatic),84.6,865.55,Yes,94,Attitude of support person,1,86.55499999999999,2,0,47.3,846,0
7812-FZHPE,Bradley,Female,No,Yes,Yes,17,Month-to-month,Mailed check,24.1,409.9,Yes,86,Attitude of service provider,1,24.11176470588235,2,0,20.55,409.70000000000005,0
4797-AXPXK,Lompoc,Female,No,No,Yes,1,Month-to-month,Electronic check,60,60,Yes,93,Attitude of service provider,1,60,2,1,30.5,60,0
5229-PRWKT,Lompoc,Male,No,No,No,8,Month-to-month,Electronic check,86.55,649.65,Yes,80,Attitude of service provider,1,81.20625,2,1,47.275,692.4,0
6982-UQZLY,Los Alamos,Female,Yes,Yes,No,1,Month-to-month,Mailed check,20.85,20.85,Yes,97,Attitude of support person,1,20.85,2,0,10.925,20.85,0
5057-LCOUI,Nipomo,Female,No,No,No,39,Month-to-month,Electronic check,50.75,2011.4,Yes,94,Attitude of support person,1,51.57435897435898,2,1,44.875,1979.25,0
0193-ESZXP,Oceano,Female,Yes,Yes,No,58,One year,Credit card (automatic),105.5,6205.5,Yes,100,Attitude of support person,1,106.99137931034483,1,0,81.75,6119,1
4369-HTUIF,Pismo Beach,Male,Yes,No,No,6,Month-to-month,Bank transfer (automatic),85.15,503.6,Yes,90,Attitude of service provider,1,83.93333333333334,2,0,45.575,510.90000000000003,0
0156-FVPTA,Solvang,Male,No,Yes,No,22,Month-to-month,Electronic check,54.2,1152.7,Yes,87,Attitude of service provider,1,52.39545454545455,2,1,38.1,1192.4,0
1984-FCOWB,Templeton,Female,No,Yes,No,70,One year,Electronic check,109.5,7674.55,Yes,100,Attitude of service provider,1,109.63642857142857,1,1,89.75,7665,1
0654-HMSHN,Mojave,Male,No,Yes,No,21,Month-to-month,Electronic check,104.4,2157.95,Yes,77,Attitude of support person,1,102.7595238095238,2,1,62.7,2192.4,1
5287-QWLKY,Big Pine,Male,Yes,Yes,No,71,Month-to-month,Credit card (automatic),105.1,7548.1,Yes,66,Attitude of support person,1,106.3112676056338,2,0,88.05,7462.099999999999,1
5196-SGOAK,Caliente,Female,No,No,No,1,Month-to-month,Electronic check,75.7,75.7,Yes,93,Attitude of support person,1,75.7,2,1,38.35,75.7,0
1891-UAWWU,Johannesburg,Female,Yes,Yes,No,20,Month-to-month,Electronic check,90.8,1951,Yes,87,Attitude of service provider,1,97.55,2,1,55.4,1816,0
6108-OQZDQ,Keene,Female,No,Yes,No,4,Month-to-month,Electronic check,97.95,384.5,Yes,72,Attitude of service provider,1,96.125,2,1,50.975,391.8,0
0363-QJVFX,Lake Hughes,Male,No,No,No,32,Month-to-month,Credit card (automatic),108.15,3432.9,Yes,69,Attitude of service provider,1,107.278125,2,0,70.075,3460.8,1
9840-DVNDC,Lancaster,Male,No,No,No,6,Month-to-month,Credit card (automatic),80.5,463.05,Yes,96,Attitude of support person,1,77.175,2,0,43.25,483,0
3096-JRDSO,Lone Pine,Female,Yes,Yes,No,27,Month-to-month,Bank transfer (automatic),104.3,2867.75,Yes,75,Attitude of support person,1,106.21296296296296,2,0,65.65,2816.1,1
8042-JVNFH,Olancha,Male,No,No,No,1,Month-to-month,Mailed check,71.35,71.35,Yes,92,Attitude of support person,1,71.35,2,0,36.175,71.35,0
3374-LXDEV,Pearblossom,Female,No,No,No,13,Month-to-month,Electronic check,89.4,1132.35,Yes,75,Attitude of service provider,1,87.10384615384615,2,1,51.2,1162.2,0
5049-GLYVG,Badger,Male,No,No,No,1,Month-to-month,Mailed check,20.6,20.6,Yes,90,Attitude of service provider,1,20.6,2,0,10.8,20.6,0
5883-GTGVD,Biola,Male,No,No,No,19,Month-to-month,Electronic check,99.95,1931.75,Yes,76,Attitude of service provider,1,101.67105263157895,2,1,59.475,1899.05,0
4817-QRJSX,Clovis,Female,No,No,No,10,Month-to-month,Credit card (automatic),81,818.05,Yes,95,Attitude of support person,1,81.80499999999999,2,0,45.5,810,0
2398-YPMUR,Dinuba,Female,Yes,Yes,No,13,Month-to-month,Electronic check,70.15,916.75,Yes,85,Don't know,1,70.51923076923077,2,1,41.575,911.95,0
9985-MWVIX,Hume,Female,No,No,No,1,Month-to-month,Mailed check,70.15,70.15,Yes,97,Attitude of support person,1,70.15,2,0,35.575,70.15,0
1265-XTECC,Madera,Female,Yes,Yes,No,68,One year,Credit card (automatic),96.55,6581.9,Yes,86,Attitude of service provider,1,96.79264705882352,1,0,82.275,6565.4,1
2237-ZFSMY,Riverdale,Female,No,No,No,39,One year,Electronic check,95.55,3692.85,Yes,73,Attitude of service provider,1,94.68846153846154,1,1,67.275,3726.45,1
4871-JTKJF,Selma,Female,Yes,No,No,1,Month-to-month,Electronic check,69.65,69.65,Yes,82,Attitude of service provider,1,69.65,2,1,35.325,69.65,0
1415-YFWLT,Shaver Lake,Female,Yes,No,No,1,Month-to-month,Electronic check,89.3,89.3,Yes,85,Attitude of support person,1,89.3,2,1,45.15,89.3,0
6711-VTNRE,Tranquillity,Female,No,No,No,36,Month-to-month,Electronic check,87.55,3078.1,Yes,92,Attitude of support person,1,85.50277777777778,2,1,61.775,3151.7999999999997,1
3500-RMZLT,Fresno,Female,Yes,No,No,15,Month-to-month,Mailed check,96.3,1426.75,Yes,72,Attitude of support person,1,95.11666666666666,2,0,55.65,1444.5,0
4548-SDBKE,Fresno,Female,No,No,No,5,Month-to-month,Electronic check,85.2,474.8,Yes,87,Attitude of service provider,1,94.96000000000001,2,1,45.1,426,0
8066-POXGX,Fresno,Female,No,No,No,13,Month-to-month,Electronic check,35.1,446.1,Yes,79,Attitude of service provider,1,34.315384615384616,2,1,24.05,456.3,0
4143-OOBWZ,Fresno,Male,No,Yes,No,5,Month-to-month,Electronic check,81.3,416.3,Yes,100,Attitude of service provider,1,83.26,2,1,43.15,406.5,0
7854-EKTJL,Salinas,Female,No,No,Yes,2,Month-to-month,Electronic check,19.6,35.85,Yes,66,Attitude of support person,1,17.925,2,1,10.8,39.2,0
9102-IAYHT,Salinas,Female,No,Yes,No,17,Month-to-month,Electronic check,85.45,1451.6,Yes,94,Attitude of support person,1,85.38823529411764,2,1,51.225,1452.65,0
3422-LYEPQ,Carmel By The Sea,Male,No,Yes,No,1,Month-to-month,Electronic check,71,71,Yes,89,Attitude of support person,1,71,2,1,36,71,0
2642-DTVCO,Chualar,Male,Yes,No,No,9,Month-to-month,Electronic check,85.05,746.5,Yes,74,Attitude of service provider,1,82.94444444444444,2,1,47.025,765.4499999999999,0
4361-JEIVL,Greenfield,Male,No,No,Yes,1,Month-to-month,Electronic check,44.4,44.4,Yes,82,Attitude of service provider,1,44.4,2,1,22.7,44.4,0
1363-TXLSL,San Lucas,Male,Yes,Yes,No,1,Month-to-month,Electronic check,70.3,70.3,Yes,100,Attitude of service provider,1,70.3,2,1,35.65,70.3,0
9507-EXLTT,Seaside,Female,No,Yes,No,1,Month-to-month,Bank transfer (automatic),79.35,79.35,Yes,77,Attitude of support person,1,79.35,2,0,40.175,79.35,0
9846-GKXAS,Burlingame,Female,No,No,No,9,Month-to-month,Bank transfer (automatic),90.8,809.75,Yes,70,Attitude of support person,1,89.97222222222223,2,0,49.9,817.1999999999999,0
6017-PPLPX,Daly City,Male,No,Yes,No,20,Month-to-month,Electronic check,70.45,1470.95,Yes,87,Attitude of support person,1,73.5475,2,1,45.225,1409,0
7136-RVDTZ,Portola Valley,Male,Yes,No,No,70,One year,Electronic check,45.25,3264.45,Yes,97,Attitude of service provider,1,46.635,1,1,57.625,3167.5,1
4581-SSPWD,Mountain View,Female,No,No,No,3,Month-to-month,Electronic check,75.8,246.3,Yes,93,Attitude of service provider,1,82.10000000000001,2,1,39.4,227.39999999999998,0
6927-WTFIV,Redwood City,Male,Yes,No,No,20,Month-to-month,Credit card (automatic),71.3,1389.2,Yes,98,Attitude of service provider,1,69.46000000000001,2,0,45.65,1426,0
3398-ZOUAA,Redwood City,Male,Yes,Yes,No,21,Month-to-month,Electronic check,69.1,1474.75,Yes,67,Attitude of support person,1,70.22619047619048,2,1,45.05,1451.1,0
0378-NHQXU,South San Francisco,Female,No,Yes,No,17,Month-to-month,Electronic check,88.25,1460.65,Yes,68,Deceased,1,85.92058823529412,2,1,52.625,1500.25,0
4512-ZUIYL,Sunnyvale,Female,No,No,No,2,Month-to-month,Bank transfer (automatic),70,153.05,Yes,81,Moved,1,76.525,2,0,36,140,0
7969-AULMZ,San Francisco,Female,No,No,No,21,Month-to-month,Electronic check,97.35,2119.5,Yes,89,Moved,1,100.92857142857143,2,1,59.175,2044.35,1
0568-ONFPC,San Francisco,Male,No,Yes,Yes,5,Month-to-month,Bank transfer (automatic),25.9,135,Yes,83,Moved,1,27,2,0,15.45,129.5,0
0733-VUNUW,San Francisco,Male,No,No,No,24,Month-to-month,Bank transfer (automatic),55.65,1400.55,Yes,97,Competitor had better devices,1,58.356249999999996,2,0,39.825,1335.6,0
4550-EVXNY,San Francisco,Female,No,No,No,1,Month-to-month,Electronic check,69.65,69.65,Yes,77,Competitor offered higher download speeds,1,69.65,2,1,35.325,69.65,0
2968-SSGAA,San Francisco,Female,No,No,No,10,Month-to-month,Electronic check,100.6,1060.2,Yes,77,Competitor offered more data,1,106.02000000000001,2,1,55.3,1006,0
4844-JJWUY,San Francisco,Female,Yes,No,No,1,Month-to-month,Electronic check,86,86,Yes,82,Competitor made better offer,1,86,2,1,43.5,86,0
6777-TGHTM,San Francisco,Female,No,No,No,53,One year,Credit card (automatic),106.95,5785.5,Yes,90,Competitor had better devices,1,109.16037735849056,1,0,79.975,5668.35,1
3538-WZPHD,San Francisco,Male,No,No,No,3,Month-to-month,Electronic check,29.6,79.45,Yes,76,Competitor had better devices,1,26.483333333333334,2,1,16.3,88.80000000000001,0
4785-QRJHC,San Francisco,Male,Yes,Yes,No,46,One year,Bank transfer (automatic),59.9,2816.65,Yes,80,Competitor offered higher download speeds,1,61.231521739130436,1,0,52.95,2755.4,1
8610-WFCJF,Palo Alto,Female,No,Yes,No,49,Month-to-month,Electronic check,95.6,4783.5,Yes,69,Competitor offered higher download speeds,1,97.62244897959184,2,1,72.3,4684.4,1
4905-JEFDW,Palo Alto,Male,No,No,No,11,One year,Electronic check,41.6,470.6,Yes,81,Competitor offered higher download speeds,1,42.78181818181818,1,1,26.3,457.6,0
7881-INRLC,San Mateo,Male,No,No,No,45,Month-to-month,Credit card (automatic),100.85,4740,Yes,70,Competitor offered more data,1,105.33333333333333,2,0,72.925,4538.25,1
0117-LFRMW,Angwin,Male,No,Yes,Yes,37,Month-to-month,Bank transfer (automatic),40.2,1448.8,Yes,80,Competitor offered more data,1,39.15675675675676,2,0,38.6,1487.4,0
6172-FECYY,Antioch,Male,No,Yes,No,49,Month-to-month,Electronic check,84.5,4254.85,Yes,85,Competitor offered more data,1,86.83367346938776,2,1,66.75,4140.5,1
1965-AKTSX,Byron,Female,Yes,No,No,14,Month-to-month,Electronic check,78.95,1101.85,Yes,88,Competitor made better offer,1,78.70357142857142,2,1,46.475,1105.3,0
4786-UKSNZ,Clayton,Male,No,No,No,1,Month-to-month,Mailed check,20.2,20.2,Yes,99,Competitor made better offer,1,20.2,2,0,10.6,20.2,0
7248-VZQLC,Concord,Female,Yes,No,No,47,Month-to-month,Bank transfer (automatic),85.2,3969.35,Yes,72,Price too high,1,84.45425531914893,2,0,66.1,4004.4,1
9514-JDSKI,El Monte,Male,Yes,Yes,No,1,Month-to-month,Electronic check,40.2,40.2,Yes,65,Limited range of services,1,40.2,2,1,20.6,40.2,0
0011-IGKFF,Martinez,Male,Yes,Yes,No,13,Month-to-month,Electronic check,98,1237.85,Yes,99,Product dissatisfaction,1,95.21923076923076,2,1,55.5,1274,0
4192-GORJT,Fremont,Male,No,Yes,No,5,Month-to-month,Electronic check,94.45,498.1,Yes,77,Service dissatisfaction,1,99.62,2,1,49.725,472.25,0
6496-SLWHQ,Moraga,Male,Yes,No,No,3,Month-to-month,Electronic check,105,294.45,Yes,87,Lack of self-service on Website,1,98.14999999999999,2,1,54,315,0
9912-GVSEQ,Napa,Female,Yes,Yes,No,26,Month-to-month,Electronic check,93.85,2381.55,Yes,86,Network reliability,1,91.59807692307693,2,1,59.925,2440.1,1
5383-MMTWC,Oakley,Female,Yes,Yes,No,8,Month-to-month,Electronic check,84,613.4,Yes,91,Limited range of services,1,76.675,2,1,46,672,0
7240-ETPTR,Pope Valley,Female,No,Yes,No,9,Month-to-month,Electronic check,48.75,442.2,Yes,97,Lack of affordable download/upload speed,1,49.13333333333333,2,1,28.875,438.75,0
2202-CUYXZ,Dublin,Male,No,No,No,1,Month-to-month,Electronic check,84.85,84.85,Yes,77,Long distance charges,1,84.85,2,1,42.925,84.85,0
5995-OIGLP,Port Costa,Male,No,No,No,12,Month-to-month,Mailed check,56.65,654.85,Yes,90,Extra data charges,1,54.57083333333333,2,0,34.325,679.8,0
6261-RCVNS,Rodeo,Female,No,No,No,42,One year,Credit card (automatic),73.9,3160.55,Yes,71,Price too high,1,75.25119047619049,1,0,57.95,3103.8,1
7951-QKZPL,Saint Helena,Female,No,Yes,No,33,Two year,Mailed check,24.5,740.3,Yes,77,Product dissatisfaction,1,22.433333333333334,0,0,28.75,808.5,0
3640-PHQXK,Union City,Female,No,No,No,31,Month-to-month,Electronic check,89.9,2806.9,Yes,85,Service dissatisfaction,1,90.54516129032258,2,1,60.45,2786.9,1
6877-LGWXO,Pleasanton,Male,Yes,Yes,No,18,Month-to-month,Electronic check,78.55,1422.65,Yes,84,Lack of self-service on Website,1,79.03611111111111,2,1,48.275,1413.8999999999999,0
8019-ENHXU,Oakland,Male,No,Yes,No,42,Month-to-month,Electronic check,99.45,4138.05,Yes,96,Network reliability,1,98.525,2,1,70.725,4176.900000000001,1
5167-GBFRE,Oakland,Male,Yes,No,No,4,Month-to-month,Bank transfer (automatic),25.2,102.5,Yes,72,Don't know,1,25.625,2,0,14.6,100.8,0
9033-EOXWV,Oakland,Female,No,No,No,12,One year,Mailed check,74.05,872.65,Yes,94,Don't know,1,72.72083333333333,1,0,43.025,888.5999999999999,0
1324-NLTJE,Emeryville,Female,Yes,No,No,15,Month-to-month,Credit card (automatic),55,757.1,Yes,94,Don't know,1,50.473333333333336,2,0,35,825,0
1522-VVDMG,Oakland,Male,No,Yes,No,7,Month-to-month,Electronic check,89.75,608.8,Yes,90,Poor expertise of online support,1,86.97142857142856,2,1,48.375,628.25,0
9185-TQCVP,Albany,Male,No,Yes,No,14,Month-to-month,Electronic check,85.15,1139.2,Yes,100,Poor expertise of phone support,1,81.37142857142858,2,1,49.575,1192.1000000000001,0
5567-WSELE,Richmond,Male,Yes,Yes,No,3,Month-to-month,Electronic check,94.6,279.55,Yes,87,Competitor had better devices,1,93.18333333333334,2,1,48.8,283.79999999999995,0
8063-RJYNF,Richmond,Male,No,No,No,16,Month-to-month,Electronic check,94.25,1483.25,Yes,73,Competitor offered higher download speeds,1,92.703125,2,1,55.125,1508,0
0687-ZVTHB,Richmond,Male,No,Yes,No,65,One year,Credit card (automatic),72.45,4653.85,Yes,68,Competitor offered more data,1,71.59769230769231,1,0,68.725,4709.25,1
9661-ACXBS,San Rafael,Female,No,No,No,42,Month-to-month,Electronic check,105.2,4400.75,Yes,89,Competitor made better offer,1,104.7797619047619,2,1,73.6,4418.400000000001,1
3727-RJMEO,Rohnert Park,Male,No,Yes,No,6,Month-to-month,Electronic check,82.85,460.25,Yes,78,Competitor had better devices,1,76.70833333333333,2,1,44.425,497.09999999999997,0
6646-VRFOL,Larkspur,Male,Yes,Yes,No,53,Month-to-month,Electronic check,103.85,5485.5,Yes,87,Competitor had better devices,1,103.5,2,1,78.425,5504.049999999999,1
5685-IIXLY,Novato,Female,No,Yes,No,5,Month-to-month,Electronic check,83.6,404.2,Yes,93,Competitor offered higher download speeds,1,80.84,2,1,44.3,418,0
4250-ZBWLV,Olema,Male,No,No,No,68,One year,Electronic check,108.45,7176.55,Yes,65,Competitor offered higher download speeds,1,105.53750000000001,1,1,88.225,7374.6,1
5095-AESKG,Sausalito,Female,No,Yes,No,3,Month-to-month,Credit card (automatic),91.5,242.95,Yes,76,Competitor offered higher download speeds,1,80.98333333333333,2,0,47.25,274.5,0
1871-MOWRM,Woodacre,Male,No,Yes,No,12,Month-to-month,Bank transfer (automatic),80.85,866.45,Yes,87,Competitor offered more data,1,72.20416666666667,2,0,46.425,970.1999999999999,0
2027-OAQQC,Aptos,Female,No,No,No,43,Month-to-month,Bank transfer (automatic),49.05,2076.2,Yes,92,Competitor offered more data,1,48.283720930232555,2,0,46.025,2109.15,1
9090-SGQXL,Ben Lomond,Male,Yes,Yes,No,68,Month-to-month,Electronic check,105.3,7299.65,Yes,79,Competitor offered more data,1,107.34779411764706,2,1,86.65,7160.4,1
6595-YGXIT,Boulder Creek,Male,Yes,No,No,25,Month-to-month,Electronic check,88.95,2291.2,Yes,100,Competitor made better offer,1,91.648,2,1,56.975,2223.75,1
9835-ZIITK,Campbell,Male,Yes,Yes,No,66,One year,Electronic check,110.85,7491.75,Yes,74,Competitor made better offer,1,113.51136363636364,1,1,88.425,7316.099999999999,1
1555-DJEQW,Cupertino,Female,No,Yes,No,70,Two year,Bank transfer (automatic),114.2,7723.9,Yes,73,Price too high,1,110.34142857142857,0,0,92.1,7994,1
5649-TJHOV,Davenport,Male,Yes,Yes,No,27,Month-to-month,Bank transfer (automatic),36.5,1032,Yes,93,Product dissatisfaction,1,38.22222222222222,2,0,31.75,985.5,0
0519-XUZJU,Felton,Female,No,No,No,1,Month-to-month,Mailed check,70.75,70.75,Yes,93,Service dissatisfaction,1,70.75,2,0,35.875,70.75,0
6338-AVWCY,Hollister,Male,No,No,No,3,Month-to-month,Mailed check,40.15,130.75,Yes,75,Lack of self-service on Website,1,43.583333333333336,2,0,21.575,120.44999999999999,0
9253-QXKBE,Morgan Hill,Male,Yes,Yes,No,29,Month-to-month,Electronic check,94.45,2653.65,Yes,71,Network reliability,1,91.5051724137931,2,1,61.725,2739.05,1
9445-SZLCH,Santa Clara,Female,No,Yes,No,36,Month-to-month,Bank transfer (automatic),97.35,3457.9,Yes,86,Limited range of services,1,96.05277777777778,2,0,66.675,3504.6,1
7568-PODML,Watsonville,Male,No,No,No,1,Month-to-month,Mailed check,45.3,45.3,Yes,69,Lack of affordable download/upload speed,1,45.3,2,0,23.15,45.3,0
5349-IECLD,San Jose,Male,No,No,No,2,Month-to-month,Electronic check,94.95,178.1,Yes,87,Long distance charges,1,89.05,2,1,48.475,189.9,0
3945-GFWQL,San Jose,Female,No,No,Yes,12,Month-to-month,Electronic check,44.55,480.6,Yes,89,Extra data charges,1,40.050000000000004,2,1,28.275,534.5999999999999,0
3797-VTIDR,San Jose,Male,No,Yes,No,1,Month-to-month,Electronic check,23.45,23.45,Yes,90,Price too high,1,23.45,2,1,12.225,23.45,0
9526-BIHHD,San Jose,Male,No,No,No,1,Month-to-month,Mailed check,29.7,29.7,Yes,74,Product dissatisfaction,1,29.7,2,0,15.35,29.7,0
4523-WXCEF,San Jose,Female,No,Yes,No,59,Month-to-month,Electronic check,101.1,6039.9,Yes,87,Service dissatisfaction,1,102.37118644067796,2,1,80.05,5964.9,1
8364-TRMMK,San Jose,Female,No,No,No,3,Month-to-month,Mailed check,50.65,151.3,Yes,76,Lack of self-service on Website,1,50.43333333333334,2,0,26.825,151.95,0
3063-QFSZL,San Jose,Female,No,No,No,1,Month-to-month,Electronic check,55.4,55.4,Yes,70,Network reliability,1,55.4,2,1,28.2,55.4,0
8775-LHDJH,San Jose,Female,Yes,Yes,No,1,Month-to-month,Electronic check,90.6,90.6,Yes,93,Don't know,1,90.6,2,1,45.8,90.6,0
3097-NQYSN,San Jose,Male,Yes,Yes,No,2,Month-to-month,Mailed check,86.85,156.35,Yes,78,Competitor had better devices,1,78.175,2,0,44.425,173.7,0
3565-UNOCC,Stockton,Female,Yes,Yes,No,29,Month-to-month,Bank transfer (automatic),99.05,2952.85,Yes,82,Competitor offered higher download speeds,1,101.82241379310345,2,0,64.025,2872.45,1
9249-FXSCK,Acampo,Female,No,No,No,52,One year,Credit card (automatic),111.25,5916.45,Yes,90,Competitor offered more data,1,113.77788461538461,1,0,81.625,5785,1
5493-SDRDQ,Angels Camp,Male,No,No,No,2,Month-to-month,Mailed check,55.1,113.35,Yes,70,Competitor made better offer,1,56.675,2,0,28.55,110.2,0
0871-URUWO,Sheep Ranch,Male,No,Yes,No,13,Month-to-month,Credit card (automatic),102.25,1359,Yes,66,Competitor had better devices,1,104.53846153846153,2,0,57.625,1329.25,0
9190-MFJLN,Vallecito,Male,Yes,No,No,19,Month-to-month,Credit card (automatic),95.9,1777.9,Yes,68,Competitor had better devices,1,93.57368421052632,2,0,57.45,1822.1000000000001,0
1095-JUDTC,Woodbridge,Female,Yes,No,No,47,Month-to-month,Electronic check,95.05,4504.55,Yes,65,Competitor offered higher download speeds,1,95.84148936170213,2,1,71.025,4467.349999999999,1
0870-VEMYL,Columbia,Female,No,No,No,5,Month-to-month,Credit card (automatic),53.85,259.8,Yes,74,Competitor offered higher download speeds,1,51.96,2,0,29.425,269.25,0
5385-SUIRI,Delhi,Male,Yes,Yes,No,52,Month-to-month,Electronic check,104.2,5568.35,Yes,68,Competitor offered higher download speeds,1,107.08365384615385,2,1,78.1,5418.400000000001,1
3982-XWFZQ,Denair,Female,No,Yes,No,42,Month-to-month,Electronic check,50.25,2203.65,Yes,97,Competitor offered more data,1,52.46785714285714,2,1,46.125,2110.5,1
4009-ALQFH,Groveland,Female,No,No,No,25,Month-to-month,Electronic check,99.5,2369.05,Yes,90,Competitor offered more data,1,94.762,2,1,62.25,2487.5,1
3627-FCRDW,Hughson,Female,No,No,No,9,Month-to-month,Electronic check,71,672.55,Yes,81,Competitor offered more data,1,74.72777777777777,2,1,40,639,0
7562-GSUHK,Jamestown,Female,No,No,No,16,Month-to-month,Credit card (automatic),93.2,1573.7,Yes,75,Competitor made better offer,1,98.35625,2,0,54.6,1491.2,0
4903-UYAVB,Lathrop,Male,No,Yes,No,5,Month-to-month,Mailed check,19.35,126.05,Yes,97,Competitor made better offer,1,25.21,2,0,12.175,96.75,0
6776-TLWOI,Livingston,Male,No,No,No,3,Month-to-month,Mailed check,19.85,64.55,Yes,93,Price too high,1,21.516666666666666,2,0,11.425,59.550000000000004,0
4077-CROMM,Modesto,Female,No,Yes,No,31,Month-to-month,Electronic check,104.2,3243.45,Yes,68,Product dissatisfaction,1,104.62741935483871,2,1,67.6,3230.2000000000003,1
2868-MZAGQ,Modesto,Male,No,No,No,1,Month-to-month,Electronic check,79.25,79.25,Yes,83,Service dissatisfaction,1,79.25,2,1,40.125,79.25,0
4847-QNOKA,Modesto,Female,No,No,No,1,Month-to-month,Bank transfer (automatic),44.9,44.9,Yes,76,Lack of self-service on Website,1,44.9,2,0,22.95,44.9,0
6379-RXJRQ,Modesto,Male,No,Yes,No,10,Month-to-month,Electronic check,70.1,659.65,Yes,92,Network reliability,1,65.965,2,1,40.05,701,0
8650-RHRKE,Oakdale,Male,No,No,No,4,Month-to-month,Electronic check,29.65,118.5,Yes,71,Limited range of services,1,29.625,2,1,16.825,118.6,0
0475-RIJEP,Pinecrest,Male,No,No,No,43,Month-to-month,Electronic check,77.85,3365.85,Yes,100,Lack of affordable download/upload speed,1,78.27558139534884,2,1,60.425,3347.5499999999997,1
1260-TTRXI,Planada,Male,No,No,No,4,Month-to-month,Electronic check,54.3,195.3,Yes,87,Long distance charges,1,48.825,2,1,29.15,217.2,0
6328-ZPBGN,Riverbank,Female,Yes,No,No,11,Month-to-month,Bank transfer (automatic),95.15,997.65,Yes,71,Extra data charges,1,90.69545454545454,2,0,53.075,1046.65,0
4789-KWMXN,Tuolumne,Male,No,Yes,No,47,One year,Credit card (automatic),110.85,5275.8,Yes,97,Price too high,1,112.25106382978724,1,0,78.925,5209.95,1
2867-UIMSS,Vernalis,Male,No,No,No,1,Month-to-month,Electronic check,80.5,80.5,Yes,85,Product dissatisfaction,1,80.5,2,1,40.75,80.5,0
8111-RKSPX,Santa Rosa,Male,No,No,No,4,Month-to-month,Bank transfer (automatic),72.2,305.55,Yes,89,Service dissatisfaction,1,76.3875,2,0,38.1,288.8,0
1585-MQSSU,Santa Rosa,Male,No,No,No,17,Month-to-month,Mailed check,51.5,900.5,Yes,94,Lack of self-service on Website,1,52.970588235294116,2,0,34.25,875.5,0
2856-NNASM,Santa Rosa,Male,Yes,No,No,43,Month-to-month,Mailed check,89.55,3856.75,Yes,73,Network reliability,1,89.69186046511628,2,0,66.275,3850.65,1
8559-CIZFV,Annapolis,Male,No,Yes,No,21,One year,Mailed check,77.5,1625,Yes,74,Don't know,1,77.38095238095238,1,0,49.25,1627.5,0
6769-DYBQN,Clearlake,Male,Yes,No,No,46,Month-to-month,Electronic check,85,3969.4,Yes,71,Attitude of support person,1,86.29130434782608,2,1,65.5,3910,1
4439-JMPMT,Comptche,Female,No,Yes,No,5,Month-to-month,Electronic check,85.75,470.95,Yes,71,Attitude of support person,1,94.19,2,1,45.375,428.75,0
2446-BEGGB,Eldridge,Female,Yes,No,No,6,Month-to-month,Electronic check,98.25,560.6,Yes,83,Attitude of support person,1,93.43333333333334,2,1,52.125,589.5,0
1496-GGSUK,Fulton,Female,Yes,No,No,1,Month-to-month,Mailed check,25.7,25.7,Yes,83,Attitude of service provider,1,25.7,2,0,13.35,25.7,0
3192-NQECA,Santa Monica,Male,No,Yes,No,68,Two year,Bank transfer (automatic),110,7611.85,Yes,86,Lack of affordable download/upload speed,1,111.93897058823529,0,0,89,7480,1
2575-GFSOE,Graton,Female,No,Yes,No,7,Month-to-month,Electronic check,69,506.9,Yes,65,Attitude of service provider,1,72.41428571428571,2,1,38,483,0
2842-JTCCU,Hopland,Male,No,No,No,2,Month-to-month,Bank transfer (automatic),46.05,80.35,Yes,72,Attitude of service provider,1,40.175,2,0,24.025,92.1,0
9681-OXGVC,Laytonville,Female,No,No,No,5,Month-to-month,Electronic check,100.5,514,Yes,85,Competitor made better offer,1,102.8,2,1,52.75,502.5,0
5180-UCIIQ,Lucerne,Male,Yes,Yes,Yes,22,Month-to-month,Mailed check,40.05,880.2,Yes,75,Moved,1,40.00909090909091,2,0,31.025,881.0999999999999,0
6521-YYTYI,Navarro,Male,No,No,No,1,Month-to-month,Electronic check,93.3,93.3,Yes,65,Moved,1,93.3,2,1,47.15,93.3,0
8878-HMWBV,Nice,Male,No,No,No,3,Month-to-month,Electronic check,49.15,169.05,Yes,68,Competitor had better devices,1,56.35,2,1,26.075,147.45,0
3751-KTZEL,Yorkville,Female,No,No,No,1,Month-to-month,Mailed check,35.05,35.05,Yes,89,Competitor offered higher download speeds,1,35.05,2,0,18.025,35.05,0
1977-STDKI,The Sea Ranch,Female,Yes,No,No,1,Month-to-month,Electronic check,73,73,Yes,76,Competitor offered more data,1,73,2,1,37,73,0
5813-UECBU,Bridgeville,Male,Yes,No,No,33,Month-to-month,Credit card (automatic),83.85,2716.3,Yes,79,Competitor made better offer,1,82.31212121212121,2,0,58.425,2767.0499999999997,1
0328-GRPMV,Burnt Ranch,Female,No,No,No,1,Month-to-month,Electronic check,70.1,70.1,Yes,84,Competitor had better devices,1,70.1,2,1,35.55,70.1,0
4342-HENTK,Garberville,Female,Yes,No,No,2,Month-to-month,Electronic check,70.65,142.35,Yes,74,Competitor had better devices,1,71.175,2,1,36.325,141.3,0
4195-SMMNX,Hydesville,Male,No,No,No,2,Month-to-month,Mailed check,20.35,33.2,Yes,65,Competitor offered higher download speeds,1,16.6,2,0,11.175,40.7,0
6956-SMUCM,Miranda,Female,No,No,No,3,Month-to-month,Credit card (automatic),99,287.4,Yes,77,Competitor offered higher download speeds,1,95.8,2,0,51,297,0
3223-WZWJM,Petrolia,Male,No,No,No,26,Month-to-month,Electronic check,83.95,2254.2,Yes,85,Competitor offered higher download speeds,1,86.69999999999999,2,1,54.975,2182.7000000000003,1
9053-JZFKV,Redway,Male,No,No,No,67,Two year,Credit card (automatic),116.2,7752.3,Yes,82,Don't know,1,115.70597014925373,0,0,91.6,7785.400000000001,1
2530-ENDWQ,Rio Dell,Female,No,Yes,No,71,Two year,Bank transfer (automatic),93.7,6585.35,Yes,100,Competitor offered more data,1,92.75140845070423,0,0,82.35,6652.7,1
6615-ZGEDR,Smith River,Male,No,No,No,1,Month-to-month,Mailed check,19.7,19.7,Yes,90,Competitor offered more data,1,19.7,2,0,10.35,19.7,0
9250-WYPLL,Whitethorn,Female,No,No,No,5,Month-to-month,Electronic check,75.55,413.65,Yes,79,Competitor made better offer,1,82.72999999999999,2,1,40.275,377.75,0
2754-XBHTB,Amador City,Female,No,No,No,9,Month-to-month,Bank transfer (automatic),77.65,714.15,Yes,96,Competitor made better offer,1,79.35,2,0,43.325,698.85,0
1597-LHYNC,Auburn,Female,Yes,No,No,26,Month-to-month,Electronic check,95,2497.2,Yes,90,Price too high,1,96.04615384615384,2,1,60.5,2470,1
7055-VKGDA,Clarksburg,Male,No,No,No,54,One year,Credit card (automatic),105.4,5643.4,Yes,87,Product dissatisfaction,1,104.5074074074074,1,0,79.7,5691.6,1
0754-UKWQP,Cool,Male,No,No,No,2,Month-to-month,Electronic check,95.85,197.7,Yes,66,Service dissatisfaction,1,98.85,2,1,48.925,191.7,0
7493-TPUWZ,Diamond Springs,Male,No,No,No,1,Month-to-month,Electronic check,79.15,79.15,Yes,85,Lack of self-service on Website,1,79.15,2,1,40.075,79.15,0
1577-HKTFG,Elk Grove,Female,No,Yes,No,30,Month-to-month,Bank transfer (automatic),19.65,655.85,Yes,79,Network reliability,1,21.861666666666668,2,0,24.825,589.5,0
8752-STIVR,Elmira,Female,No,No,No,4,Month-to-month,Electronic check,79,303.15,Yes,69,Limited range of services,1,75.7875,2,1,41.5,316,0
4558-FANTW,Fair Oaks,Female,No,Yes,No,17,Month-to-month,Electronic check,91.85,1574.45,Yes,89,Lack of affordable download/upload speed,1,92.61470588235295,2,1,54.425,1561.4499999999998,0
8651-ENBZX,Grizzly Flats,Female,Yes,No,No,60,One year,Electronic check,106,6441.4,Yes,78,Long distance charges,1,107.35666666666665,1,1,83,6360,1
7623-TRNQN,Jackson,Male,No,No,Yes,1,Month-to-month,Mailed check,49.9,49.9,Yes,72,Extra data charges,1,49.9,2,0,25.45,49.9,0
9330-IJWIO,Kirkwood,Female,No,No,No,13,Month-to-month,Electronic check,100.35,1358.85,Yes,69,Price too high,1,104.52692307692307,2,1,56.675,1304.55,0
9286-DOJGF,Lotus,Female,Yes,Yes,No,38,Month-to-month,Bank transfer (automatic),74.95,2869.85,Yes,82,Product dissatisfaction,1,75.52236842105263,2,0,56.475,2848.1,1
9661-MHUMO,Mather,Male,Yes,Yes,Yes,1,Month-to-month,Credit card (automatic),49.25,49.25,Yes,84,Service dissatisfaction,1,49.25,2,0,25.125,49.25,0
4959-JOSRX,La Puente,Female,No,Yes,No,2,Month-to-month,Credit card (automatic),44.6,80.55,Yes,99,Lack of affordable download/upload speed,1,40.275,2,0,23.3,89.2,0
1842-EZJMK,Orangevale,Male,No,Yes,No,50,Month-to-month,Electronic check,103.7,5071.05,Yes,82,Lack of self-service on Website,1,101.421,2,1,76.85,5185,1
8079-XRJRS,Pleasant Grove,Male,No,Yes,No,65,One year,Electronic check,89.75,5769.6,Yes,72,Network reliability,1,88.76307692307692,1,1,77.375,5833.75,1
8073-IJDCM,Rescue,Female,No,No,No,1,Month-to-month,Mailed check,20.3,20.3,Yes,67,Don't know,1,20.3,2,0,10.65,20.3,0
8884-ADFVN,Roseville,Male,Yes,Yes,No,7,Month-to-month,Electronic check,101.95,700.85,Yes,74,Don't know,1,100.12142857142858,2,1,54.475,713.65,0
2720-WGKHP,Sloughhouse,Male,Yes,No,No,2,Month-to-month,Electronic check,94,181.7,Yes,93,Don't know,1,90.85,2,1,48,188,0
2869-ADAWR,Sutter Creek,Female,No,No,No,45,Month-to-month,Credit card (automatic),89.3,4016.85,Yes,97,Poor expertise of online support,1,89.26333333333334,2,0,67.15,4018.5,1
9894-EZEWG,Walnut Grove,Female,No,No,No,1,Month-to-month,Credit card (automatic),74.3,74.3,Yes,69,Poor expertise of phone support,1,74.3,2,0,37.65,74.3,0
7851-FLGGQ,Wheatland,Male,No,No,No,1,Month-to-month,Mailed check,44.65,44.65,Yes,66,Competitor had better devices,1,44.65,2,0,22.825,44.65,0
0637-UBJRP,Wilton,Male,No,Yes,No,13,Month-to-month,Electronic check,84.05,1095.3,Yes,77,Competitor offered higher download speeds,1,84.25384615384615,2,1,48.525,1092.6499999999999,0
0940-OUQEC,Winters,Male,No,No,No,10,Month-to-month,Bank transfer (automatic),80.7,788.8,Yes,77,Competitor offered more data,1,78.88,2,0,45.35,807,0
0702-PGIBZ,Dutch Flat,Male,No,No,No,4,Month-to-month,Electronic check,101.7,364.55,Yes,91,Competitor made better offer,1,91.1375,2,1,52.85,406.8,0
1963-VAUKV,Kyburz,Female,No,No,No,1,Month-to-month,Mailed check,20.4,20.4,Yes,92,Don't know,1,20.4,2,0,10.7,20.4,0
3058-HJCUY,Rancho Cordova,Male,No,Yes,No,41,One year,Electronic check,102.6,4213.35,Yes,84,Competitor had better devices,1,102.76463414634148,1,1,71.8,4206.599999999999,1
3410-YOQBQ,Compton,Female,No,No,No,31,Two year,Mailed check,79.2,2497.2,No,78,,0,80.55483870967741,0,0,55.1,2455.2000000000003,1
3259-FDWOY,Elk Grove,Male,No,Yes,No,71,Two year,Bank transfer (automatic),106,7723.7,Yes,81,Competitor offered higher download speeds,1,108.78450704225352,0,0,88.5,7526,1
0807-ZABDG,Woodland,Female,No,No,Yes,3,Month-to-month,Mailed check,55.1,154.65,Yes,97,Competitor offered higher download speeds,1,51.550000000000004,2,0,29.05,165.3,0
5748-RNCJT,Sacramento,Male,No,No,No,69,Two year,Bank transfer (automatic),106.5,7348.8,Yes,81,Competitor offered higher download speeds,1,106.50434782608696,0,0,87.75,7348.5,1
7739-LAXOG,Sacramento,Female,No,Yes,No,32,Month-to-month,Bank transfer (automatic),91.05,2954.5,Yes,80,Competitor offered more data,1,92.328125,2,0,61.525,2913.6,1
9763-GRSKD,Los Angeles,Male,No,Yes,Yes,13,Month-to-month,Mailed check,49.95,587.45,No,76,,0,45.18846153846154,2,0,31.475,649.35,0
9776-CLUJA,Sacramento,Female,Yes,Yes,No,51,Month-to-month,Electronic check,77.5,3807.35,Yes,96,Competitor offered more data,1,74.65392156862745,2,1,64.25,3952.5,1
6034-ZRYCV,Sacramento,Female,No,Yes,No,72,Two year,Electronic check,54.2,3937.45,Yes,66,Competitor offered more data,1,54.68680555555555,0,1,63.1,3902.4,1
2079-FBMZK,Antelope,Female,No,No,No,6,Month-to-month,Mailed check,69.25,418.4,Yes,77,Competitor made better offer,1,69.73333333333333,2,0,37.625,415.5,0
6608-QQLVK,Bangor,Male,No,No,No,1,Month-to-month,Electronic check,50.5,50.5,Yes,83,Competitor made better offer,1,50.5,2,1,25.75,50.5,0
3551-HUAZH,Brownsville,Male,Yes,No,No,1,Month-to-month,Electronic check,74.4,74.4,Yes,89,Price too high,1,74.4,2,1,37.7,74.4,0
6302-JGYRJ,Chico,Male,No,No,No,31,One year,Mailed check,79.45,2587.7,Yes,67,Product dissatisfaction,1,83.47419354838709,1,0,55.225,2462.9500000000003,1
3685-YLCMQ,Dobbins,Male,No,No,No,58,One year,Electronic check,104.65,6219.6,Yes,66,Service dissatisfaction,1,107.2344827586207,1,1,81.325,6069.700000000001,1
8634-MPHTR,Forbestown,Male,Yes,Yes,No,47,Month-to-month,Electronic check,100.05,4871.05,Yes,91,Lack of self-service on Website,1,103.63936170212766,2,1,73.525,4702.349999999999,1
8761-NSOBC,Gridley,Male,No,No,No,44,Month-to-month,Electronic check,100.55,4398.15,Yes,81,Network reliability,1,99.95795454545454,2,1,72.275,4424.2,1
8413-VONUO,Grimes,Male,No,No,No,2,Month-to-month,Electronic check,95.65,167.3,Yes,82,Limited range of services,1,83.65,2,1,48.825,191.3,0
9223-UCPVT,Orland,Female,No,No,No,1,Month-to-month,Electronic check,94.4,94.4,Yes,77,Lack of affordable download/upload speed,1,94.4,2,1,47.7,94.4,0
4351-QLCSU,Quincy,Female,No,No,No,1,Month-to-month,Credit card (automatic),55,55,Yes,98,Long distance charges,1,55,2,0,28,55,0
5419-JPRRN,Rough And Ready,Male,No,No,No,1,Month-to-month,Electronic check,101.45,101.45,Yes,77,Extra data charges,1,101.45,2,1,51.225,101.45,0
2100-BDNSN,Strawberry Valley,Female,No,Yes,No,5,Month-to-month,Bank transfer (automatic),67.95,350.3,Yes,69,Price too high,1,70.06,2,0,36.475,339.75,0
0488-GSLFR,Taylorsville,Female,No,No,No,1,Month-to-month,Electronic check,69.5,69.5,Yes,91,Product dissatisfaction,1,69.5,2,1,35.25,69.5,0
9318-NKNFC,Twain,Male,No,No,No,1,Month-to-month,Mailed check,18.85,18.85,Yes,90,Service dissatisfaction,1,18.85,2,0,9.925,18.85,0
9728-FTTVZ,Williams,Female,No,No,No,1,Month-to-month,Electronic check,69.2,69.2,Yes,82,Lack of self-service on Website,1,69.2,2,1,35.1,69.2,0
7254-IQWOZ,Redding,Male,No,No,No,1,Month-to-month,Electronic check,69.65,69.65,Yes,67,Network reliability,1,69.65,2,1,35.325,69.65,0
0742-NXBGR,Adin,Female,No,No,No,1,Month-to-month,Electronic check,82.3,82.3,Yes,71,Competitor had better devices,1,82.3,2,1,41.65,82.3,0
6110-OHIHY,Burney,Male,No,No,No,3,Month-to-month,Electronic check,79.25,267.6,Yes,89,Competitor offered higher download speeds,1,89.2,2,1,41.125,237.75,0
5889-LFOLL,Canby,Female,No,No,No,13,Month-to-month,Electronic check,84.6,1115.2,Yes,77,Competitor offered more data,1,85.78461538461539,2,1,48.8,1099.8,0
5708-EVONK,Cassel,Female,No,Yes,No,58,Month-to-month,Bank transfer (automatic),93.4,5435.6,Yes,73,Don't know,1,93.71724137931035,2,0,75.7,5417.200000000001,1
8708-XPXHZ,Castella,Female,No,Yes,No,42,Month-to-month,Electronic check,94.2,4186.3,Yes,95,Competitor had better devices,1,99.67380952380952,2,1,68.1,3956.4,1
0616-ATFGB,Shasta Lake,Male,Yes,Yes,No,1,Month-to-month,Electronic check,25.05,25.05,Yes,95,Competitor had better devices,1,25.05,2,1,13.025,25.05,0
7016-BPGEU,Dunsmuir,Female,No,No,No,29,Month-to-month,Credit card (automatic),25.1,712.85,Yes,81,Competitor offered higher download speeds,1,24.58103448275862,2,0,27.05,727.9000000000001,0
6876-ADESB,Etna,Male,No,No,Yes,1,Month-to-month,Electronic check,48.95,48.95,Yes,65,Competitor offered higher download speeds,1,48.95,2,1,24.975,48.95,0
1963-SVUCV,Flournoy,Male,No,No,No,1,Month-to-month,Electronic check,45.3,45.3,Yes,78,Competitor offered higher download speeds,1,45.3,2,1,23.15,45.3,0
0220-EBGCE,Fort Jones,Male,No,No,No,2,Month-to-month,Electronic check,85.85,167.3,Yes,67,Competitor offered more data,1,83.65,2,1,43.925,171.7,0
2754-VDLTR,Greenview,Male,No,No,No,10,Month-to-month,Electronic check,95.2,930.4,Yes,69,Competitor offered more data,1,93.03999999999999,2,1,52.6,952,0
3190-XFANI,Happy Camp,Male,No,No,No,49,One year,Bank transfer (automatic),100.6,5069.65,Yes,82,Competitor offered more data,1,103.46224489795918,1,0,74.8,4929.4,1
7551-DACSP,Hat Creek,Male,No,Yes,Yes,6,Month-to-month,Mailed check,55.3,324.25,Yes,99,Competitor made better offer,1,54.041666666666664,2,0,30.65,331.79999999999995,0
7235-NXZCP,Hornbrook,Male,Yes,No,No,2,Month-to-month,Mailed check,74.85,156.4,Yes,84,Competitor made better offer,1,78.2,2,0,38.425,149.7,0
0520-FDVVT,Lewiston,Male,No,No,No,35,One year,Bank transfer (automatic),102.35,3626.1,Yes,80,Price too high,1,103.60285714285715,1,0,68.675,3582.25,1
1444-VVSGW,Los Molinos,Male,No,Yes,No,70,One year,Credit card (automatic),115.65,7968.85,Yes,99,Product dissatisfaction,1,113.84071428571428,1,0,92.825,8095.5,1
5712-PTIWW,Mcarthur,Male,No,No,No,2,Month-to-month,Electronic check,79.85,152.45,Yes,91,Service dissatisfaction,1,76.225,2,1,40.925,159.7,0
3315-TOTBP,Mill Creek,Male,No,No,No,15,Month-to-month,Mailed check,76,1130.85,Yes,74,Lack of self-service on Website,1,75.39,2,0,45.5,1140,0
6661-HBGWL,Mineral,Female,Yes,No,No,42,Month-to-month,Bank transfer (automatic),104.75,4323.45,Yes,79,Network reliability,1,102.93928571428572,2,0,73.375,4399.5,1
5909-ECHUI,Oak Run,Female,No,No,No,1,Month-to-month,Electronic check,56.25,56.25,Yes,71,Lack of affordable download/upload speed,1,56.25,2,1,28.625,56.25,0
1309-BXVOQ,Old Station,Male,No,Yes,No,21,Month-to-month,Electronic check,106.1,2249.95,Yes,69,Long distance charges,1,107.14047619047618,2,1,63.55,2228.1,1
9317-WZPGV,Paskenta,Female,Yes,No,No,2,Month-to-month,Bank transfer (automatic),79.75,159.4,Yes,77,Extra data charges,1,79.7,2,0,40.875,159.5,0
2856-HYAPG,Platina,Female,No,No,No,1,Month-to-month,Electronic check,68.65,68.65,Yes,99,Price too high,1,68.65,2,1,34.825,68.65,0
4488-PSYCG,Seiad Valley,Male,No,No,No,16,Month-to-month,Bank transfer (automatic),20.25,327.45,Yes,83,Product dissatisfaction,1,20.465625,2,0,18.125,324,0
3621-CEOVK,Trinity Center,Female,Yes,Yes,No,14,Month-to-month,Electronic check,100.2,1369.8,Yes,97,Service dissatisfaction,1,97.84285714285714,2,1,57.1,1402.8,0
6906-ANDWJ,Vina,Male,No,Yes,No,15,Month-to-month,Bank transfer (automatic),74.9,1107.25,Yes,97,Lack of self-service on Website,1,73.81666666666666,2,0,44.95,1123.5,0
1031-IIDEO,Sierra City,Female,No,No,No,1,Month-to-month,Electronic check,70.85,70.85,Yes,72,Network reliability,1,70.85,2,1,35.925,70.85,0
5832-XKAES,Sierraville,Male,No,No,No,2,Month-to-month,Credit card (automatic),69.8,134.7,Yes,74,Don't know,1,67.35,2,0,35.9,139.6,0
4701-AHWMW,Susanville,Male,No,Yes,No,55,Month-to-month,Bank transfer (automatic),54.55,2978.3,Yes,69,Attitude of service provider,1,54.150909090909096,2,0,54.775,3000.25,1
9210-IAHGH,Wendel,Female,No,No,No,7,Month-to-month,Credit card (automatic),70.75,450.8,Yes,84,Attitude of support person,1,64.4,2,0,38.875,495.25,0
0023-XUOPT,Carnelian Bay,Female,No,Yes,No,13,Month-to-month,Electronic check,94.1,1215.6,Yes,75,Don't know,1,93.5076923076923,2,1,53.55,1223.3,0
4592-IWTJI,Homewood,Female,No,Yes,Yes,3,Month-to-month,Credit card (automatic),29.7,91.7,Yes,84,Attitude of support person,1,30.566666666666666,2,0,16.35,89.1,0
7632-MNYOY,Tahoe Vista,Male,Yes,No,No,66,One year,Credit card (automatic),110.9,7432.05,Yes,93,Attitude of service provider,1,112.60681818181818,1,0,88.45,7319.400000000001,1
6518-LGAOV,South Lake Tahoe,Female,No,Yes,No,38,Month-to-month,Electronic check,105,4026.4,Yes,92,Attitude of service provider,1,105.9578947368421,2,1,71.5,3990,1
7242-QZLXF,Truckee,Male,No,No,Yes,1,Month-to-month,Electronic check,25.3,25.3,Yes,99,Attitude of service provider,1,25.3,2,1,13.15,25.3,0
4576-CSAJH,Los Angeles,Male,No,No,No,22,One year,Credit card (automatic),55.15,1193.05,Yes,84,Attitude of support person,1,54.22954545454545,1,0,38.575,1213.3,0
1000-AJSLD,Los Angeles,Male,No,No,No,1,Month-to-month,Mailed check,20.1,20.1,Yes,70,Competitor made better offer,1,20.1,2,0,10.55,20.1,0
1062-LHZOD,Los Angeles,Male,No,Yes,No,1,Month-to-month,Mailed check,69.9,69.9,Yes,84,Moved,1,69.9,2,0,35.45,69.9,0
9600-NAXZN,Los Angeles,Male,No,No,No,43,Month-to-month,Electronic check,101.4,4528,Yes,79,Moved,1,105.30232558139535,2,1,72.2,4360.2,1
6457-USBER,Los Angeles,Male,No,No,No,1,Month-to-month,Electronic check,80.8,80.8,Yes,82,Moved,1,80.8,2,1,40.9,80.8,0
4662-EKDPQ,Los Angeles,Male,No,No,No,2,Month-to-month,Bank transfer (automatic),62.05,118.3,Yes,96,Competitor had better devices,1,59.15,2,0,32.025,124.1,0
9248-OJYKK,Los Angeles,Male,Yes,No,No,1,Month-to-month,Electronic check,76.45,76.45,Yes,95,Competitor offered higher download speeds,1,76.45,2,1,38.725,76.45,0
3398-FSHON,Los Angeles,Female,Yes,No,No,12,Month-to-month,Electronic check,91.3,1094.5,Yes,94,Competitor offered more data,1,91.20833333333333,2,1,51.65,1095.6,0
3319-DWOEP,Los Angeles,Male,Yes,Yes,No,6,Month-to-month,Electronic check,95.75,573.75,Yes,89,Competitor made better offer,1,95.625,2,1,50.875,574.5,0
9259-PACGQ,Los Angeles,Female,No,Yes,No,34,Month-to-month,Electronic check,62.65,2274.9,Yes,91,Competitor had better devices,1,66.90882352941176,2,1,48.325,2130.1,1
4415-IJZTP,Los Angeles,Female,No,No,No,1,Month-to-month,Electronic check,74.5,74.5,Yes,69,Competitor had better devices,1,74.5,2,1,37.75,74.5,0
1465-VINDH,Los Angeles,Female,No,Yes,No,10,Month-to-month,Credit card (automatic),102.1,1068.85,Yes,78,Competitor offered higher download speeds,1,106.88499999999999,2,0,56.05,1021,0
2810-FTLEM,Los Angeles,Female,No,No,No,16,Month-to-month,Electronic check,50.15,762.25,Yes,69,Competitor offered higher download speeds,1,47.640625,2,1,33.075,802.4,0
1925-TIBLE,Los Angeles,Female,No,Yes,No,7,Month-to-month,Electronic check,86.5,582.5,Yes,74,Competitor offered higher download speeds,1,83.21428571428571,2,1,46.75,605.5,0
0818-OCPZO,Los Angeles,Male,Yes,No,No,27,Month-to-month,Electronic check,81.45,2122.05,Yes,83,Competitor offered more data,1,78.59444444444445,2,1,54.225,2199.15,1
1447-GIQMR,Los Angeles,Male,No,Yes,No,1,Month-to-month,Electronic check,69.15,69.15,Yes,87,Competitor offered more data,1,69.15,2,1,35.075,69.15,0
0872-NXJYS,West Hollywood,Female,No,No,No,9,Month-to-month,Electronic check,79.55,723.4,Yes,81,Competitor offered more data,1,80.37777777777778,2,1,44.275,715.9499999999999,0
9412-ARGBX,Downey,Female,No,No,No,48,Two year,Mailed check,95.5,4627.85,Yes,97,Competitor made better offer,1,96.41354166666667,0,0,71.75,4584,1
3926-CUQZX,Campo,Male,No,No,No,1,Month-to-month,Bank transfer (automatic),45.1,45.1,Yes,77,Don't know,1,45.1,2,0,23.05,45.1,0
1389-CXMLU,Downey,Male,Yes,No,No,3,Month-to-month,Electronic check,91.05,289.1,Yes,99,Competitor made better offer,1,96.36666666666667,2,1,47.025,273.15,0
5561-NWEVX,Hermosa Beach,Female,Yes,Yes,No,2,Month-to-month,Electronic check,79.2,172.85,Yes,67,Price too high,1,86.425,2,1,40.6,158.4,0
2737-WFVYW,Marina Del Rey,Female,No,No,No,2,Month-to-month,Electronic check,45.25,85.5,Yes,74,Product dissatisfaction,1,42.75,2,1,23.625,90.5,0
2272-QAGFO,Inglewood,Female,Yes,No,No,14,Month-to-month,Electronic check,74.3,1096.25,Yes,71,Service dissatisfaction,1,78.30357142857143,2,1,44.15,1040.2,0
9850-OWRHQ,Torrance,Female,No,Yes,No,3,Month-to-month,Credit card (automatic),74.1,228,Yes,69,Lack of self-service on Website,1,76,2,0,38.55,222.29999999999998,0
3768-NLUBH,Torrance,Male,Yes,Yes,No,57,Month-to-month,Electronic check,100.6,5746.15,Yes,74,Network reliability,1,100.80964912280702,2,1,78.8,5734.2,1
8676-TRMJS,Torrance,Male,No,No,No,3,Month-to-month,Mailed check,75,209.1,Yes,88,Limited range of services,1,69.7,2,0,39,225,0
7359-SSBJK,Whittier,Female,Yes,No,No,64,Two year,Credit card (automatic),70.2,4481,Yes,89,Lack of affordable download/upload speed,1,70.015625,0,0,67.1,4492.8,1
0685-MLYYM,Buena Park,Female,Yes,No,No,2,Month-to-month,Electronic check,70.75,154.85,Yes,96,Long distance charges,1,77.425,2,1,36.375,141.5,0
8182-PNAGI,Pico Rivera,Male,No,No,No,12,Month-to-month,Bank transfer (automatic),50.25,593.75,Yes,67,Extra data charges,1,49.479166666666664,2,0,31.125,603,0
7957-RYHQD,Bellflower,Female,Yes,No,No,40,Month-to-month,Credit card (automatic),79.2,3233.85,Yes,94,Price too high,1,80.84625,2,0,59.6,3168,1
2180-DXNEG,Harbor City,Female,No,No,No,12,Month-to-month,Electronic check,96,1062.1,Yes,89,Product dissatisfaction,1,88.50833333333333,2,1,54,1152,0
5515-AKOAJ,Hawaiian Gardens,Female,No,No,No,54,Month-to-month,Electronic check,100.1,5440.9,Yes,75,Service dissatisfaction,1,100.7574074074074,2,1,77.05,5405.4,1
8976-OQHGT,Lomita,Female,No,Yes,Yes,4,Month-to-month,Mailed check,56.5,235.1,Yes,99,Lack of self-service on Website,1,58.775,2,0,30.25,226,0
6230-BSUXY,Paramount,Female,Yes,No,No,1,Month-to-month,Electronic check,85,85,Yes,93,Network reliability,1,85,2,1,43,85,0
5294-CDGWY,Long Beach,Male,No,Yes,No,51,One year,Electronic check,59.3,3014.65,Yes,95,Don't know,1,59.11078431372549,1,1,55.15,3024.2999999999997,1
5295-PCJOO,Long Beach,Male,No,No,Yes,4,Month-to-month,Electronic check,49.4,184.4,Yes,84,Don't know,1,46.1,2,1,26.7,197.6,0
9863-JZAIC,Long Beach,Male,No,No,No,35,Month-to-month,Mailed check,55,2010.55,Yes,100,Don't know,1,57.44428571428571,2,0,45,1925,0
7660-HDPJV,Long Beach,Female,No,No,No,1,Month-to-month,Electronic check,69.2,69.2,Yes,81,Poor expertise of online support,1,69.2,2,1,35.1,69.2,0
7931-PXHFC,Duarte,Male,No,No,No,38,One year,Mailed check,62.3,2354.8,Yes,83,Poor expertise of phone support,1,61.968421052631584,1,0,50.15,2367.4,1
3990-QYKBE,La Canada Flintridge,Male,Yes,Yes,No,37,Month-to-month,Electronic check,92.5,3473.4,Yes,95,Competitor had better devices,1,93.87567567567568,2,1,64.75,3422.5,1
4919-MOAVT,Pasadena,Male,No,No,No,3,Month-to-month,Electronic check,69.65,220.1,Yes,84,Competitor offered higher download speeds,1,73.36666666666666,2,1,36.325,208.95000000000002,0
3090-HAWSU,Pasadena,Male,No,No,No,61,Two year,Credit card (automatic),111.6,6876.05,Yes,87,Competitor offered more data,1,112.72213114754099,0,0,86.3,6807.599999999999,1
9820-RMCQV,San Marino,Female,No,No,No,11,Month-to-month,Credit card (automatic),48.55,501,Yes,92,Competitor made better offer,1,45.54545454545455,2,0,29.775,534.05,0
7839-QRKXN,Glendale,Female,No,No,No,1,Month-to-month,Mailed check,20.2,20.2,Yes,69,Competitor had better devices,1,20.2,2,0,10.6,20.2,0
5204-QZXPU,Glendale,Male,No,No,No,19,Month-to-month,Electronic check,39.65,733.35,Yes,78,Competitor had better devices,1,38.597368421052636,2,1,29.325,753.35,0
4597-ELFTS,Glendale,Male,No,No,No,56,One year,Electronic check,24.9,1334,Yes,92,Competitor offered higher download speeds,1,23.821428571428573,1,1,40.45,1394.3999999999999,0
8450-JOVAH,Agoura Hills,Male,No,Yes,Yes,2,Month-to-month,Mailed check,56.7,113.55,Yes,77,Competitor offered higher download speeds,1,56.775,2,0,29.35,113.4,0
1113-IUJYX,Winnetka,Female,No,Yes,No,14,One year,Mailed check,105.95,1348.9,Yes,84,Competitor offered higher download speeds,1,96.35000000000001,1,0,59.975,1483.3,0
9274-CNFMO,Pacoima,Male,Yes,Yes,No,4,Month-to-month,Electronic check,74.95,308.7,Yes,69,Competitor offered more data,1,77.175,2,1,39.475,299.8,0
7758-XKCBS,Reseda,Male,No,No,No,15,Month-to-month,Electronic check,29.7,438.25,Yes,82,Competitor offered more data,1,29.216666666666665,2,1,22.35,445.5,0
8992-JQYUN,San Fernando,Male,No,Yes,No,1,Month-to-month,Electronic check,50.35,50.35,Yes,65,Competitor offered more data,1,50.35,2,1,25.675,50.35,0
0617-AQNWT,North Hills,Female,No,Yes,No,64,Two year,Electronic check,47.85,3147.5,Yes,66,Competitor made better offer,1,49.1796875,0,1,55.925,3062.4,1
2446-PLQVO,Santa Clarita,Male,No,No,No,1,Month-to-month,Electronic check,70.3,70.3,Yes,78,Don't know,1,70.3,2,1,35.65,70.3,0
3005-NFMTA,Valencia,Male,Yes,No,No,55,Month-to-month,Electronic check,98.8,5617.75,Yes,69,Price too high,1,102.14090909090909,2,1,76.9,5434,1
8784-CGILN,Tarzana,Female,No,No,No,18,Month-to-month,Bank transfer (automatic),99.85,1776.95,Yes,100,Product dissatisfaction,1,98.71944444444445,2,0,58.925,1797.3,0
5389-FFVKB,Thousand Oaks,Male,Yes,Yes,No,32,Month-to-month,Credit card (automatic),80.3,2483.05,Yes,94,Service dissatisfaction,1,77.5953125,2,0,56.15,2569.6,1
8444-WRIDW,Thousand Oaks,Female,Yes,No,No,66,Month-to-month,Credit card (automatic),80.45,5224.35,Yes,79,Lack of self-service on Website,1,79.15681818181818,2,0,73.225,5309.7,1
9451-LPGOO,Panorama City,Male,No,No,No,7,Month-to-month,Electronic check,86.8,620.35,Yes,66,Network reliability,1,88.62142857142858,2,1,46.9,607.6,0
5868-YWPDW,Sherman Oaks,Male,Yes,Yes,No,6,Month-to-month,Electronic check,84.2,519.15,Yes,72,Limited range of services,1,86.52499999999999,2,1,45.1,505.20000000000005,0
2025-JKFWI,Burbank,Male,No,No,No,13,Month-to-month,Mailed check,99,1301.7,Yes,81,Lack of affordable download/upload speed,1,100.13076923076923,2,0,56,1287,0
4078-SAYYN,Burbank,Female,No,No,No,11,Month-to-month,Electronic check,100.75,1129.75,Yes,65,Long distance charges,1,102.70454545454545,2,1,55.875,1108.25,0
9940-HPQPG,North Hollywood,Female,No,Yes,No,9,Month-to-month,Bank transfer (automatic),91.75,865.8,Yes,91,Extra data charges,1,96.19999999999999,2,0,50.375,825.75,0
6618-RYATB,North Hollywood,Female,No,No,No,1,Month-to-month,Mailed check,79.55,79.55,Yes,93,Price too high,1,79.55,2,0,40.275,79.55,0
9079-YEXQJ,Chino,Female,No,No,No,54,Month-to-month,Electronic check,111.1,6014.85,Yes,93,Product dissatisfaction,1,111.38611111111112,2,1,82.55,5999.4,1
2685-SREOM,Rancho Cucamonga,Female,No,Yes,No,25,Month-to-month,Electronic check,89.1,2368.4,Yes,96,Service dissatisfaction,1,94.736,2,1,57.05,2227.5,1
0402-CQAJN,El Monte,Female,No,No,No,37,Month-to-month,Bank transfer (automatic),101.9,3545.35,Yes,83,Lack of self-service on Website,1,95.82027027027027,2,0,69.45,3770.3,1
6692-UDPJC,South El Monte,Female,No,Yes,Yes,14,Month-to-month,Electronic check,91.65,1301,Yes,65,Network reliability,1,92.92857142857143,2,1,52.825,1283.1000000000001,0
1273-MTETI,Rancho Cucamonga,Female,Yes,No,No,4,Month-to-month,Electronic check,88.85,372.45,Yes,74,Don't know,1,93.1125,2,1,46.425,355.4,0
5480-HPRRX,Glendora,Female,Yes,No,No,3,Month-to-month,Electronic check,25.3,77.75,Yes,74,Attitude of support person,1,25.916666666666668,2,1,14.15,75.9,0
0295-PPHDO,La Puente,Male,No,No,No,1,Month-to-month,Electronic check,95.45,95.45,Yes,71,Attitude of support person,1,95.45,2,1,48.225,95.45,0
1195-OIYEJ,La Puente,Male,No,No,No,13,Month-to-month,Electronic check,91.1,1135.7,Yes,78,Attitude of support person,1,87.36153846153846,2,1,52.05,1184.3,0
5906-CVLHP,Rowland Heights,Female,No,Yes,No,45,One year,Credit card (automatic),54.15,2319.8,Yes,92,Attitude of service provider,1,51.55111111111111,1,0,49.575,2436.75,1
4501-EQDRN,Montclair,Female,No,No,No,1,Month-to-month,Bank transfer (automatic),69.7,69.7,Yes,98,Attitude of service provider,1,69.7,2,0,35.35,69.7,0
2990-HWIML,Ontario,Female,No,No,No,6,Month-to-month,Electronic check,89.5,573.3,Yes,82,Attitude of service provider,1,95.55,2,1,47.75,537,0
7384-GHBPI,San Dimas,Male,No,Yes,No,3,Month-to-month,Electronic check,35.15,99.75,Yes,83,Attitude of support person,1,33.25,2,1,19.075,105.44999999999999,0
7603-USHJS,San Gabriel,Male,No,No,Yes,12,Month-to-month,Credit card (automatic),73.75,871.4,Yes,78,Attitude of support person,1,72.61666666666666,2,0,42.875,885,0
7234-FECYN,San Gabriel,Female,Yes,No,No,8,Month-to-month,Electronic check,101.35,780.5,Yes,68,Attitude of support person,1,97.5625,2,1,54.675,810.8,0
5876-HZVZM,West Covina,Female,No,Yes,Yes,6,Month-to-month,Credit card (automatic),55.9,365.35,Yes,87,Attitude of service provider,1,60.89166666666667,2,0,30.95,335.4,0
1400-MMYXY,Alhambra,Male,Yes,Yes,No,3,Month-to-month,Electronic check,105.9,334.65,Yes,71,Attitude of service provider,1,111.55,2,1,54.45,317.70000000000005,0
3085-QUOZK,Alpine,Female,No,No,No,1,Month-to-month,Mailed check,43.95,43.95,Yes,76,Attitude of service provider,1,43.95,2,0,22.475,43.95,0
1041-RXHRA,Guatay,Female,No,No,No,41,Month-to-month,Bank transfer (automatic),70.25,2868.05,Yes,69,Attitude of support person,1,69.95243902439024,2,0,55.625,2880.25,1
1750-CSKKM,Imperial Beach,Male,No,No,Yes,9,Month-to-month,Electronic check,55.35,449.75,Yes,70,Attitude of support person,1,49.97222222222222,2,1,32.175,498.15000000000003,0
7142-HVGBG,Mount Laguna,Male,Yes,Yes,No,43,Month-to-month,Electronic check,103,4414.3,Yes,99,Attitude of service provider,1,102.65813953488373,2,1,73,4429,1
8267-ZNYVZ,Spring Valley,Female,No,Yes,No,33,One year,Electronic check,103.75,3361.05,Yes,81,Attitude of service provider,1,101.85000000000001,1,1,68.375,3423.75,1
6457-GIRWB,Carlsbad,Male,No,No,No,1,Month-to-month,Electronic check,69.35,69.35,Yes,88,Attitude of service provider,1,69.35,2,1,35.175,69.35,0
1450-SKCVI,Del Mar,Female,No,No,No,56,Month-to-month,Electronic check,73.85,4092.85,Yes,72,Attitude of support person,1,73.08660714285715,2,1,64.925,4135.599999999999,1
5570-PTWEH,Encinitas,Female,No,Yes,No,3,Month-to-month,Credit card (automatic),75.15,216.75,Yes,78,Attitude of support person,1,72.25,2,0,39.075,225.45000000000002,0
6502-MJQAE,Escondido,Male,No,No,No,1,Month-to-month,Electronic check,69.6,69.6,Yes,87,Attitude of support person,1,69.6,2,1,35.3,69.6,0
7693-LCKZL,Julian,Male,No,Yes,Yes,5,Month-to-month,Electronic check,80.15,385,Yes,84,Attitude of service provider,1,77,2,1,42.575,400.75,0
0032-PGELS,Palomar Mountain,Female,No,Yes,Yes,1,Month-to-month,Bank transfer (automatic),30.5,30.5,Yes,74,Attitude of service provider,1,30.5,2,0,15.75,30.5,0
6797-LNAQX,Poway,Male,No,Yes,No,70,Two year,Bank transfer (automatic),98.3,6859.5,Yes,98,Attitude of service provider,1,97.99285714285715,0,0,84.15,6881,1
6394-MFYNG,Solana Beach,Female,No,No,No,48,Month-to-month,Bank transfer (automatic),107.4,5121.3,Yes,89,Attitude of support person,1,106.69375000000001,2,0,77.7,5155.200000000001,1
1564-NTYXF,San Marcos,Female,Yes,No,No,13,Month-to-month,Electronic check,82,1127.2,Yes,99,Attitude of support person,1,86.70769230769231,2,1,47.5,1066,0
8155-IBNHG,San Diego,Female,No,Yes,No,24,Month-to-month,Credit card (automatic),75.4,1747.85,Yes,74,Attitude of support person,1,72.82708333333333,2,0,49.7,1809.6000000000001,0
0886-QGENL,San Diego,Female,Yes,Yes,No,27,Month-to-month,Electronic check,101.25,2754.45,Yes,77,Attitude of service provider,1,102.01666666666667,2,1,64.125,2733.75,1
8739-WWKDU,San Diego,Male,Yes,No,No,25,Month-to-month,Electronic check,89.5,2196.15,Yes,90,Attitude of service provider,1,87.846,2,1,57.25,2237.5,1
8685-WHQPW,San Diego,Female,Yes,No,No,22,Month-to-month,Bank transfer (automatic),74.4,1692.6,Yes,81,Attitude of service provider,1,76.93636363636364,2,0,48.2,1636.8000000000002,0
4745-LSPLO,San Diego,Male,No,No,No,1,Month-to-month,Mailed check,20.5,20.5,Yes,84,Attitude of support person,1,20.5,2,0,10.75,20.5,0
8083-YTZES,San Diego,Male,No,No,No,4,Month-to-month,Electronic check,74.35,265.35,Yes,73,Attitude of support person,1,66.3375,2,1,39.175,297.4,0
7240-FQLHE,San Diego,Female,Yes,Yes,No,18,Month-to-month,Bank transfer (automatic),99.75,1836.25,Yes,68,Attitude of support person,1,102.01388888888889,2,0,58.875,1795.5,0
6664-FPDAC,San Diego,Female,Yes,No,No,56,One year,Electronic check,111.95,6418.9,Yes,91,Attitude of service provider,1,114.62321428571428,1,1,83.975,6269.2,1
0786-VSSUD,San Diego,Male,Yes,No,No,16,Month-to-month,Mailed check,39,679.85,Yes,92,Attitude of service provider,1,42.490625,2,0,27.5,624,0
3976-BWUCK,San Diego,Female,No,Yes,No,30,Month-to-month,Credit card (automatic),94.1,2804.45,Yes,94,Attitude of service provider,1,93.48166666666665,2,0,62.05,2823,1
3585-ISXZP,Indio,Female,No,No,No,8,Month-to-month,Bank transfer (automatic),95.65,778.1,Yes,95,Attitude of support person,1,97.2625,2,0,51.825,765.2,0
6583-QGCSI,Indian Wells,Female,Yes,Yes,No,50,Month-to-month,Electronic check,88.05,4367.35,Yes,87,Competitor made better offer,1,87.34700000000001,2,1,69.025,4402.5,1
4174-LPGTI,Beaumont,Female,No,Yes,No,41,One year,Bank transfer (automatic),66.5,2728.6,Yes,65,Moved,1,66.55121951219512,1,0,53.75,2726.5,1
2108-XWMPY,Cabazon,Male,No,No,No,3,Month-to-month,Mailed check,35.45,106.85,Yes,70,Moved,1,35.61666666666667,2,0,19.225,106.35000000000001,0
6304-IJFSQ,Calipatria,Male,No,No,No,3,Month-to-month,Mailed check,49.9,130.1,Yes,73,Moved,1,43.36666666666667,2,0,26.45,149.7,0
0093-XWZFY,Desert Hot Springs,Male,No,No,No,40,Month-to-month,Credit card (automatic),104.5,4036.85,Yes,93,Competitor had better devices,1,100.92125,2,0,72.25,4180,1
1980-KXVPM,El Centro,Female,Yes,No,No,3,Month-to-month,Credit card (automatic),75.05,256.25,Yes,83,Competitor offered higher download speeds,1,85.41666666666667,2,0,39.025,225.14999999999998,0
7703-ZEKEF,Heber,Male,No,No,No,23,Month-to-month,Electronic check,81,1917.1,Yes,78,Competitor offered more data,1,83.35217391304347,2,1,52,1863,0
0723-DRCLG,Holtville,Female,Yes,Yes,No,1,Month-to-month,Electronic check,74.45,74.45,Yes,94,Competitor made better offer,1,74.45,2,1,37.725,74.45,0
5482-NUPNA,Imperial,Female,No,No,No,4,Month-to-month,Mailed check,60.4,272.15,Yes,90,Competitor had better devices,1,68.0375,2,0,32.2,241.6,0
1122-JWTJW,Ocotillo,Male,No,Yes,Yes,1,Month-to-month,Mailed check,70.65,70.65,Yes,82,Competitor had better devices,1,70.65,2,0,35.825,70.65,0
1699-HPSBG,Palm Springs,Male,No,No,No,12,One year,Electronic check,59.8,727.8,Yes,69,Competitor offered higher download speeds,1,60.65,1,1,35.9,717.5999999999999,0
8775-CEBBJ,Seeley,Female,No,No,No,9,Month-to-month,Bank transfer (automatic),44.2,403.35,Yes,87,Competitor offered higher download speeds,1,44.81666666666667,2,0,26.6,397.8,0
6894-LFHLY,Vidal,Male,Yes,No,No,1,Month-to-month,Electronic check,75.75,75.75,Yes,97,Competitor offered higher download speeds,1,75.75,2,1,38.375,75.75,0
0639-TSIQW,White Water,Female,No,No,No,67,Month-to-month,Credit card (automatic),102.95,6886.25,Yes,70,Competitor offered more data,1,102.77985074626865,2,0,84.975,6897.650000000001,1
8361-LTMKD,Apple Valley,Male,Yes,Yes,No,4,Month-to-month,Mailed check,74.4,306.6,Yes,77,Competitor offered more data,1,76.65,2,0,39.2,297.6,0
7590-VHVEG,Los Angeles,Female,No,Yes,No,1,Month-to-month,Electronic check,29.85,29.85,No,27,,0,29.85,2,1,15.425,29.85,0
5575-GNVDE,Los Angeles,Male,No,No,No,34,One year,Mailed check,56.95,1889.5,No,61,,0,55.5735294117647,1,0,45.475,1936.3000000000002,0
7795-CFOCW,Los Angeles,Male,No,No,No,45,One year,Bank transfer (automatic),42.3,1840.75,No,66,,0,40.90555555555556,1,0,43.65,1903.4999999999998,0
1452-KIOVK,Los Angeles,Male,No,No,Yes,22,Month-to-month,Credit card (automatic),89.1,1949.4,No,43,,0,88.60909090909091,2,0,55.55,1960.1999999999998,0
6713-OKOMC,Los Angeles,Female,No,No,No,10,Month-to-month,Mailed check,29.75,301.9,No,51,,0,30.189999999999998,2,0,19.875,297.5,0
6388-TABGU,Los Angeles,Male,No,No,No,62,One year,Bank transfer (automatic),56.15,3487.95,No,58,,0,56.25725806451613,1,0,59.075,3481.2999999999997,1
7469-LKBCI,Los Angeles,Male,No,No,No,16,Two year,Credit card (automatic),18.95,326.8,No,39,,0,20.425,0,0,17.475,303.2,0
8091-TTVAX,Los Angeles,Male,No,Yes,No,58,One year,Credit card (automatic),100.35,5681.1,No,71,,0,97.95,1,0,79.175,5820.299999999999,1
5129-JLPIS,Los Angeles,Male,No,No,No,25,Month-to-month,Electronic check,105.5,2686.05,No,75,,0,107.44200000000001,2,1,65.25,2637.5,1
3655-SNQYZ,Los Angeles,Female,No,Yes,No,69,Two year,Credit card (automatic),113.25,7895.15,No,43,,0,114.42246376811593,0,0,91.125,7814.25,1
8191-XWSZG,Los Angeles,Female,No,No,No,52,One year,Mailed check,20.65,1022.95,No,35,,0,19.672115384615385,1,0,36.325,1073.8,0
9959-WOFKT,Los Angeles,Male,No,No,No,71,Two year,Bank transfer (automatic),106.7,7382.25,No,73,,0,103.97535211267606,0,0,88.85,7575.7,1
4183-MYFRB,Los Angeles,Female,No,No,No,21,Month-to-month,Electronic check,90.05,1862.9,No,57,,0,88.70952380952382,2,1,55.525,1891.05,0
1680-VDCWW,Los Angeles,Male,No,Yes,No,12,One year,Bank transfer (automatic),19.8,202.25,No,77,,0,16.854166666666668,1,0,15.9,237.60000000000002,0
3638-WEABW,Los Angeles,Female,No,Yes,No,58,Two year,Credit card (automatic),59.9,3505.1,No,53,,0,60.432758620689654,0,0,58.95,3474.2,1
6322-HRPFA,Los Angeles,Male,No,Yes,Yes,49,Month-to-month,Credit card (automatic),59.6,2970.3,No,79,,0,60.61836734693878,2,0,54.3,2920.4,1
6865-JZNKO,Los Angeles,Female,No,No,No,30,Month-to-month,Bank transfer (automatic),55.3,1530.6,No,65,,0,51.019999999999996,2,0,42.65,1659,0
5248-YGIJN,Los Angeles,Male,No,Yes,No,72,Two year,Credit card (automatic),90.25,6369.45,No,21,,0,88.46458333333334,0,0,81.125,6498,1
3841-NFECX,Los Angeles,Female,Yes,Yes,No,71,Two year,Credit card (automatic),96.35,6766.95,No,38,,0,95.30915492957746,0,0,83.675,6840.849999999999,1
4929-XIHVW,Los Angeles,Male,Yes,Yes,No,2,Month-to-month,Credit card (automatic),95.5,181.65,No,69,,0,90.825,2,0,48.75,191,0
6827-IEAUQ,Los Angeles,Female,No,Yes,No,27,One year,Mailed check,66.15,1874.45,No,66,,0,69.42407407407407,1,0,46.575,1786.0500000000002,0
7310-EGVHZ,Los Angeles,Male,No,No,No,1,Month-to-month,Bank transfer (automatic),20.2,20.2,No,77,,0,20.2,2,0,10.6,20.2,0
3413-BMNZE,Los Angeles,Male,Yes,No,No,1,Month-to-month,Bank transfer (automatic),45.25,45.25,No,40,,0,45.25,2,0,23.125,45.25,0
6234-RAAPL,Los Angeles,Female,No,Yes,No,72,Two year,Bank transfer (automatic),99.9,7251.7,No,79,,0,100.71805555555555,0,0,85.95,7192.8,1
6572-ADKRS,Los Angeles,Female,No,No,No,46,Month-to-month,Credit card (automatic),74.8,3548.3,No,41,,0,77.13695652173914,2,0,60.4,3440.7999999999997,1
8865-TNMNX,Los Angeles,Male,No,Yes,No,10,One year,Mailed check,49.55,475.7,No,22,,0,47.57,1,0,29.775,495.5,0
9489-DEDVP,Los Angeles,Female,No,Yes,No,70,Two year,Credit card (automatic),69.2,4872.35,No,25,,0,69.605,0,0,69.6,4844,1
9867-JCZSP,Los Angeles,Female,No,Yes,No,17,One year,Mailed check,20.75,418.25,No,64,,0,24.602941176470587,1,0,18.875,352.75,0
4671-VJLCL,Los Angeles,Female,No,No,No,63,Two year,Credit card (automatic),79.85,4861.45,No,70,,0,77.16587301587302,0,0,71.425,5030.549999999999,1
4080-IIARD,Los Angeles,Female,No,Yes,No,13,Month-to-month,Electronic check,76.2,981.45,No,41,,0,75.49615384615385,2,1,44.6,990.6,0
3714-NTNFO,Los Angeles,Female,No,No,No,49,Month-to-month,Electronic check,84.5,3906.7,No,71,,0,79.72857142857143,2,1,66.75,4140.5,1
5948-UJZLF,Los Angeles,Male,No,No,No,2,Month-to-month,Mailed check,49.25,97,No,57,,0,48.5,2,0,25.625,98.5,0
7639-LIAYI,Los Angeles,Male,No,No,No,52,Two year,Credit card (automatic),79.75,4217.8,No,49,,0,81.11153846153846,0,0,65.875,4147,1
2954-PIBKO,Los Angeles,Female,No,Yes,No,69,Two year,Credit card (automatic),64.15,4254.1,No,62,,0,61.6536231884058,0,0,66.575,4426.35,1
8012-SOUDQ,Los Angeles,Female,Yes,No,No,43,Month-to-month,Electronic check,90.25,3838.75,No,52,,0,89.27325581395348,2,1,66.625,3880.75,1
6575-SUVOI,Los Angeles,Female,Yes,Yes,No,25,Month-to-month,Credit card (automatic),69.5,1752.65,No,25,,0,70.10600000000001,2,0,47.25,1737.5,0
4667-QONEA,Los Angeles,Female,Yes,Yes,No,60,One year,Credit card (automatic),74.85,4456.35,No,59,,0,74.27250000000001,1,0,67.425,4491,1
8769-KKTPH,Los Angeles,Female,No,Yes,No,63,One year,Credit card (automatic),99.65,6311.2,No,79,,0,100.17777777777778,1,0,81.325,6277.950000000001,1
5067-XJQFU,Los Angeles,Male,Yes,Yes,No,66,One year,Electronic check,108.45,7076.35,No,74,,0,107.21742424242424,1,1,87.225,7157.7,1
3957-SQXML,Los Angeles,Female,No,Yes,No,34,Two year,Credit card (automatic),24.95,894.3,No,62,,0,26.302941176470586,0,0,29.475,848.3,0
5954-BDFSG,West Hollywood,Female,No,No,No,72,Two year,Credit card (automatic),107.5,7853.7,No,53,,0,109.07916666666667,0,0,89.75,7740,1
0434-CSFON,Los Angeles,Female,No,Yes,No,47,Month-to-month,Electronic check,100.5,4707.1,No,70,,0,100.15106382978725,2,1,73.75,4723.5,1
1215-FIGMP,Los Angeles,Male,No,No,No,60,Month-to-month,Bank transfer (automatic),89.9,5450.7,No,35,,0,90.845,2,0,74.95,5394,1
0526-SXDJP,Bell,Male,No,Yes,No,72,Two year,Bank transfer (automatic),42.1,2962,No,29,,0,41.138888888888886,0,0,57.05,3031.2000000000003,1
0557-ASKVU,Beverly Hills,Female,No,Yes,No,18,One year,Credit card (automatic),54.4,957.1,No,33,,0,53.172222222222224,1,0,36.2,979.1999999999999,0
5122-CYFXA,Beverly Hills,Female,No,No,No,3,Month-to-month,Electronic check,75.3,244.1,No,35,,0,81.36666666666666,2,1,39.15,225.89999999999998,0
8627-ZYGSZ,Compton,Male,No,Yes,No,47,One year,Electronic check,78.9,3650.35,No,61,,0,77.66702127659575,1,1,62.95,3708.3,1
3170-NMYVV,Compton,Female,No,Yes,No,50,Two year,Bank transfer (automatic),20.15,930.9,No,20,,0,18.618,0,0,35.075,1007.4999999999999,0
7410-OIEDU,Culver City,Male,No,No,No,10,Month-to-month,Mailed check,79.85,887.35,No,38,,0,88.735,2,0,44.925,798.5,0
2273-QCKXA,Culver City,Male,No,No,No,1,Month-to-month,Mailed check,49.05,49.05,No,30,,0,49.05,2,0,25.025,49.05,0
0731-EBJQB,Downey,Female,No,Yes,No,52,One year,Electronic check,20.4,1090.65,No,26,,0,20.974038461538463,1,1,36.2,1060.8,0
1891-QRQSA,Downey,Male,Yes,Yes,No,64,Two year,Bank transfer (automatic),111.6,7099,No,69,,0,110.921875,0,0,87.8,7142.4,1
8028-PNXHQ,Downey,Male,No,Yes,No,62,Two year,Bank transfer (automatic),24.25,1424.6,No,33,,0,22.97741935483871,0,0,43.125,1503.5,0
5630-AHZIL,El Segundo,Female,No,No,Yes,3,Month-to-month,Bank transfer (automatic),64.5,177.4,No,54,,0,59.13333333333333,2,0,33.75,193.5,0
2673-CXQEU,Gardena,Female,Yes,No,No,56,One year,Electronic check,110.5,6139.5,No,21,,0,109.63392857142857,1,1,83.25,6188,1
6416-JNVRK,Gardena,Female,No,No,No,46,One year,Credit card (automatic),55.65,2688.85,No,56,,0,58.45326086956521,1,0,50.825,2559.9,1
5590-ZSKRV,Gardena,Female,No,Yes,Yes,8,Month-to-month,Mailed check,54.65,482.25,No,43,,0,60.28125,2,0,31.325,437.2,0
0191-ZHSKZ,Hawthorne,Male,Yes,No,No,30,Month-to-month,Electronic check,74.75,2111.3,No,55,,0,70.37666666666668,2,1,52.375,2242.5,1
3887-PBQAO,Hermosa Beach,Female,No,Yes,No,45,One year,Credit card (automatic),25.9,1216.6,No,78,,0,27.035555555555554,1,0,35.45,1165.5,0
8108-UXRQN,Lawndale,Female,No,Yes,Yes,11,Month-to-month,Electronic check,50.55,565.35,No,28,,0,51.39545454545455,2,1,30.775,556.05,0
9919-YLNNG,Malibu,Female,No,No,No,42,Month-to-month,Bank transfer (automatic),103.8,4327.5,No,37,,0,103.03571428571429,2,0,72.9,4359.599999999999,1
0318-ZOPWS,Malibu,Female,No,Yes,No,49,Two year,Bank transfer (automatic),20.15,973.35,No,37,,0,19.864285714285714,0,0,34.575,987.3499999999999,0
4445-ZJNMU,Manhattan Beach,Male,No,No,No,9,Month-to-month,Credit card (automatic),99.3,918.75,No,69,,0,102.08333333333333,2,0,54.15,893.6999999999999,0
4808-YNLEU,Maywood,Female,No,Yes,No,35,One year,Bank transfer (automatic),62.15,2215.45,No,39,,0,63.29857142857142,1,0,48.575,2175.25,1
1862-QRWPE,Pacific Palisades,Female,No,Yes,No,48,Two year,Bank transfer (automatic),20.65,1057,No,25,,0,22.020833333333332,0,0,34.325,991.1999999999999,0
2796-NNUFI,Palos Verdes Peninsula,Female,No,Yes,No,46,Two year,Mailed check,19.95,927.1,No,80,,0,20.15434782608696,0,0,32.975,917.6999999999999,0
3016-KSVCP,Rancho Palos Verdes,Male,No,Yes,No,29,Month-to-month,Mailed check,33.75,1009.25,No,62,,0,34.80172413793103,2,0,31.375,978.75,0
4767-HZZHQ,Redondo Beach,Male,No,Yes,Yes,30,Month-to-month,Bank transfer (automatic),82.05,2570.2,No,9,,0,85.67333333333333,2,0,56.025,2461.5,1
2424-WVHPL,Redondo Beach,Male,Yes,No,No,1,Month-to-month,Electronic check,74.7,74.7,No,60,,0,74.7,2,1,37.85,74.7,0
7233-PAHHL,South Gate,Male,No,Yes,No,66,Two year,Mailed check,84,5714.25,No,24,,0,86.57954545454545,0,0,75,5544,1
6067-NGCEU,Topanga,Female,No,No,No,65,Month-to-month,Credit card (automatic),111.05,7107,No,38,,0,109.33846153846154,2,0,88.025,7218.25,1
9848-JQJTX,Venice,Male,No,No,No,72,Two year,Bank transfer (automatic),100.9,7459.05,No,54,,0,103.59791666666666,0,0,86.45,7264.8,1
9803-FTJCG,Playa Del Rey,Male,No,Yes,No,71,One year,Credit card (automatic),66.85,4748.7,No,26,,0,66.8830985915493,1,0,68.925,4746.349999999999,1
3212-KXOCR,Inglewood,Male,No,No,No,52,Two year,Bank transfer (automatic),21,1107.2,No,66,,0,21.292307692307695,0,0,36.5,1092,0
6380-ARCEH,Inglewood,Male,No,No,No,1,Month-to-month,Mailed check,20.2,20.2,No,77,,0,20.2,2,0,10.6,20.2,0
3679-XASPY,Inglewood,Female,No,Yes,Yes,1,Month-to-month,Electronic check,19.45,19.45,No,26,,0,19.45,2,1,10.225,19.45,0
7123-WQUHX,Santa Monica,Male,No,No,No,38,One year,Bank transfer (automatic),95,3605.6,No,63,,0,94.88421052631578,1,0,66.5,3610,1
8645-KWHJO,San Gabriel,Male,No,No,No,14,Month-to-month,Electronic check,55,771.95,No,23,,0,55.13928571428572,2,1,34.5,770,0
5386-THSLQ,Santa Monica,Female,Yes,Yes,No,66,One year,Bank transfer (automatic),45.55,3027.25,No,28,,0,45.86742424242424,1,0,55.775,3006.2999999999997,1
6180-YBIQI,Santa Monica,Male,No,No,No,5,Month-to-month,Mailed check,24.3,100.2,No,61,,0,20.04,2,0,14.65,121.5,0
6728-DKUCO,Santa Monica,Female,No,Yes,No,72,One year,Electronic check,104.15,7303.05,No,21,,0,101.43125,1,1,88.075,7498.8,1
9750-BOOHV,Torrance,Female,No,No,No,32,One year,Mailed check,30.15,927.65,No,60,,0,28.9890625,1,0,31.075,964.8,0
8597-CWYHH,Torrance,Male,No,No,No,43,One year,Mailed check,94.35,3921.3,No,53,,0,91.19302325581396,1,0,68.675,4057.0499999999997,1
2848-YXSMW,Torrance,Male,No,Yes,No,72,Two year,Credit card (automatic),19.4,1363.25,No,23,,0,18.93402777777778,0,0,45.7,1396.8,0
4549-ZDQYY,Torrance,Female,No,No,No,52,One year,Credit card (automatic),57.95,3042.25,No,28,,0,58.50480769230769,1,0,54.975,3013.4,1
5712-AHQNN,Whittier,Female,No,No,No,43,Month-to-month,Electronic check,91.65,3954.1,No,65,,0,91.95581395348837,2,1,67.325,3940.9500000000003,1
5256-SKJGO,Whittier,Female,No,Yes,No,64,Two year,Electronic check,54.6,3423.5,No,35,,0,53.4921875,0,1,59.3,3494.4,1
3071-VBYPO,Whittier,Male,No,Yes,Yes,3,Month-to-month,Electronic check,89.85,248.4,No,22,,0,82.8,2,1,46.425,269.54999999999995,0
9560-BBZXK,Whittier,Female,No,No,No,36,Two year,Bank transfer (automatic),31.05,1126.35,No,54,,0,31.287499999999998,0,0,33.525,1117.8,0
8402-OOOHJ,Buena Park,Female,No,No,No,41,Two year,Mailed check,20.65,835.15,No,59,,0,20.36951219512195,0,0,30.825,846.65,0
9445-ZUEQE,Buena Park,Male,No,Yes,Yes,27,Month-to-month,Credit card (automatic),85.2,2151.6,No,28,,0,79.68888888888888,2,0,56.1,2300.4,1
1091-SOZGA,La Palma,Female,No,Yes,No,56,One year,Credit card (automatic),99.8,5515.45,No,43,,0,98.49017857142857,1,0,77.9,5588.8,1
2928-HLDBA,Cypress,Female,No,No,No,6,Month-to-month,Mailed check,20.7,112.75,No,47,,0,18.791666666666668,2,0,13.35,124.19999999999999,0
6497-TILVL,La Mirada,Female,No,Yes,Yes,7,Month-to-month,Mailed check,50.7,350.35,No,59,,0,50.050000000000004,2,0,28.85,354.90000000000003,0
7219-TLZHO,Montebello,Female,No,Yes,Yes,4,Month-to-month,Mailed check,20.85,62.9,No,76,,0,15.725,2,0,12.425,83.4,0
4622-YNKIJ,Norwalk,Male,No,No,No,33,Two year,Electronic check,88.95,3027.65,No,32,,0,91.7469696969697,0,1,60.975,2935.35,1
6734-PSBAW,Santa Fe Springs,Male,No,Yes,No,72,Two year,Bank transfer (automatic),23.55,1723.95,No,59,,0,23.94375,0,0,47.775,1695.6000000000001,0
3930-ZGWVE,Stanton,Male,No,No,No,1,Month-to-month,Mailed check,19.75,19.75,No,68,,0,19.75,2,0,10.375,19.75,0
2639-UGMAZ,Artesia,Male,Yes,No,No,71,One year,Electronic check,56.45,3985.35,No,68,,0,56.131690140845066,1,1,63.725,4007.9500000000003,1
2876-GZYZC,Cerritos,Female,No,No,No,13,Month-to-month,Electronic check,85.95,1215.65,No,58,,0,93.51153846153846,2,1,49.475,1117.3500000000001,0
8587-XYZSF,Bellflower,Male,No,No,No,67,Two year,Bank transfer (automatic),50.55,3260.1,No,63,,0,48.65820895522388,0,0,58.775,3386.85,1
7799-LGRDP,Lakewood,Female,No,No,No,43,Two year,Credit card (automatic),25.7,1188.2,No,79,,0,27.632558139534886,0,0,34.35,1105.1,0
7850-VWJUU,Lakewood,Female,No,No,No,23,Month-to-month,Bank transfer (automatic),75,1778.5,No,29,,0,77.32608695652173,2,0,49,1725,0
3774-VBNXY,Hawaiian Gardens,Female,No,Yes,No,64,Two year,Mailed check,20.2,1277.75,No,51,,0,19.96484375,0,0,42.1,1292.8,0
6217-KDYWC,Lomita,Male,No,No,No,57,Two year,Mailed check,19.6,1170.55,No,40,,0,20.5359649122807,0,0,38.3,1117.2,0
3146-MSEGF,Paramount,Female,Yes,Yes,No,72,Two year,Credit card (automatic),88.05,6425.65,No,8,,0,89.24513888888889,0,0,80.025,6339.599999999999,1
1095-WGNGG,San Pedro,Female,No,Yes,No,61,Two year,Bank transfer (automatic),101.05,5971.25,No,60,,0,97.88934426229508,0,0,81.025,6164.05,1
2636-SJDOU,Seal Beach,Male,No,No,No,64,One year,Credit card (automatic),84.3,5289.05,No,53,,0,82.64140625,1,0,74.15,5395.2,1
1131-QQZEB,Sunset Beach,Male,Yes,Yes,No,71,Two year,Bank transfer (automatic),23.95,1756.2,No,52,,0,24.735211267605635,0,0,47.475,1700.45,0
5716-EZXZN,Surfside,Female,No,Yes,No,65,Two year,Credit card (automatic),99.05,6416.7,No,59,,0,98.71846153846154,0,0,82.025,6438.25,1
6837-BJYDQ,Wilmington,Male,No,No,No,3,One year,Mailed check,19.6,61.35,No,33,,0,20.45,1,0,11.3,58.800000000000004,0
6440-DKQGE,Carson,Male,No,No,No,30,One year,Credit card (automatic),64.5,1929.95,No,30,,0,64.33166666666666,1,0,47.25,1935,0
3466-BYAVD,Long Beach,Male,No,Yes,Yes,15,Month-to-month,Mailed check,69.5,1071.4,No,35,,0,71.42666666666668,2,0,42.25,1042.5,0
3780-YVMFA,Long Beach,Female,No,Yes,Yes,8,Month-to-month,Electronic check,68.55,564.35,No,58,,0,70.54375,2,1,38.275,548.4,0
1679-JRFBR,Long Beach,Female,No,Yes,No,70,One year,Credit card (automatic),108.15,7930.55,No,41,,0,113.29357142857143,1,0,89.075,7570.5,1
9073-ZZIAY,Long Beach,Male,No,Yes,No,62,Two year,Electronic check,86.1,5215.25,No,62,,0,84.11693548387096,0,1,74.05,5338.2,1
3077-RSNTJ,Long Beach,Female,No,Yes,Yes,6,Month-to-month,Mailed check,19.7,113.5,No,43,,0,18.916666666666668,2,0,12.85,118.19999999999999,0
6551-GNYDG,Long Beach,Female,No,Yes,Yes,14,Month-to-month,Bank transfer (automatic),80.9,1152.8,No,46,,0,82.34285714285714,2,0,47.45,1132.6000000000001,0
9167-APMXZ,Long Beach,Female,No,No,No,22,Month-to-month,Bank transfer (automatic),84.15,1821.95,No,32,,0,82.81590909090909,2,0,53.075,1851.3000000000002,0
2749-CTKAJ,Long Beach,Male,No,Yes,No,22,One year,Mailed check,20.15,419.9,No,72,,0,19.086363636363636,1,0,21.075,443.29999999999995,0
6371-NZYEG,Long Beach,Male,No,Yes,No,16,Two year,Mailed check,64.25,1024,No,77,,0,64,0,0,40.125,1028,0
7554-NEWDD,Long Beach,Male,No,No,No,10,Two year,Bank transfer (automatic),25.7,251.6,No,8,,0,25.16,0,0,17.85,257,0
8992-VONJD,Long Beach,Female,No,No,Yes,13,Month-to-month,Electronic check,56,764.55,No,22,,0,58.81153846153846,2,1,34.5,728,0
4482-EWFMI,Arcadia,Female,No,No,No,2,Month-to-month,Electronic check,69.7,135.2,No,43,,0,67.6,2,1,35.85,139.4,0
4648-YPBTM,Arcadia,Male,No,No,No,53,Two year,Bank transfer (automatic),73.9,3958.25,No,55,,0,74.68396226415095,0,0,63.45,3916.7000000000003,1
2907-ILJBN,Duarte,Female,No,Yes,No,11,One year,Mailed check,20.6,233.9,No,29,,0,21.263636363636365,1,0,15.8,226.60000000000002,0
6345-FZOQH,La Canada Flintridge,Male,No,Yes,No,69,Two year,Mailed check,19.9,1363.45,No,54,,0,19.76014492753623,0,0,44.45,1373.1,0
5997-OPVFA,Montrose,Male,No,Yes,No,72,Two year,Bank transfer (automatic),89.05,6254.45,No,54,,0,86.86736111111111,0,0,80.525,6411.599999999999,1
1159-WFSGR,South Pasadena,Female,No,Yes,Yes,16,Month-to-month,Electronic check,20.4,321.4,No,62,,0,20.0875,2,1,18.2,326.4,0
7654-YWJUF,Sunland,Male,No,Yes,No,43,One year,Bank transfer (automatic),84.25,3539.25,No,51,,0,82.30813953488372,1,0,63.625,3622.75,1
6727-IOTLZ,Pasadena,Male,No,Yes,No,14,Two year,Mailed check,81.95,1181.75,No,52,,0,84.41071428571429,0,0,47.975,1147.3,0
5918-VUKWP,Pasadena,Female,No,No,No,32,One year,Bank transfer (automatic),20.55,654.55,No,77,,0,20.4546875,1,0,26.275,657.6,0
1744-JHKYS,Pasadena,Female,No,Yes,No,34,Month-to-month,Electronic check,24.7,780.2,No,72,,0,22.947058823529414,2,1,29.35,839.8,0
5947-SGKCL,San Marino,Female,No,Yes,Yes,15,Month-to-month,Bank transfer (automatic),105.35,1559.25,No,66,,0,103.95,2,0,60.175,1580.25,0
3712-PKXZA,Glendale,Male,No,Yes,No,61,One year,Credit card (automatic),20.55,1252,No,42,,0,20.524590163934427,1,0,40.775,1253.55,0
6582-OIVSP,Glendale,Female,No,No,No,1,Month-to-month,Mailed check,45.3,45.3,No,48,,0,45.3,2,0,23.15,45.3,0
5524-KHNJP,Glendale,Male,No,Yes,No,33,One year,Credit card (automatic),74.75,2453.3,No,26,,0,74.34242424242424,1,0,53.875,2466.75,1
4827-USJHP,Glendale,Male,No,No,No,20,Month-to-month,Mailed check,51.8,1023.85,No,24,,0,51.1925,2,0,35.9,1036,0
8167-GJLRN,La Crescenta,Male,No,No,No,3,Month-to-month,Electronic check,30.4,82.15,No,55,,0,27.383333333333336,2,1,16.7,91.19999999999999,0
0956-SYCWG,Agoura Hills,Female,No,No,No,13,One year,Electronic check,19.65,244.8,No,49,,0,18.83076923076923,1,1,16.325,255.45,0
8017-UVSZU,Calabasas,Female,No,Yes,No,40,Month-to-month,Credit card (automatic),56.6,2379.1,No,72,,0,59.4775,2,0,48.3,2264,1
7100-FQPRV,Canoga Park,Male,No,Yes,No,43,One year,Credit card (automatic),71.9,3173.35,No,23,,0,73.79883720930232,1,0,57.45,3091.7000000000003,1
2984-RGEYA,Winnetka,Female,No,Yes,No,69,Two year,Bank transfer (automatic),19.75,1375.4,No,72,,0,19.933333333333334,0,0,44.375,1362.75,0
9680-NIAUV,West Hills,Female,No,Yes,No,72,Two year,Credit card (automatic),109.7,8129.3,No,74,,0,112.90694444444445,0,0,90.85,7898.400000000001,1
2146-EGVDT,Chatsworth,Male,No,Yes,No,59,Two year,Credit card (automatic),19.3,1192.7,No,28,,0,20.215254237288136,0,0,39.15,1138.7,0
2604-IJPDU,Encino,Female,No,Yes,No,20,Month-to-month,Electronic check,96.55,1901.65,No,36,,0,95.08250000000001,2,1,58.275,1931,0
9178-JHUVJ,Newbury Park,Male,No,Yes,Yes,24,Two year,Bank transfer (automatic),24.1,587.4,No,26,,0,24.474999999999998,0,0,24.05,578.4000000000001,0
6168-YBYNP,Newhall,Male,No,No,No,59,Month-to-month,Electronic check,111.35,6519.75,No,62,,0,110.5042372881356,2,1,85.175,6569.65,1
7255-SSFBC,Northridge,Male,No,Yes,Yes,72,Two year,Bank transfer (automatic),112.25,8041.65,No,55,,0,111.68958333333333,0,0,92.125,8082,1
3645-DEYGF,Northridge,Male,No,No,Yes,1,Month-to-month,Mailed check,20.75,20.75,No,25,,0,20.75,2,0,10.875,20.75,0
9323-HGFWY,Porter Ranch,Female,No,Yes,No,27,One year,Credit card (automatic),101.9,2681.15,No,69,,0,99.30185185185185,1,0,64.45,2751.3,1
8544-GOQSH,Pacoima,Female,No,No,No,14,Month-to-month,Credit card (automatic),80.05,1112.3,No,53,,0,79.45,2,0,47.025,1120.7,0
3363-DTIVD,Reseda,Male,No,Yes,Yes,71,Two year,Electronic check,105.55,7405.5,No,63,,0,104.30281690140845,0,1,88.275,7494.05,1
7018-WBJNK,San Fernando,Male,No,No,Yes,13,Month-to-month,Credit card (automatic),78.3,1033.95,No,26,,0,79.53461538461539,2,0,45.65,1017.9,0
9142-KZXOP,Sylmar,Male,No,No,No,44,Month-to-month,Credit card (automatic),68.85,2958.95,No,51,,0,67.24886363636364,2,0,56.425,3029.3999999999996,1
7674-YTAFD,North Hills,Female,No,No,No,33,One year,Bank transfer (automatic),79.95,2684.85,No,52,,0,81.35909090909091,1,0,56.475,2638.35,1
6348-SNFUS,Granada Hills,Male,No,Yes,No,72,Two year,Credit card (automatic),55.45,4179.2,No,32,,0,58.044444444444444,0,0,63.725,3992.4,1
1347-KTTTA,Canyon Country,Male,No,Yes,No,64,One year,Credit card (automatic),102.45,6654.1,No,58,,0,103.9703125,1,0,83.225,6556.8,1
4195-NZGTA,Valencia,Female,No,No,No,1,Month-to-month,Electronic check,25.25,25.25,No,73,,0,25.25,2,1,13.125,25.25,0
7157-SMCFK,Valencia,Male,No,No,Yes,61,Two year,Mailed check,19.75,1124.2,No,76,,0,18.42950819672131,0,0,40.375,1204.75,0
4709-LKHYG,Tarzana,Female,No,Yes,No,29,One year,Electronic check,20,540.05,No,34,,0,18.622413793103448,1,1,24.5,580,0
2504-DSHIH,Thousand Oaks,Male,Yes,Yes,No,23,Month-to-month,Electronic check,86.8,1975.85,No,38,,0,85.90652173913043,2,1,54.9,1996.3999999999999,0
0699-NDKJM,Westlake Village,Female,No,Yes,No,57,Month-to-month,Bank transfer (automatic),58.75,3437.45,No,38,,0,60.30614035087719,2,0,57.875,3348.75,1
9286-BHDQG,Thousand Oaks,Male,No,Yes,No,72,Two year,Credit card (automatic),45.25,3139.8,No,22,,0,43.608333333333334,0,0,58.625,3258,1
0230-WEQUW,Woodland Hills,Male,No,Yes,No,66,Two year,Bank transfer (automatic),56.6,3789.2,No,77,,0,57.41212121212121,0,0,61.3,3735.6,1
2040-LDIWQ,Woodland Hills,Male,No,Yes,No,65,Two year,Bank transfer (automatic),84.2,5324.5,No,33,,0,81.91538461538461,0,0,74.6,5473,1
6496-JDSSB,Oak Park,Female,No,No,No,8,Month-to-month,Bank transfer (automatic),80,624.6,No,22,,0,78.075,2,0,44,640,0
4443-EMBNA,Castaic,Female,No,Yes,No,71,Two year,Bank transfer (automatic),24.75,1836.9,No,51,,0,25.871830985915494,0,0,47.875,1757.25,0
6469-MRVET,Van Nuys,Male,No,Yes,No,1,One year,Electronic check,20.2,20.2,No,21,,0,20.2,1,1,10.6,20.2,0
5961-VUSRV,Sherman Oaks,Female,No,No,No,12,One year,Bank transfer (automatic),19.35,219.35,No,57,,0,18.279166666666665,1,0,15.675,232.20000000000002,0
6778-JFCMK,Van Nuys,Male,No,No,No,24,One year,Mailed check,50.6,1288.75,No,32,,0,53.697916666666664,1,0,37.3,1214.4,0
6341-JVQGF,Van Nuys,Female,No,Yes,No,31,One year,Mailed check,81.15,2545.75,No,54,,0,82.12096774193549,1,0,56.075,2515.65,1
4811-JBUVU,Sherman Oaks,Male,No,No,No,30,Month-to-month,Credit card (automatic),89.9,2723.15,No,33,,0,90.77166666666668,2,0,59.95,2697,1
0945-TSONX,Encino,Female,No,Yes,No,47,Two year,Credit card (automatic),85.3,4107.25,No,30,,0,87.38829787234043,0,0,66.15,4009.1,1
2651-ZCBXV,Burbank,Male,No,No,No,54,Two year,Credit card (automatic),108,5760.65,No,73,,0,106.6787037037037,0,0,81,5832,1
3316-UWXUY,Burbank,Male,No,No,No,50,Month-to-month,Credit card (automatic),93.5,4747.5,No,70,,0,94.95,2,0,71.75,4675,1
7083-MIOPC,Burbank,Female,No,No,No,72,Two year,Credit card (automatic),20.25,1566.9,No,49,,0,21.762500000000003,0,0,46.125,1458,0
1984-GPTEH,Burbank,Female,No,No,No,29,Month-to-month,Electronic check,25.15,702,No,46,,0,24.20689655172414,2,1,27.075,729.3499999999999,0
0621-JFHOL,North Hollywood,Female,No,No,No,10,Two year,Mailed check,29.6,299.05,No,62,,0,29.905,0,0,19.8,296,0
9903-LYSAB,Studio City,Male,No,Yes,No,18,Month-to-month,Electronic check,73.15,1305.95,No,73,,0,72.55277777777778,2,1,45.575,1316.7,0
9227-UAQFT,North Hollywood,Male,No,No,No,16,Two year,Mailed check,19.75,284.35,No,53,,0,17.771875,0,0,17.875,316,0
7301-ABVAD,Valley Village,Female,No,No,No,72,Two year,Bank transfer (automatic),86.6,6350.5,No,37,,0,88.20138888888889,0,0,79.3,6235.2,1
6614-FHDBO,Rancho Cucamonga,Male,No,No,No,72,Two year,Bank transfer (automatic),109.2,7878.3,No,26,,0,109.42083333333333,0,0,90.6,7862.400000000001,1
7576-ASEJU,Azusa,Female,No,Yes,No,41,One year,Credit card (automatic),74.7,3187.65,No,56,,0,77.74756097560976,1,0,57.85,3062.7000000000003,1
9058-HRZSV,Baldwin Park,Female,Yes,Yes,No,65,Month-to-month,Electronic check,94.4,6126.15,No,7,,0,94.24846153846153,2,1,79.7,6136,1
4522-AKYLR,Chino Hills,Female,Yes,No,No,13,Month-to-month,Electronic check,54.8,731.3,No,7,,0,56.25384615384615,2,1,33.9,712.4,0
0221-WMXNQ,Chino,Male,Yes,No,No,4,Month-to-month,Electronic check,75.35,273.4,No,40,,0,68.35,2,1,39.675,301.4,0
0303-UNCIP,Claremont,Male,No,No,No,41,One year,Mailed check,65,2531.8,No,57,,0,61.75121951219513,1,0,53,2665,1
0959-WHOKV,Covina,Male,No,No,No,42,One year,Electronic check,99,4298.45,No,46,,0,102.34404761904761,1,1,70.5,4158,1
4075-JFPGR,Rancho Cucamonga,Female,No,Yes,No,51,One year,Electronic check,93.5,4619.55,No,68,,0,90.57941176470588,1,1,72.25,4768.5,1
3282-ZISZV,South El Monte,Male,No,No,No,32,One year,Credit card (automatic),83.7,2633.3,No,71,,0,82.290625,1,0,57.85,2678.4,1
3675-YDUPJ,Rancho Cucamonga,Male,No,No,No,10,Month-to-month,Mailed check,19.85,193.05,No,58,,0,19.305,2,0,14.925,198.5,0
4111-BNXIF,Rancho Cucamonga,Female,No,Yes,No,67,Two year,Electronic check,59.55,4103.9,No,56,,0,61.252238805970144,0,1,63.275,3989.85,1
7017-VFHAY,Glendora,Female,No,Yes,Yes,61,Two year,Credit card (automatic),115.1,7008.15,No,38,,0,114.88770491803278,0,0,88.05,7021.099999999999,1
6655-LHBYW,Glendora,Male,No,No,No,50,One year,Credit card (automatic),114.35,5791.1,No,33,,0,115.822,1,0,82.175,5717.5,1
5046-NUHWD,Hacienda Heights,Female,Yes,Yes,No,29,Month-to-month,Electronic check,45,1228.65,No,50,,0,42.36724137931035,2,1,37,1305,0
7529-ZDFXI,La Verne,Male,Yes,Yes,No,57,Month-to-month,Electronic check,89.85,4925.35,No,36,,0,86.40964912280702,2,1,73.425,5121.45,1
7605-BDWDC,Mira Loma,Female,No,No,No,31,Two year,Bank transfer (automatic),49.85,1520.1,No,67,,0,49.03548387096774,0,0,40.425,1545.3500000000001,0
1950-KSVVJ,Monterey Park,Female,No,Yes,No,45,One year,Mailed check,113.3,5032.25,No,61,,0,111.82777777777778,1,0,79.15,5098.5,1
0123-CRBRT,Monterey Park,Female,No,Yes,No,61,Two year,Mailed check,88.1,5526.75,No,40,,0,90.60245901639344,0,0,74.55,5374.099999999999,1
6292-TOSSS,Mt Baldy,Male,No,No,No,50,Two year,Bank transfer (automatic),24.9,1195.25,No,68,,0,23.905,0,0,37.45,1245,0
3197-ARFOY,Ontario,Female,Yes,No,No,19,Month-to-month,Mailed check,105,2007.25,No,59,,0,105.64473684210526,2,0,62,1995,0
7014-ZZXAW,Montclair,Female,No,Yes,No,71,Two year,Credit card (automatic),24.25,1732.95,No,59,,0,24.40774647887324,0,0,47.625,1721.75,0
7633-MVPUY,Diamond Bar,Male,No,Yes,No,57,Two year,Electronic check,59.75,3450.15,No,68,,0,60.52894736842106,0,1,58.375,3405.75,1
4716-HHKQH,Pomona,Male,Yes,Yes,No,20,Month-to-month,Electronic check,107.05,2172.05,No,65,,0,108.6025,2,1,63.525,2141,1
3179-GBRWV,San Gabriel,Male,Yes,Yes,No,21,Month-to-month,Bank transfer (automatic),64.95,1339.8,No,23,,0,63.8,2,0,42.975,1363.95,0
4130-MZLCC,Temple City,Female,No,No,No,5,Month-to-month,Bank transfer (automatic),50.55,244.75,No,54,,0,48.95,2,0,27.775,252.75,0
0314-TKOSI,Upland,Female,No,No,No,6,Month-to-month,Mailed check,55.15,322.9,No,42,,0,53.81666666666666,2,0,30.575,330.9,0
8229-MYEJZ,Upland,Female,No,No,No,10,Month-to-month,Electronic check,51.2,498.25,No,47,,0,49.825,2,1,30.6,512,0
2080-SRCDE,Walnut,Female,No,No,Yes,1,Month-to-month,Mailed check,25.4,25.4,No,38,,0,25.4,2,0,13.2,25.4,0
9577-WJVCQ,West Covina,Female,No,No,No,68,Month-to-month,Mailed check,54.45,3687.75,No,24,,0,54.231617647058826,2,0,61.225,3702.6000000000004,1
6202-DYYFX,West Covina,Female,No,No,No,22,One year,Credit card (automatic),76,1783.6,No,41,,0,81.07272727272726,1,0,49,1672,0
3808-HFKDE,Alhambra,Female,No,No,No,20,Month-to-month,Electronic check,44.35,927.15,No,59,,0,46.3575,2,1,32.175,887,0
3727-OWVYD,Campo,Male,No,No,No,35,One year,Mailed check,61.2,2021.2,No,70,,0,57.74857142857143,1,0,48.1,2142,1
2294-SALNE,Chula Vista,Male,No,Yes,No,23,One year,Mailed check,86.8,1940.8,No,54,,0,84.38260869565217,1,0,54.9,1996.3999999999999,0
4847-TAJYI,Chula Vista,Female,Yes,No,No,6,Month-to-month,Electronic check,89.35,567.8,No,75,,0,94.63333333333333,2,1,47.675,536.0999999999999,0
1563-IWQEX,Chula Vista,Female,No,No,No,12,Month-to-month,Mailed check,19.7,220.35,No,71,,0,18.3625,2,0,15.85,236.39999999999998,0
8203-XJZRC,Chula Vista,Male,No,No,No,1,Month-to-month,Mailed check,20.25,20.25,No,57,,0,20.25,2,0,10.625,20.25,0
6556-DBKZF,Chula Vista,Female,No,Yes,Yes,71,Two year,Electronic check,76.05,5436.45,No,26,,0,76.56971830985916,0,1,73.525,5399.55,1
6851-WEFYX,Descanso,Male,Yes,Yes,No,35,Month-to-month,Electronic check,100.8,3437.5,No,38,,0,98.21428571428571,2,1,67.9,3528,1
2985-JUUBZ,Dulzura,Male,No,Yes,Yes,40,Month-to-month,Electronic check,74.55,3015.75,No,64,,0,75.39375,2,1,57.275,2982,1
0895-LMRSF,Imperial Beach,Male,No,No,No,23,One year,Bank transfer (automatic),64.9,1509.8,No,50,,0,65.64347826086956,1,0,43.95,1492.7,0
8266-VBFQL,Jamul,Male,No,No,No,4,Month-to-month,Electronic check,90.4,356.65,No,35,,0,89.1625,2,1,47.2,361.6,0
8181-YHCMF,La Mesa,Female,No,Yes,No,68,Two year,Credit card (automatic),60.3,4109,No,24,,0,60.4264705882353,0,0,64.15,4100.4,1
2240-HSJQD,La Mesa,Male,No,No,Yes,38,Month-to-month,Mailed check,81.85,3141.7,No,55,,0,82.67631578947368,2,0,59.925,3110.2999999999997,1
1248-DYXUB,Lemon Grove,Male,No,Yes,Yes,52,Two year,Mailed check,24.8,1229.1,No,76,,0,23.63653846153846,0,0,38.4,1289.6000000000001,0
4115-BNPJY,National City,Male,No,Yes,No,29,Two year,Mailed check,75.55,2054.4,No,44,,0,70.84137931034483,0,0,52.275,2190.95,1
3167-SNQPL,Pine Valley,Male,Yes,Yes,Yes,38,Month-to-month,Electronic check,101.15,3741.85,No,78,,0,98.46973684210526,2,1,69.575,3843.7000000000003,1
4091-TVOCN,Potrero,Male,No,No,No,48,One year,Credit card (automatic),78.75,3682.45,No,69,,0,76.71770833333333,1,0,63.375,3780,1
1098-TDVUQ,Spring Valley,Female,No,No,No,1,Month-to-month,Bank transfer (automatic),19.25,19.25,No,66,,0,19.25,2,0,10.125,19.25,0
7277-OZCGZ,Spring Valley,Female,No,No,No,22,Month-to-month,Electronic check,89.05,1886.25,No,75,,0,85.73863636363636,2,1,55.525,1959.1,0
1557-EMYVT,Tecate,Female,No,No,No,43,Two year,Credit card (automatic),115.05,4895.1,No,57,,0,113.83953488372094,0,0,79.025,4947.15,1
2799-ARNLO,Bonsall,Female,Yes,Yes,No,5,Month-to-month,Electronic check,69.35,341.6,No,41,,0,68.32000000000001,2,1,37.175,346.75,0
5027-YOCXN,Cardiff By The Sea,Male,No,Yes,No,51,One year,Credit card (automatic),110.05,5686.4,No,56,,0,111.49803921568626,1,0,80.525,5612.55,1
3973-SKMLN,Carlsbad,Male,No,No,No,71,Two year,Credit card (automatic),19.9,1355.1,No,28,,0,19.085915492957746,0,0,45.45,1412.8999999999999,0
6745-JEFZB,El Cajon,Male,No,Yes,No,35,Month-to-month,Credit card (automatic),91.5,3236.35,No,78,,0,92.46714285714286,2,0,63.25,3202.5,1
9880-TDQAC,El Cajon,Female,No,Yes,No,72,Two year,Electronic check,60,4264,No,43,,0,59.22222222222222,0,1,66,4320,1
8705-WZCYL,Encinitas,Male,No,No,No,1,Month-to-month,Electronic check,44.8,44.8,No,31,,0,44.8,2,1,22.9,44.8,0
7102-JJVTX,Escondido,Female,No,Yes,No,9,One year,Mailed check,48.6,422.3,No,46,,0,46.922222222222224,1,0,28.8,437.40000000000003,0
8626-PTQGE,Escondido,Male,No,No,No,69,Two year,Bank transfer (automatic),60.05,4176.7,No,22,,0,60.53188405797101,0,0,64.525,4143.45,1
4983-CLMLV,Escondido,Female,No,Yes,No,52,Month-to-month,Credit card (automatic),102.7,5138.1,No,63,,0,98.8096153846154,2,0,77.35,5340.400000000001,1
5701-YVSVF,Fallbrook,Female,Yes,Yes,No,11,Month-to-month,Electronic check,82.9,880.05,No,21,,0,80.00454545454545,2,1,46.95,911.9000000000001,0
5697-GOMBF,Julian,Female,Yes,Yes,Yes,28,Month-to-month,Electronic check,35.9,973.65,No,34,,0,34.77321428571428,2,1,31.95,1005.1999999999999,0
2739-CACDQ,La Jolla,Female,Yes,No,No,17,Month-to-month,Credit card (automatic),82.65,1470.05,No,26,,0,86.4735294117647,2,0,49.825,1405.0500000000002,0
9385-EHGDO,Lakeside,Female,No,Yes,Yes,35,Two year,Mailed check,19.85,739.35,No,46,,0,21.124285714285715,0,0,27.425,694.75,0
9498-FIMXL,Oceanside,Female,No,No,No,8,One year,Mailed check,19.2,161.95,No,40,,0,20.24375,1,0,13.6,153.6,0
2379-GYFLQ,Oceanside,Male,No,No,No,46,One year,Credit card (automatic),94.9,4422.95,No,50,,0,96.15108695652174,1,0,70.45,4365.400000000001,1
2088-IEBAU,Poway,Female,No,No,No,68,Two year,Electronic check,88.15,6148.45,No,46,,0,90.41838235294118,0,1,78.075,5994.200000000001,1
7982-VCELR,Ramona,Female,No,No,No,36,Month-to-month,Credit card (automatic),94.8,3565.65,No,22,,0,99.04583333333333,2,0,65.4,3412.7999999999997,1
6035-BXTTY,Rancho Santa Fe,Female,Yes,No,No,32,Month-to-month,Bank transfer (automatic),54.65,1830.1,No,56,,0,57.190625,2,0,43.325,1748.8,0
6885-PKOAM,San Marcos,Female,No,Yes,No,71,Two year,Credit card (automatic),85.75,6223.8,No,57,,0,87.65915492957747,0,0,78.375,6088.25,1
7520-HQWJU,Santa Ysabel,Female,No,Yes,Yes,66,Month-to-month,Bank transfer (automatic),67.45,4508.65,No,26,,0,68.31287878787879,2,0,66.725,4451.7,1
9639-BUJXT,Santee,Male,No,No,No,63,One year,Mailed check,20.5,1328.15,No,28,,0,21.081746031746032,1,0,41.75,1291.5,0
5924-SNGKP,Solana Beach,Female,No,No,No,41,One year,Credit card (automatic),20.25,865,No,25,,0,21.097560975609756,1,0,30.625,830.25,0
0021-IKXGC,San Marcos,Female,Yes,No,No,1,Month-to-month,Electronic check,72.1,72.1,No,50,,0,72.1,2,1,36.55,72.1,0
8966-SNIZF,Vista,Female,No,Yes,No,70,Two year,Bank transfer (automatic),19.45,1303.5,No,57,,0,18.62142857142857,0,0,44.725,1361.5,0
6243-OZGFH,Vista,Female,No,No,No,23,Month-to-month,Electronic check,44.95,996.85,No,65,,0,43.34130434782609,2,1,33.975,1033.8500000000001,0
4654-DLAMQ,Warner Springs,Female,Yes,Yes,No,64,One year,Bank transfer (automatic),97,6430.9,No,68,,0,100.4828125,1,0,80.5,6208,1
0513-RBGPE,Rancho Santa Fe,Male,No,Yes,No,37,Two year,Credit card (automatic),62.8,2278.75,No,66,,0,61.58783783783784,0,0,49.9,2323.6,1
5160-UXJED,San Diego,Male,No,No,No,17,One year,Mailed check,44.6,681.4,No,67,,0,40.08235294117647,1,0,30.8,758.2,0
4115-NZRKS,San Diego,Female,Yes,No,No,7,Month-to-month,Electronic check,89.15,574.35,No,25,,0,82.05,2,1,48.075,624.0500000000001,0
3351-NGXYI,San Diego,Female,Yes,No,No,16,Month-to-month,Electronic check,54.1,889,No,38,,0,55.5625,2,1,35.05,865.6,0
8984-EYLLL,San Diego,Male,No,Yes,No,64,Two year,Electronic check,105.25,6823.4,No,72,,0,106.615625,0,1,84.625,6736,1
9833-TGFHX,San Diego,Male,No,Yes,No,42,One year,Electronic check,97.1,4016.75,No,71,,0,95.63690476190476,1,1,69.55,4078.2,1
9294-TDIPC,San Diego,Male,No,No,Yes,5,Month-to-month,Mailed check,20.2,83.75,No,58,,0,16.75,2,0,12.6,101,0
5229-DTFYB,San Diego,Female,No,No,No,41,Two year,Bank transfer (automatic),98.8,3959.15,No,69,,0,96.56463414634146,0,0,69.9,4050.7999999999997,1
0104-PPXDV,San Diego,Male,No,Yes,No,58,One year,Credit card (automatic),50.3,2878.55,No,30,,0,49.630172413793105,1,0,54.15,2917.3999999999996,1
5176-LMJXE,San Diego,Female,No,No,No,47,Two year,Mailed check,20.55,945.7,No,53,,0,20.121276595744682,0,0,33.775,965.85,0
3583-KRKMD,San Diego,Male,No,No,No,18,Month-to-month,Bank transfer (automatic),75.9,1373.05,No,62,,0,76.28055555555555,2,0,46.95,1366.2,0
9069-LGEUL,San Diego,Male,No,Yes,No,23,Month-to-month,Bank transfer (automatic),59.95,1406,No,42,,0,61.130434782608695,2,0,41.475,1378.8500000000001,0
7302-ZHMHP,Coronado,Female,No,No,No,1,Month-to-month,Mailed check,19.15,19.15,No,51,,0,19.15,2,0,10.075,19.15,0
9571-EDEBV,San Diego,Male,No,Yes,No,71,One year,Credit card (automatic),98.65,6962.85,No,28,,0,98.06830985915494,1,0,84.825,7004.150000000001,1
3520-FJGCV,San Diego,Male,No,Yes,Yes,72,Two year,Credit card (automatic),112.6,8126.65,No,70,,0,112.87013888888889,0,0,92.3,8107.2,1
6563-VRERX,San Diego,Male,No,Yes,No,33,One year,Mailed check,20.6,690.25,No,52,,0,20.916666666666668,1,0,26.8,679.8000000000001,0
6122-EFVKN,San Diego,Male,No,No,No,24,Two year,Mailed check,35.75,830.8,No,64,,0,34.61666666666667,0,0,29.875,858,0
2805-EDJPQ,San Diego,Female,No,Yes,No,56,One year,Credit card (automatic),99.75,5608.4,No,68,,0,100.14999999999999,1,0,77.875,5586,1
6862-CQUMB,San Diego,Male,No,No,No,37,Month-to-month,Credit card (automatic),96.1,3646.8,No,75,,0,98.56216216216217,2,0,66.55,3555.7,1
7156-MXBJE,San Diego,Female,No,No,No,43,One year,Credit card (automatic),85.1,3662.25,No,5,,0,85.1686046511628,1,0,64.05,3659.2999999999997,1
6158-HDPXZ,San Diego,Male,No,No,No,1,Month-to-month,Mailed check,25.35,25.35,No,51,,0,25.35,2,0,13.175,25.35,0
2863-IMQDR,San Diego,Female,No,No,No,61,Two year,Electronic check,89.65,5308.7,No,48,,0,87.02786885245901,0,1,75.325,5468.650000000001,1
5686-CMAWK,San Diego,Male,No,No,No,17,One year,Electronic check,86.75,1410.25,No,29,,0,82.95588235294117,1,1,51.875,1474.75,0
5651-CRHKQ,San Diego,Female,No,Yes,No,41,One year,Bank transfer (automatic),86.2,3339.05,No,62,,0,81.44024390243902,1,0,63.6,3534.2000000000003,1
8204-YJCLA,San Ysidro,Male,Yes,Yes,No,72,Two year,Bank transfer (automatic),64.8,4732.35,No,68,,0,65.72708333333334,0,0,68.4,4665.599999999999,1
6583-SZVGP,Indio,Male,No,No,No,48,Two year,Bank transfer (automatic),108.1,5067.45,No,76,,0,105.57187499999999,0,0,78.05,5188.799999999999,1
1708-PBBOA,Banning,Female,No,No,No,42,One year,Electronic check,54.75,2348.45,No,62,,0,55.915476190476184,1,1,48.375,2299.5,1
8782-LKFPK,Beaumont,Male,No,No,No,44,Month-to-month,Mailed check,90.4,4063,No,63,,0,92.3409090909091,2,0,67.2,3977.6000000000004,1
5522-JBWMO,Blythe,Male,No,No,Yes,1,Month-to-month,Electronic check,44,44,No,29,,0,44,2,1,22.5,44,0
3597-MVHJT,Brawley,Female,No,No,No,27,Month-to-month,Bank transfer (automatic),95.6,2595.25,No,21,,0,96.12037037037037,2,0,61.3,2581.2,1
9774-NRNAU,Cabazon,Male,Yes,Yes,No,27,Month-to-month,Bank transfer (automatic),84.8,2309.55,No,75,,0,85.53888888888889,2,0,55.9,2289.6,1
0224-RLWWD,Calexico,Female,Yes,No,No,2,Month-to-month,Electronic check,44.3,89.3,No,44,,0,44.65,2,1,23.15,88.6,0
9967-ATRFS,Calipatria,Female,No,No,No,19,Month-to-month,Mailed check,19.9,367.55,No,21,,0,19.344736842105263,2,0,19.45,378.09999999999997,0
3951-NJCVI,Cathedral City,Female,Yes,Yes,No,42,Month-to-month,Electronic check,95.05,3944.5,No,34,,0,93.91666666666667,2,1,68.525,3992.1,1
2977-CEBSX,Coachella,Female,No,No,No,66,Two year,Credit card (automatic),90.05,5965.95,No,74,,0,90.39318181818182,0,0,78.025,5943.3,1
0177-PXBAT,Desert Center,Male,Yes,Yes,No,33,Month-to-month,Bank transfer (automatic),109.9,3694.7,No,59,,0,111.96060606060605,2,0,71.45,3626.7000000000003,1
2519-ERQOJ,Desert Hot Springs,Male,Yes,No,No,33,Month-to-month,Electronic check,54.6,1803.7,No,30,,0,54.657575757575756,2,1,43.8,1801.8,0
5876-QMYLD,Earp,Female,No,Yes,No,23,One year,Mailed check,20.05,415.1,No,9,,0,18.047826086956523,1,0,21.525,461.15000000000003,0
2277-AXSDC,El Centro,Female,No,No,No,32,One year,Bank transfer (automatic),19.75,624.15,No,46,,0,19.5046875,1,0,25.875,632,0
9442-JTWDL,Heber,Female,No,No,No,11,One year,Credit card (automatic),20.05,237.7,No,48,,0,21.60909090909091,1,0,15.525,220.55,0
3067-SVMTC,Imperial,Female,No,Yes,No,68,One year,Bank transfer (automatic),55.9,3848.8,No,77,,0,56.6,1,0,61.95,3801.2,1
5495-GPSRW,Joshua Tree,Male,No,No,No,20,Two year,Mailed check,19.7,419.4,No,56,,0,20.97,0,0,19.85,394,0
7606-BPHHN,La Quinta,Male,No,No,No,72,Two year,Credit card (automatic),19.8,1468.75,No,9,,0,20.399305555555557,0,0,45.9,1425.6000000000001,0
4742-DRORA,Mecca,Male,No,Yes,No,60,One year,Bank transfer (automatic),95.4,5812,No,46,,0,96.86666666666666,1,0,77.7,5724,1
0111-KLBQG,Morongo Valley,Male,Yes,Yes,Yes,32,Month-to-month,Mailed check,93.95,2861.45,No,62,,0,89.4203125,2,0,62.975,3006.4,1
4163-NCJAK,Palm Desert,Female,No,Yes,No,46,One year,Bank transfer (automatic),24.45,1066.15,No,76,,0,23.17717391304348,1,0,35.225,1124.7,0
5233-AOZUF,Palm Springs,Female,No,Yes,No,29,Month-to-month,Electronic check,74.95,2149.05,No,80,,0,74.10517241379311,2,1,51.975,2173.55,1
5973-EJGDP,Palm Springs,Male,No,No,No,51,Month-to-month,Electronic check,87.35,4473,No,28,,0,87.70588235294117,2,1,69.175,4454.849999999999,1
1996-DBMUS,Palo Verde,Female,Yes,Yes,No,48,Month-to-month,Bank transfer (automatic),70.65,3545.05,No,71,,0,73.85520833333334,2,0,59.325,3391.2000000000003,1
7916-VCCPB,Parker Dam,Female,No,Yes,Yes,16,Month-to-month,Bank transfer (automatic),73.25,1195.75,No,22,,0,74.734375,2,0,44.625,1172,0
4686-GEFRM,Pioneertown,Male,No,Yes,No,70,Two year,Bank transfer (automatic),98.7,6858.9,No,57,,0,97.9842857142857,0,0,84.35,6909,1
5249-QYHEX,Rancho Mirage,Female,No,Yes,Yes,40,Two year,Mailed check,24.8,1024.7,No,72,,0,25.6175,0,0,32.4,992,0
2233-FAGXV,Salton City,Female,No,Yes,Yes,5,Month-to-month,Mailed check,24.3,132.25,No,20,,0,26.45,2,0,14.65,121.5,0
5605-IYGFG,Thousand Palms,Female,No,No,No,7,Month-to-month,Bank transfer (automatic),69.85,515.45,No,51,,0,73.63571428571429,2,0,38.425,488.94999999999993,0
7663-ZTEGJ,Twentynine Palms,Male,No,No,No,29,One year,Credit card (automatic),100.55,2830.45,No,77,,0,97.60172413793103,1,0,64.775,2915.95,1
3935-TBRZZ,Twentynine Palms,Male,No,Yes,No,44,One year,Mailed check,25.7,1110.5,No,80,,0,25.238636363636363,1,0,34.85,1130.8,0
8111-BKVDS,Vidal,Female,No,No,No,10,Month-to-month,Bank transfer (automatic),40.7,449.3,No,26,,0,44.93,2,0,25.35,407,0
2055-SIFSS,Westmorland,Female,Yes,Yes,No,55,Month-to-month,Bank transfer (automatic),51.65,2838.55,No,24,,0,51.61000000000001,2,0,53.325,2840.75,1
2806-MLNTI,White Water,Male,Yes,Yes,No,52,One year,Bank transfer (automatic),105.1,5376.4,No,47,,0,103.39230769230768,1,0,78.55,5465.2,1
8734-DKSTZ,Winterhaven,Female,No,Yes,Yes,10,Month-to-month,Electronic check,85.95,858.6,No,20,,0,85.86,2,1,47.975,859.5,0
4360-PNRQB,Yucca Valley,Male,No,No,No,18,Month-to-month,Bank transfer (automatic),75.6,1395.05,No,78,,0,77.50277777777778,2,0,46.8,1360.8,0
6152-ONASV,Landers,Female,No,Yes,No,68,One year,Bank transfer (automatic),58.25,3975.7,No,74,,0,58.46617647058823,1,0,63.125,3961,1
7781-HVGMK,Amboy,Female,No,Yes,No,72,Two year,Credit card (automatic),65.2,4784.45,No,27,,0,66.45069444444444,0,0,68.6,4694.400000000001,1
2181-UAESM,Angelus Oaks,Male,No,No,No,2,Month-to-month,Electronic check,53.45,119.5,No,25,,0,59.75,2,1,27.725,106.9,0
6048-NJXHX,Apple Valley,Male,No,Yes,No,41,Two year,Electronic check,19.75,899.45,No,53,,0,21.93780487804878,0,1,30.375,809.75,0
2320-SLKMB,Baker,Female,No,No,No,26,Month-to-month,Credit card (automatic),44.45,1183.8,No,26,,0,45.53076923076923,2,0,35.225,1155.7,0
4980-URKXC,Fort Irwin,Male,No,Yes,No,36,One year,Bank transfer (automatic),20.85,720.05,No,78,,0,20.001388888888886,1,0,28.425,750.6,0
4376-KFVRS,Barstow,Male,No,Yes,No,72,Two year,Credit card (automatic),114.05,8468.2,No,39,,0,117.6138888888889,0,0,93.025,8211.6,1
5886-VLQVU,Grand Terrace,Male,No,Yes,No,35,Month-to-month,Bank transfer (automatic),89.85,3161.2,No,78,,0,90.32,2,0,62.425,3144.75,1
3577-AMVUX,Big Bear City,Male,No,No,No,1,Month-to-month,Mailed check,55.05,55.05,No,32,,0,55.05,2,0,28.025,55.05,0
0771-WLCLA,Big Bear Lake,Female,No,Yes,Yes,16,Month-to-month,Electronic check,112.95,1882.55,No,70,,0,117.659375,2,1,64.475,1807.2,0
5628-RKIFK,Bloomington,Female,Yes,No,No,49,Month-to-month,Credit card (automatic),101.55,5070.4,No,22,,0,103.47755102040816,2,0,75.275,4975.95,1
0206-TBWLC,Calimesa,Female,No,Yes,No,54,One year,Mailed check,114.65,6049.5,No,67,,0,112.02777777777777,1,0,84.325,6191.1,1
2937-FTHUR,Cedar Glen,Female,No,No,Yes,18,Month-to-month,Electronic check,64.8,1166.7,No,37,,0,64.81666666666666,2,1,41.4,1166.3999999999999,0
1910-FMXJM,Colton,Female,No,Yes,No,36,Month-to-month,Electronic check,80.4,2937.65,No,35,,0,81.60138888888889,2,1,58.2,2894.4,1
0732-OCQOC,Death Valley,Female,No,Yes,No,52,Two year,Bank transfer (automatic),25.05,1270.25,No,42,,0,24.427884615384617,0,0,38.525,1302.6000000000001,0
5168-MSWXT,Essex,Male,No,Yes,Yes,8,Month-to-month,Electronic check,94.75,759.55,No,44,,0,94.94375,2,1,51.375,758,0
1090-ESELR,Fawnskin,Male,No,Yes,No,72,Two year,Bank transfer (automatic),105.5,7611.55,No,25,,0,105.71597222222222,0,0,88.75,7596,1
8592-PLTMQ,Fontana,Female,No,No,No,64,One year,Mailed check,24.7,1642.75,No,32,,0,25.66796875,1,0,44.35,1580.8,0
5760-WRAHC,Fontana,Female,Yes,No,No,22,Month-to-month,Mailed check,69.75,1545.4,No,32,,0,70.24545454545455,2,0,45.875,1534.5,0
8847-GEOOQ,Fontana,Male,No,Yes,No,60,Month-to-month,Bank transfer (automatic),60.2,3582.4,No,76,,0,59.70666666666667,2,0,60.1,3612,1
4785-FCIFB,Forest Falls,Female,No,Yes,No,61,Two year,Mailed check,24.4,1417.9,No,23,,0,23.24426229508197,0,0,42.7,1488.3999999999999,0
8313-NDOIA,Green Valley Lake,Female,No,No,No,24,Month-to-month,Electronic check,104.15,2494.65,No,61,,0,103.94375000000001,2,1,64.075,2499.6000000000004,1
5149-CUZUJ,Helendale,Male,No,Yes,No,28,One year,Bank transfer (automatic),92.9,2768.35,No,51,,0,98.86964285714285,1,0,60.45,2601.2000000000003,1
0942-KOWSM,Hesperia,Female,No,Yes,No,30,Two year,Bank transfer (automatic),80.8,2369.3,No,46,,0,78.97666666666667,0,0,55.4,2424,1
4237-CLSMM,Highland,Male,No,Yes,No,2,Month-to-month,Mailed check,20,38,No,77,,0,19,2,0,11,40,0
1452-VOQCH,Hinkley,Male,No,No,No,1,Month-to-month,Electronic check,75.1,75.1,No,28,,0,75.1,2,1,38.05,75.1,0
4719-UMSIY,Lake Arrowhead,Male,No,No,Yes,6,Month-to-month,Mailed check,19.65,100.9,No,34,,0,16.816666666666666,2,0,12.825,117.89999999999999,0
6614-VBEGU,Loma Linda,Female,No,Yes,No,24,Month-to-month,Bank transfer (automatic),69.45,1614.05,No,35,,0,67.25208333333333,2,0,46.725,1666.8000000000002,0
1480-BKXGA,Mentone,Male,Yes,Yes,No,72,Two year,Bank transfer (automatic),116.05,8404.9,No,64,,0,116.73472222222222,0,0,94.025,8355.6,1
2996-XAUVF,Needles,Male,No,No,No,70,Two year,Mailed check,40.05,2799.75,No,57,,0,39.996428571428574,0,0,55.025,2803.5,1
9076-AXYIK,Nipton,Male,Yes,Yes,No,64,Two year,Electronic check,102.1,6538.45,No,28,,0,102.16328125,0,1,83.05,6534.4,1
5968-XQIVE,Newberry Springs,Male,No,Yes,No,72,One year,Electronic check,89.7,6588.95,No,76,,0,91.51319444444444,1,1,80.85,6458.400000000001,1
8896-RAZCR,Oro Grande,Female,No,No,No,44,Two year,Mailed check,19.9,868.1,No,63,,0,19.729545454545455,0,0,31.95,875.5999999999999,0
4933-IKULF,Pinon Hills,Female,Yes,No,No,17,One year,Mailed check,20.65,330.6,No,40,,0,19.447058823529414,1,0,18.825,351.04999999999995,0
1304-BCCFO,Redlands,Male,No,Yes,No,9,Month-to-month,Mailed check,70.05,564.4,No,69,,0,62.71111111111111,2,0,39.525,630.4499999999999,0
4104-PVRPS,Rialto,Male,No,Yes,No,24,Month-to-month,Mailed check,53.6,1315.35,No,47,,0,54.80625,2,0,38.8,1286.4,0
3780-DDGSE,Shoshone,Male,Yes,Yes,Yes,35,Month-to-month,Electronic check,76.05,2747.2,No,38,,0,78.49142857142857,2,1,55.525,2661.75,1
4431-EDMIQ,Sugarloaf,Female,No,Yes,Yes,7,Month-to-month,Electronic check,75.7,554.05,No,37,,0,79.14999999999999,2,1,41.35,529.9,0
0486-LGCCH,Victorville,Male,No,Yes,Yes,11,Two year,Mailed check,19.65,225.75,No,33,,0,20.522727272727273,0,0,15.325,216.14999999999998,0
4612-SSVHJ,Yermo,Female,Yes,No,No,20,Month-to-month,Electronic check,81.45,1671.6,No,27,,0,83.58,2,1,50.725,1629,0
5168-MQQCA,Yucaipa,Female,No,Yes,No,72,One year,Bank transfer (automatic),108.5,8003.8,No,56,,0,111.16388888888889,1,0,90.25,7812,1
7971-HLVXI,San Bernardino,Male,No,Yes,Yes,72,Two year,Credit card (automatic),84.5,6130.85,No,50,,0,85.15069444444445,0,0,78.25,6084,1
9094-AZPHK,San Bernardino,Female,No,No,No,15,Month-to-month,Electronic check,100.15,1415,No,65,,0,94.33333333333333,2,1,57.575,1502.25,0
3649-JPUGY,San Bernardino,Male,No,No,No,72,Two year,Bank transfer (automatic),88.6,6201.95,No,52,,0,86.13819444444444,0,0,80.3,6379.2,1
3552-CTCYF,San Bernardino,Male,No,Yes,Yes,63,Two year,Bank transfer (automatic),104.8,6597.25,No,20,,0,104.71825396825396,0,0,83.9,6602.4,1
6778-YSNIH,Riverside,Female,No,No,No,2,Month-to-month,Electronic check,59,114.15,No,33,,0,57.075,2,1,30.5,118,0
5756-OZRIO,Riverside,Male,Yes,Yes,No,61,One year,Bank transfer (automatic),64.05,3902.6,No,29,,0,63.97704918032787,1,0,62.525,3907.0499999999997,1
6579-JPICP,Riverside,Male,No,No,No,1,Month-to-month,Mailed check,20.4,20.4,No,46,,0,20.4,2,0,10.7,20.4,0
4134-BSXLX,Riverside,Male,No,Yes,No,28,Month-to-month,Mailed check,60.9,1785.65,No,76,,0,63.77321428571429,2,0,44.45,1705.2,0
0505-SPOOW,Riverside,Female,No,Yes,No,70,Two year,Bank transfer (automatic),19.8,1397.65,No,30,,0,19.966428571428573,0,0,44.9,1386,0
0422-OHQHQ,Fresno,Female,No,Yes,No,15,One year,Mailed check,20.55,295.95,No,22,,0,19.73,1,0,17.775,308.25,0
4374-YMUSQ,Lake Elsinore,Male,No,No,No,34,One year,Credit card (automatic),116.25,3899.05,No,22,,0,114.6779411764706,1,0,75.125,3952.5,1
4513-CXYIX,Lake Elsinore,Female,Yes,Yes,No,71,Two year,Credit card (automatic),80.7,5676,No,54,,0,79.94366197183099,0,0,75.85,5729.7,1
3957-HHLMR,Aguanga,Female,No,Yes,No,70,One year,Bank transfer (automatic),65.2,4543.15,No,20,,0,64.90214285714285,1,0,67.6,4564,1
7803-XOCCZ,Anza,Female,No,Yes,Yes,52,Month-to-month,Bank transfer (automatic),84.05,4326.8,No,48,,0,83.20769230769231,2,0,68.025,4370.599999999999,1
5736-YEJAX,Hemet,Male,No,No,No,69,Two year,Credit card (automatic),79.45,5502.55,No,28,,0,79.74710144927536,0,0,74.225,5482.05,1
8981-FJGLA,Hemet,Male,No,No,Yes,11,Month-to-month,Mailed check,78,851.8,No,23,,0,77.43636363636364,2,0,44.5,858,0
1135-LMECX,Moreno Valley,Female,No,No,No,1,Month-to-month,Mailed check,19.85,19.85,No,51,,0,19.85,2,0,10.425,19.85,0
4332-MUOEZ,Moreno Valley,Male,Yes,Yes,No,20,One year,Credit card (automatic),94.3,1818.3,No,32,,0,90.91499999999999,1,0,57.15,1886,0
8535-SFUTN,Moreno Valley,Male,No,No,No,61,Month-to-month,Electronic check,106.45,6300.15,No,65,,0,103.2811475409836,2,1,83.725,6493.45,1
8677-HDZEE,Mountain Center,Female,No,No,No,56,Month-to-month,Bank transfer (automatic),105.45,5916.95,No,55,,0,105.65982142857142,2,0,80.725,5905.2,1
2475-MROZF,Murrieta,Male,No,No,No,30,Month-to-month,Credit card (automatic),95,2852.4,No,64,,0,95.08,2,0,62.5,2850,1
3482-ABPKK,Nuevo,Female,No,No,No,28,One year,Mailed check,54.3,1546.3,No,30,,0,55.225,1,0,41.15,1520.3999999999999,0
6705-LXORM,Perris,Female,Yes,Yes,No,5,Month-to-month,Electronic check,70.05,302.6,No,24,,0,60.52,2,1,37.525,350.25,0
7531-GQHME,San Jacinto,Male,No,No,No,12,Month-to-month,Credit card (automatic),20.05,265.45,No,56,,0,22.120833333333334,2,0,16.025,240.60000000000002,0
5174-ITUMV,San Jacinto,Male,No,Yes,Yes,67,One year,Electronic check,105.4,6989.45,No,45,,0,104.32014925373134,1,1,86.2,7061.8,1
4109-CYRBD,Menifee,Male,Yes,Yes,No,29,Month-to-month,Electronic check,51.6,1442,No,39,,0,49.724137931034484,2,1,40.3,1496.4,0
0913-XWSCN,Sun City,Male,No,Yes,Yes,55,Month-to-month,Bank transfer (automatic),85.5,4713.4,No,20,,0,85.69818181818181,2,0,70.25,4702.5,1
0750-EBAIU,Temecula,Male,No,No,No,52,One year,Electronic check,91.25,4738.3,No,29,,0,91.12115384615385,1,1,71.625,4745,1
8606-CIQUL,Temecula,Male,Yes,Yes,Yes,72,Two year,Credit card (automatic),115.75,8399.15,No,60,,0,116.6548611111111,0,0,93.875,8334,1
3571-DPYUH,Temecula,Male,No,Yes,Yes,58,One year,Credit card (automatic),94.7,5430.35,No,49,,0,93.62672413793103,1,0,76.35,5492.6,1
7601-GNDYK,Wildomar,Male,No,Yes,Yes,35,Two year,Mailed check,19.6,686.95,No,20,,0,19.627142857142857,0,0,27.3,686,0
0356-OBMAC,Winchester,Female,Yes,No,No,56,Two year,Bank transfer (automatic),99.9,5706.3,No,45,,0,101.89821428571429,0,0,77.95,5594.400000000001,1
8067-NIOYM,Irvine,Female,No,Yes,Yes,24,Two year,Credit card (automatic),21.1,490.65,No,46,,0,20.443749999999998,0,0,22.55,506.40000000000003,0
1403-GYAFU,Irvine,Male,No,Yes,Yes,70,Two year,Credit card (automatic),20.05,1360.25,No,64,,0,19.432142857142857,0,0,45.025,1403.5,0
4234-XTNEA,Irvine,Male,No,No,No,2,Month-to-month,Electronic check,79.95,174.45,No,44,,0,87.225,2,1,40.975,159.9,0
1297-VQDRP,Foothill Ranch,Male,Yes,Yes,Yes,68,One year,Credit card (automatic),107.15,7379.8,No,66,,0,108.5264705882353,1,0,87.575,7286.200000000001,1
5348-CAGXB,Irvine,Male,No,No,No,12,Month-to-month,Electronic check,89.55,1021.75,No,79,,0,85.14583333333333,2,1,50.775,1074.6,0
0621-HJWXJ,Irvine,Female,No,Yes,No,63,Month-to-month,Bank transfer (automatic),81.55,5029.05,No,41,,0,79.82619047619048,2,0,72.275,5137.65,1
5844-QVTAT,Irvine,Female,No,Yes,No,33,One year,Mailed check,58.45,1955.4,No,21,,0,59.25454545454546,1,0,45.725,1928.8500000000001,0
8905-IAZPF,Capistrano Beach,Female,No,Yes,No,69,One year,Credit card (automatic),95.65,6744.2,No,45,,0,97.74202898550725,1,0,82.325,6599.85,1
5394-MEITZ,Corona Del Mar,Female,No,Yes,No,60,Two year,Bank transfer (automatic),80.6,4946.7,No,52,,0,82.445,0,0,70.3,4836,1
6859-QNXIQ,Costa Mesa,Female,No,Yes,Yes,72,Two year,Bank transfer (automatic),113.1,8248.5,No,23,,0,114.5625,0,0,92.55,8143.2,1
2782-LFZVW,Costa Mesa,Female,No,No,No,11,Month-to-month,Mailed check,58.95,601.6,No,21,,0,54.690909090909095,2,0,34.975,648.45,0
2866-IKBTM,Dana Point,Female,No,No,No,1,Month-to-month,Mailed check,19.55,19.55,No,80,,0,19.55,2,0,10.275,19.55,0
7129-AZJDE,Huntington Beach,Male,No,Yes,Yes,34,One year,Bank transfer (automatic),78.95,2647.2,No,43,,0,77.85882352941177,1,0,56.475,2684.3,1
2560-PPCHE,Huntington Beach,Female,No,No,No,65,One year,Bank transfer (automatic),105.05,6744.25,No,73,,0,103.75769230769231,1,0,85.025,6828.25,1
4676-MQUEA,Laguna Beach,Male,Yes,Yes,No,50,One year,Bank transfer (automatic),101.9,5265.5,No,25,,0,105.31,1,0,75.95,5095,1
8138-EALND,Laguna Hills,Male,No,No,No,15,Month-to-month,Mailed check,19.75,311.6,No,29,,0,20.773333333333333,2,0,17.375,296.25,0
3580-HYCSP,Midway City,Male,No,Yes,Yes,72,Two year,Bank transfer (automatic),110.3,7966.9,No,73,,0,110.65138888888889,0,0,91.15,7941.599999999999,1
1352-HNSAW,Aliso Viejo,Female,No,Yes,Yes,72,Two year,Bank transfer (automatic),115.6,8220.4,No,65,,0,114.17222222222222,0,0,93.8,8323.199999999999,1
2075-PUEPR,Newport Coast,Male,No,Yes,Yes,55,Two year,Bank transfer (automatic),19.35,1153.25,No,49,,0,20.96818181818182,0,0,37.175,1064.25,0
1982-FEBTD,Newport Beach,Female,No,Yes,Yes,23,Two year,Credit card (automatic),25.6,514.75,No,78,,0,22.380434782608695,0,0,24.3,588.8000000000001,0
5791-KAJFD,Newport Beach,Female,No,Yes,No,56,One year,Bank transfer (automatic),68.75,3808,No,64,,0,68,1,0,62.375,3850,1
2654-VBVPB,Newport Beach,Female,No,No,No,1,Month-to-month,Bank transfer (automatic),19.9,19.9,No,49,,0,19.9,2,0,10.45,19.9,0
1154-HYWWO,San Clemente,Male,No,No,No,38,One year,Mailed check,70.6,2708.2,No,67,,0,71.26842105263158,1,0,54.3,2682.7999999999997,1
2501-XWWTZ,San Clemente,Male,No,No,No,11,Month-to-month,Electronic check,70.2,760.05,No,34,,0,69.09545454545454,2,1,40.6,772.2,0
3716-UVSPD,San Juan Capistrano,Male,No,No,No,1,Month-to-month,Electronic check,49.3,49.3,No,45,,0,49.3,2,1,25.15,49.3,0
6815-ABQFQ,Silverado,Male,No,Yes,No,56,One year,Electronic check,107.25,6033.3,No,70,,0,107.7375,1,1,81.625,6006,1
7343-EOBEU,Laguna Niguel,Male,No,Yes,No,3,Month-to-month,Mailed check,23.6,89.05,No,27,,0,29.683333333333334,2,0,13.3,70.80000000000001,0
3701-SFMUH,Trabuco Canyon,Male,No,Yes,Yes,7,Month-to-month,Credit card (automatic),69.7,516.15,No,50,,0,73.73571428571428,2,0,38.35,487.90000000000003,0
6103-LIANB,Westminster,Male,No,Yes,Yes,59,Two year,Credit card (automatic),99.5,5861.75,No,35,,0,99.35169491525424,0,0,79.25,5870.5,1
7319-VENRZ,Rancho Santa Margarita,Male,No,No,No,7,Month-to-month,Bank transfer (automatic),64.3,445.95,No,40,,0,63.707142857142856,2,0,35.65,450.09999999999997,0
5846-NEQVZ,Mission Viejo,Male,No,Yes,No,71,Two year,Credit card (automatic),70.85,4973.4,No,25,,0,70.04788732394366,0,0,70.925,5030.349999999999,1
6967-QIQRV,Mission Viejo,Male,No,Yes,Yes,15,One year,Electronic check,101.9,1667.25,No,28,,0,111.15,1,1,58.45,1528.5,0
5781-RFZRP,Ladera Ranch,Male,No,Yes,No,71,Two year,Credit card (automatic),73.5,5357.75,No,31,,0,75.46126760563381,0,0,72.25,5218.5,1
0308-IVGOK,Santa Ana,Female,No,No,No,11,One year,Credit card (automatic),40.4,422.6,No,62,,0,38.41818181818182,1,0,25.7,444.4,0
7293-LSCDV,Santa Ana,Female,No,Yes,Yes,60,Two year,Credit card (automatic),19.25,1103.25,No,52,,0,18.3875,0,0,39.625,1155,0
7025-WCBNE,Santa Ana,Male,Yes,No,No,47,Two year,Bank transfer (automatic),59.6,2754,No,33,,0,58.59574468085106,0,0,53.3,2801.2000000000003,1
5756-JYOJT,Santa Ana,Female,No,No,No,11,One year,Credit card (automatic),64.9,697.25,No,49,,0,63.38636363636363,1,0,37.95,713.9000000000001,0
6030-REHUX,Fountain Valley,Female,Yes,Yes,No,28,Month-to-month,Electronic check,110.85,3204.4,No,58,,0,114.44285714285715,2,1,69.425,3103.7999999999997,1
9548-LIGTA,Tustin,Male,No,Yes,No,61,Two year,Mailed check,81.05,4747.65,No,20,,0,77.83032786885245,0,0,71.025,4944.05,1
5150-LJNSR,Tustin,Male,No,Yes,Yes,31,One year,Bank transfer (automatic),98.05,3082.1,No,80,,0,99.42258064516129,1,0,64.525,3039.5499999999997,1
8270-RKSAP,Anaheim,Male,No,No,No,9,Month-to-month,Electronic check,70.5,597.9,No,37,,0,66.43333333333334,2,1,39.75,634.5,0
6522-YRBXD,Anaheim,Male,Yes,Yes,No,35,Month-to-month,Electronic check,94.55,3365.4,No,69,,0,96.15428571428572,2,1,64.775,3309.25,1
2640-LYMOV,Anaheim,Male,No,No,No,2,Month-to-month,Mailed check,19.65,38.8,No,65,,0,19.4,2,0,10.825,39.3,0
1423-BMPBQ,Anaheim,Female,No,Yes,Yes,1,Month-to-month,Mailed check,19,19,No,44,,0,19,2,0,10,19,0
2393-DIVAI,Brea,Female,No,No,No,3,Month-to-month,Mailed check,20,61.7,No,21,,0,20.566666666666666,2,0,11.5,60,0
4568-KNYWR,Fullerton,Male,No,No,No,52,Two year,Credit card (automatic),63.25,3342.45,No,43,,0,64.27788461538461,0,0,57.625,3289,1
8752-IMQOS,Fullerton,Male,No,Yes,No,5,One year,Mailed check,20.1,85.1,No,42,,0,17.02,1,0,12.55,100.5,0
0742-LAFQK,Fullerton,Male,No,Yes,No,72,Two year,Electronic check,99.15,7422.1,No,46,,0,103.08472222222223,0,1,85.575,7138.8,1
0795-LAFGP,Fullerton,Male,No,Yes,No,71,Two year,Electronic check,90.4,6668.05,No,40,,0,93.91619718309859,0,1,80.7,6418.400000000001,1
0619-OLYUR,Garden Grove,Male,No,Yes,No,72,Two year,Credit card (automatic),111.9,8071.05,No,80,,0,112.09791666666666,0,0,91.95,8056.8,1
5512-IDZEI,Garden Grove,Male,No,Yes,No,46,One year,Electronic check,24.9,1174.8,No,41,,0,25.539130434782606,1,1,35.45,1145.3999999999999,0
0459-SPZHJ,Garden Grove,Male,No,Yes,No,63,Two year,Credit card (automatic),83.5,5435,No,75,,0,86.26984126984127,0,0,73.25,5260.5,1
0215-BQKGS,Garden Grove,Male,No,No,No,30,Month-to-month,Credit card (automatic),84.3,2438.6,No,66,,0,81.28666666666666,2,0,57.15,2529,1
9244-ZVAPM,Garden Grove,Male,No,No,No,1,Month-to-month,Mailed check,45.6,45.6,No,50,,0,45.6,2,0,23.3,45.6,0
8208-EUMTE,Villa Park,Male,No,No,No,16,Two year,Mailed check,54.85,916.15,No,40,,0,57.259375,0,0,35.425,877.6,0
5172-MIGPM,Orange,Male,No,No,No,4,Month-to-month,Mailed check,65.55,237.2,No,46,,0,59.3,2,0,34.775,262.2,0
1710-RCXUS,Orange,Male,No,Yes,No,51,One year,Credit card (automatic),90.35,4614.55,No,26,,0,90.48137254901961,1,0,70.675,4607.849999999999,1
0374-FIUCA,Orange,Male,No,Yes,No,65,Two year,Credit card (automatic),20.4,1414.45,No,80,,0,21.76076923076923,0,0,42.7,1326,0
5839-SUYVZ,Orange,Male,No,No,No,16,Month-to-month,Credit card (automatic),74.55,1170.5,No,70,,0,73.15625,2,0,45.275,1192.8,0
5173-ZXXXL,Orange,Male,No,No,No,2,One year,Mailed check,19.95,47.7,No,61,,0,23.85,1,0,10.975,39.9,0
1096-ADRUX,Placentia,Female,No,Yes,Yes,66,One year,Bank transfer (automatic),74.25,4859.25,No,45,,0,73.625,1,0,70.125,4900.5,1
2001-MCUUW,Corona,Male,No,No,No,46,Two year,Electronic check,108.65,4903.2,No,25,,0,106.59130434782608,0,1,77.325,4997.900000000001,1
2731-GJRDG,Corona,Female,No,No,No,32,One year,Bank transfer (automatic),109.55,3608,No,72,,0,112.75,1,0,70.775,3505.6,1
4723-BEGSG,Corona,Male,No,Yes,No,72,Two year,Credit card (automatic),86.65,6094.25,No,61,,0,84.64236111111111,0,0,79.325,6238.8,1
6516-NKQBO,Corona,Male,No,Yes,No,38,Two year,Credit card (automatic),81,3084.9,No,75,,0,81.18157894736842,0,0,59.5,3078,1
8672-OAUPW,Corona,Male,No,No,No,51,One year,Credit card (automatic),47.85,2356.75,No,56,,0,46.21078431372549,1,0,49.425,2440.35,1
8207-DMRVL,Yorba Linda,Male,No,Yes,Yes,72,Two year,Bank transfer (automatic),114.55,8306.05,No,51,,0,115.36180555555555,0,0,93.275,8247.6,1
2804-ETQDK,Ventura,Male,No,No,Yes,66,Two year,Mailed check,20.55,1357.1,No,74,,0,20.562121212121212,0,0,43.275,1356.3,0
6689-VRRTK,Camarillo,Female,Yes,No,No,44,One year,Credit card (automatic),109.8,4860.35,No,35,,0,110.4625,1,0,76.9,4831.2,1
7138-GIRSH,Camarillo,Male,No,No,No,50,Two year,Bank transfer (automatic),69.5,3418.2,No,76,,0,68.36399999999999,0,0,59.75,3475,1
9396-ZSFLL,Carpinteria,Female,No,No,No,15,Month-to-month,Mailed check,48.85,631.4,No,78,,0,42.093333333333334,2,0,31.925,732.75,0
6464-KEXXH,Fillmore,Male,No,No,No,8,Month-to-month,Credit card (automatic),25.25,186.3,No,33,,0,23.2875,2,0,16.625,202,0
7134-MJPDY,Moorpark,Female,Yes,No,No,66,One year,Credit card (automatic),102.85,6976.75,No,40,,0,105.70833333333333,1,0,84.425,6788.099999999999,1
5240-CAOYT,Oak View,Female,No,No,No,57,Month-to-month,Bank transfer (automatic),87.55,4884.85,No,43,,0,85.69912280701755,2,0,72.275,4990.349999999999,1
4059-IIEBK,Ojai,Female,No,No,No,7,Month-to-month,Bank transfer (automatic),78.55,522.95,No,61,,0,74.70714285714287,2,0,42.775,549.85,0
4881-JVQOD,Oxnard,Male,Yes,Yes,Yes,10,Month-to-month,Bank transfer (automatic),34.55,362.6,No,55,,0,36.260000000000005,2,0,22.275,345.5,0
0516-UXRMT,Oxnard,Female,No,No,No,62,One year,Electronic check,92.05,5755.8,No,71,,0,92.83548387096775,1,1,77.025,5707.099999999999,1
4851-BQDNX,Oxnard,Male,No,Yes,Yes,40,One year,Electronic check,85.05,3355.65,No,50,,0,83.89125,1,1,62.525,3402,1
5148-HKFIR,Piru,Female,No,No,No,20,Two year,Mailed check,19.7,406.95,No,76,,0,20.3475,0,0,19.85,394,0
3003-CMDUU,Santa Paula,Female,No,Yes,No,25,Month-to-month,Electronic check,95.15,2395.7,No,52,,0,95.82799999999999,2,1,60.075,2378.75,1
5016-IBERQ,Simi Valley,Male,No,Yes,No,23,Month-to-month,Electronic check,84.25,1968.1,No,33,,0,85.5695652173913,2,1,53.625,1937.75,0
6797-UCJHZ,Simi Valley,Female,Yes,Yes,No,66,One year,Credit card (automatic),104.6,6819.45,No,27,,0,103.325,1,0,85.3,6903.599999999999,1
2469-DTSGX,Somis,Female,Yes,No,No,72,Two year,Electronic check,111.65,7943.45,No,75,,0,110.32569444444444,0,1,91.825,8038.8,1
9931-KGHOA,Santa Barbara,Female,No,Yes,No,46,Month-to-month,Bank transfer (automatic),55,2473.95,No,40,,0,53.78152173913043,2,0,50.5,2530,1
1775-KWJKQ,Santa Barbara,Male,No,Yes,No,72,Two year,Credit card (automatic),89.85,6562.9,No,50,,0,91.15138888888889,0,0,80.925,6469.2,1
7665-VIGUD,Santa Barbara,Male,No,No,No,10,One year,Mailed check,20.35,176.3,No,38,,0,17.630000000000003,1,0,15.175,203.5,0
9411-TPQQV,Santa Barbara,Female,No,No,No,40,One year,Bank transfer (automatic),54.55,2236.2,No,74,,0,55.904999999999994,1,0,47.275,2182,1
7954-MLBUN,Santa Barbara,Male,No,No,No,31,Two year,Bank transfer (automatic),99.45,3109.9,No,64,,0,100.31935483870969,0,0,65.225,3082.9500000000003,1
2077-DDHJK,Goleta,Female,No,Yes,No,68,Two year,Credit card (automatic),70.9,4911.35,No,50,,0,72.22573529411765,0,0,69.45,4821.200000000001,1
9574-BOSMD,Arvin,Male,No,Yes,Yes,68,Two year,Bank transfer (automatic),25.4,1620.2,No,72,,0,23.826470588235296,0,0,46.7,1727.1999999999998,0
4908-XAXAY,Buttonwillow,Female,Yes,No,No,49,One year,Bank transfer (automatic),89.85,4287.2,No,30,,0,87.4938775510204,1,0,69.425,4402.65,1
8404-VLQFB,California Hot Springs,Female,No,Yes,Yes,15,Month-to-month,Electronic check,25.25,394.85,No,59,,0,26.323333333333334,2,1,20.125,378.75,0
2391-IPLOP,Corcoran,Male,No,Yes,No,50,One year,Electronic check,69.65,3442.15,No,27,,0,68.843,1,1,59.825,3482.5000000000005,1
3509-GWQGF,Ducor,Male,Yes,No,No,24,Month-to-month,Credit card (automatic),70,1732.6,No,77,,0,72.19166666666666,2,0,47,1680,0
5845-BZZIB,Frazier Park,Male,No,Yes,Yes,35,Two year,Mailed check,20.1,655.3,No,65,,0,18.72285714285714,0,0,27.55,703.5,0
1140-UKVZG,Farmersville,Female,No,No,No,17,Month-to-month,Mailed check,24.8,475.25,No,66,,0,27.955882352941178,2,0,20.9,421.6,0
5183-SNMJQ,Frazier Park,Male,No,No,No,10,Month-to-month,Credit card (automatic),95.1,865.1,No,33,,0,86.51,2,0,52.55,951,0
8100-PNJMH,Glennville,Male,No,Yes,No,68,Two year,Credit card (automatic),88.85,6132.7,No,42,,0,90.18676470588235,0,0,78.425,6041.799999999999,1
7838-LAZFO,Hanford,Male,No,Yes,No,45,One year,Bank transfer (automatic),78.8,3597.5,No,37,,0,79.94444444444444,1,0,61.9,3546,1
2085-JVGAD,Ivanhoe,Male,No,Yes,No,37,Month-to-month,Bank transfer (automatic),20.35,697.65,No,24,,0,18.855405405405406,2,0,28.675,752.95,0
7273-TEFQD,La Puente,Male,Yes,No,No,3,Month-to-month,Electronic check,41.15,132.2,Yes,96,Long distance charges,1,44.06666666666666,2,1,22.075,123.44999999999999,0
8095-WANWK,Kettleman City,Female,No,No,No,10,Month-to-month,Mailed check,45.25,428.7,No,38,,0,42.87,2,0,27.625,452.5,0
3030-ZKIWL,Lake Isabella,Male,No,No,No,1,Month-to-month,Mailed check,20.05,20.05,No,21,,0,20.05,2,0,10.525,20.05,0
9565-FLVCG,Lamont,Male,No,Yes,No,65,Two year,Mailed check,69.55,4459.15,No,74,,0,68.60230769230769,0,0,67.275,4520.75,1
8755-OGKNA,Laton,Female,No,Yes,Yes,57,Two year,Bank transfer (automatic),19.5,1167.6,No,45,,0,20.48421052631579,0,0,38.25,1111.5,0
2800-VEQXM,Lebec,Female,No,No,No,3,Month-to-month,Mailed check,74.75,238.1,No,21,,0,79.36666666666666,2,0,38.875,224.25,0
5533-RJFTJ,Lemoore,Male,No,No,No,49,Month-to-month,Bank transfer (automatic),30.2,1453.1,No,42,,0,29.655102040816324,2,0,39.6,1479.8,0
0214-JHPFW,Lost Hills,Female,No,Yes,No,70,Two year,Bank transfer (automatic),57.8,4039.3,No,42,,0,57.70428571428572,0,0,63.9,4046,1
5642-MHDQT,Mc Farland,Female,No,Yes,No,53,One year,Bank transfer (automatic),19.85,1039.45,No,42,,0,19.612264150943396,1,0,36.425,1052.0500000000002,0
3088-FVYWK,Mc Kittrick,Male,No,Yes,Yes,53,Two year,Credit card (automatic),25.55,1336.1,No,46,,0,25.20943396226415,0,0,39.275,1354.15,0
9092-GDZKO,New Cuyama,Male,No,No,No,22,Month-to-month,Credit card (automatic),24.85,493.4,No,51,,0,22.427272727272726,2,0,23.425,546.7,0
3729-OWRVL,Pixley,Male,Yes,No,No,65,Two year,Electronic check,110.35,7246.15,No,79,,0,111.47923076923077,0,1,87.675,7172.75,1
2324-AALNO,Porterville,Female,No,No,No,48,One year,Bank transfer (automatic),24.55,1203.95,No,41,,0,25.082291666666666,1,0,36.275,1178.4,0
5760-IFJOZ,Richgrove,Male,No,No,No,3,Month-to-month,Mailed check,107.95,313.6,No,77,,0,104.53333333333335,2,0,55.475,323.85,0
2826-UWHIS,Sequoia National Park,Male,No,Yes,No,45,Month-to-month,Bank transfer (automatic),81.4,3775.85,No,55,,0,83.90777777777778,2,0,63.2,3663.0000000000005,1
7501-IWUNG,Springville,Female,No,Yes,No,61,Two year,Bank transfer (automatic),73.8,4616.05,No,58,,0,75.67295081967214,0,0,67.4,4501.8,1
4957-TREIR,Stratford,Male,No,No,No,3,Month-to-month,Credit card (automatic),64.4,195.65,No,20,,0,65.21666666666667,2,0,33.7,193.20000000000002,0
7251-LJBQN,Strathmore,Female,Yes,No,No,40,One year,Credit card (automatic),103.75,4188.4,No,20,,0,104.71,1,0,71.875,4150,1
8040-MNRTF,Taft,Female,No,No,No,1,Month-to-month,Mailed check,71.1,71.1,No,64,,0,71.1,2,0,36.05,71.1,0
1536-HBSWP,Terra Bella,Female,No,No,No,1,Month-to-month,Electronic check,49.9,49.9,No,56,,0,49.9,2,1,25.45,49.9,0
5313-FPXWG,Three Rivers,Male,No,No,No,51,One year,Bank transfer (automatic),24.6,1266.4,No,75,,0,24.83137254901961,1,0,37.8,1254.6000000000001,0
0946-FKYTX,Tulare,Male,No,No,No,52,One year,Mailed check,30.1,1623.4,No,51,,0,31.21923076923077,1,0,41.05,1565.2,0
5076-YVXCM,Tupman,Male,No,No,No,51,Month-to-month,Bank transfer (automatic),83.4,4149.45,No,65,,0,81.36176470588235,2,0,67.2,4253.400000000001,1
8262-COGGB,Visalia,Male,No,No,No,1,Month-to-month,Mailed check,20.45,20.45,No,48,,0,20.45,2,0,10.725,20.45,0
6663-JOCQO,Wasco,Male,No,Yes,No,31,One year,Bank transfer (automatic),75.25,2344.5,No,43,,0,75.62903225806451,1,0,53.125,2332.75,1
9620-QJREV,Weldon,Male,No,No,No,47,One year,Credit card (automatic),20.55,1013.05,No,56,,0,21.554255319148936,1,0,33.775,965.85,0
2682-KEVRP,Woodlake,Female,Yes,No,No,22,One year,Mailed check,20.05,417,No,21,,0,18.954545454545453,1,0,21.025,441.1,0
2480-JZOSN,Woody,Female,No,Yes,No,1,Month-to-month,Mailed check,20.65,20.65,No,59,,0,20.65,2,0,10.825,20.65,0
0078-XZMHT,Visalia,Male,No,Yes,No,72,Two year,Bank transfer (automatic),85.15,6316.2,No,76,,0,87.725,0,0,78.575,6130.8,1
9978-HYCIN,Bakersfield,Male,Yes,Yes,Yes,47,One year,Bank transfer (automatic),84.95,4018.05,No,68,,0,85.4904255319149,1,0,65.975,3992.65,1
8338-QIUNR,Bakersfield,Male,No,Yes,No,72,Two year,Credit card (automatic),66.5,4811.6,No,49,,0,66.82777777777778,0,0,69.25,4788,1
1525-LNLOJ,Bakersfield,Male,No,Yes,No,66,Two year,Bank transfer (automatic),63.3,4189.7,No,60,,0,63.48030303030303,0,0,64.65,4177.8,1
9450-TRJUU,Bakersfield,Male,No,No,No,35,Month-to-month,Electronic check,83.15,2848.45,No,65,,0,81.38428571428571,2,1,59.075,2910.25,1
1766-GKNMI,Bakersfield,Male,No,No,No,29,Month-to-month,Electronic check,84.9,2516.2,No,69,,0,86.7655172413793,2,1,56.95,2462.1000000000004,1
6942-LBFDP,Bakersfield,Female,No,No,No,2,Month-to-month,Mailed check,20.55,33.6,No,25,,0,16.8,2,0,11.275,41.1,0
1456-TWCGB,Bakersfield,Male,No,No,No,4,Month-to-month,Mailed check,49.25,208.45,No,37,,0,52.1125,2,0,26.625,197,0
7596-ZYWBB,Bakersfield,Female,No,No,No,65,Two year,Mailed check,59.6,3739.8,No,75,,0,57.535384615384615,0,0,62.3,3874,1
8329-UTMVM,Bakersfield,Male,Yes,No,No,27,One year,Bank transfer (automatic),104.65,2964,No,31,,0,109.77777777777777,1,0,65.825,2825.55,1
3014-WJKSM,San Luis Obispo,Male,No,Yes,No,29,Month-to-month,Credit card (automatic),75.3,2263.4,No,40,,0,78.04827586206896,2,0,52.15,2183.7,1
3347-YJZZE,Los Osos,Male,No,Yes,Yes,29,Month-to-month,Credit card (automatic),80.1,2211.8,No,70,,0,76.26896551724138,2,0,54.55,2322.8999999999996,1
7929-DMBCV,Arroyo Grande,Female,No,Yes,No,20,Month-to-month,Mailed check,81,1683.7,No,22,,0,84.185,2,0,50.5,1620,0
9661-JALZV,Atascadero,Female,No,No,No,58,Two year,Credit card (automatic),24.7,1519,No,54,,0,26.189655172413794,0,0,41.35,1432.6,0
5433-KYGHE,Avila Beach,Female,No,No,Yes,14,Month-to-month,Mailed check,86,1164.05,No,33,,0,83.14642857142857,2,0,50,1204,0
4312-KFRXN,Bradley,Male,No,Yes,No,72,Two year,Mailed check,25.4,1710.9,No,30,,0,23.762500000000003,0,0,48.7,1828.8,0
5575-TPIZQ,Buellton,Male,No,No,No,46,Month-to-month,Credit card (automatic),89.15,4245.55,No,43,,0,92.29456521739131,2,0,67.575,4100.900000000001,1
0114-IGABW,Cambria,Female,No,Yes,No,71,Two year,Bank transfer (automatic),58.25,4145.9,No,76,,0,58.39295774647887,0,0,64.625,4135.75,1
9944-AEXBM,Casmalia,Male,No,No,No,32,Month-to-month,Bank transfer (automatic),85.65,2664.3,No,26,,0,83.259375,2,0,58.825,2740.8,1
1853-ARAAQ,Cayucos,Female,No,No,No,26,Month-to-month,Credit card (automatic),50.35,1277.5,No,48,,0,49.13461538461539,2,0,38.175,1309.1000000000001,0
6952-OMNWB,Creston,Male,Yes,Yes,No,68,Month-to-month,Credit card (automatic),80.35,5589.3,No,28,,0,82.19558823529412,2,0,74.175,5463.799999999999,1
4697-LUPSU,Grover Beach,Male,No,Yes,No,2,One year,Mailed check,20.2,34.75,No,44,,0,17.375,1,0,11.1,40.4,0
8434-VGEQQ,Guadalupe,Male,No,Yes,No,61,Two year,Credit card (automatic),20.55,1305.95,No,36,,0,21.409016393442624,0,0,40.775,1253.55,0
6549-YMFAW,Los Olivos,Male,Yes,Yes,No,9,Month-to-month,Mailed check,21.25,204.55,No,69,,0,22.727777777777778,2,0,15.125,191.25,0
4950-HKQTE,Morro Bay,Female,No,No,No,22,Two year,Mailed check,26.25,605.9,No,64,,0,27.54090909090909,0,0,24.125,577.5,0
6786-OBWQR,Nipomo,Female,No,Yes,Yes,5,Month-to-month,Electronic check,80.85,356.1,No,69,,0,71.22,2,1,42.925,404.25,0
2753-JMMCV,Paso Robles,Male,No,No,No,65,Two year,Credit card (automatic),74.2,4805.65,No,39,,0,73.93307692307691,0,0,69.6,4823,1
6621-YOBKI,San Ardo,Male,No,No,No,5,Month-to-month,Mailed check,20.35,92.75,No,76,,0,18.55,2,0,12.675,101.75,0
1216-JWVUX,San Miguel,Male,No,Yes,Yes,25,Month-to-month,Electronic check,75.5,1901.05,No,33,,0,76.042,2,1,50.25,1887.5,0
7564-GHCVB,San Simeon,Female,No,Yes,No,72,Two year,Bank transfer (automatic),79.05,5730.7,No,40,,0,79.59305555555555,0,0,75.525,5691.599999999999,1
1173-NOEYG,Santa Margarita,Female,No,Yes,No,27,Month-to-month,Bank transfer (automatic),90.15,2423.4,No,67,,0,89.75555555555556,2,0,58.575,2434.05,1
7595-EHCDL,Santa Maria,Male,No,Yes,Yes,32,Month-to-month,Credit card (automatic),50.6,1653.45,No,40,,0,51.6703125,2,0,41.3,1619.2,0
6647-ZEDXT,Santa Maria,Female,No,No,No,30,One year,Credit card (automatic),110.45,3327.05,No,45,,0,110.90166666666667,1,0,70.225,3313.5,1
2521-NPUZR,Santa Maria,Male,No,Yes,No,70,Two year,Credit card (automatic),101,7085.5,No,48,,0,101.22142857142858,0,0,85.5,7070,1
1307-TVUFB,Santa Ynez,Male,Yes,No,No,42,Month-to-month,Bank transfer (automatic),79.35,3344.1,No,79,,0,79.62142857142857,2,0,60.675,3332.7,1
7503-MIOGA,Shandon,Female,Yes,Yes,No,72,Two year,Bank transfer (automatic),89.85,6697.35,No,56,,0,93.01875000000001,0,0,80.925,6469.2,1
4381-MHQDC,Solvang,Female,No,No,No,47,Two year,Mailed check,65,2879.9,No,40,,0,61.274468085106385,0,0,56,3055,1
6923-JHPMP,Templeton,Female,No,No,No,2,Month-to-month,Electronic check,80.45,137.1,No,67,,0,68.55,2,1,41.225,160.9,0
4018-PPNDW,California City,Female,No,Yes,No,61,Two year,Mailed check,24.1,1551.6,No,21,,0,25.43606557377049,0,0,42.55,1470.1000000000001,0
1635-FJFCC,Acton,Female,No,No,No,5,Month-to-month,Credit card (automatic),44.05,202.15,No,74,,0,40.43,2,0,24.525,220.25,0
2499-AJYUA,Benton,Female,Yes,Yes,No,72,Two year,Credit card (automatic),110.8,7882.25,No,80,,0,109.47569444444444,0,0,91.4,7977.599999999999,1
6919-ELBGL,Big Pine,Male,Yes,Yes,No,72,Two year,Bank transfer (automatic),114.95,8196.4,No,61,,0,113.83888888888889,0,0,93.475,8276.4,1
3966-HRMZA,Bishop,Female,Yes,No,No,3,Month-to-month,Mailed check,75.05,202.9,No,56,,0,67.63333333333334,2,0,39.025,225.14999999999998,0
6425-JWTDV,Boron,Male,No,Yes,No,48,Two year,Mailed check,19.25,855.1,No,46,,0,17.814583333333335,0,0,33.625,924,0
8405-IGQFX,Bridgeport,Female,No,No,No,63,One year,Credit card (automatic),90.05,5817,No,45,,0,92.33333333333333,1,0,76.525,5673.15,1
8224-IVVPA,Caliente,Female,No,No,No,27,Month-to-month,Mailed check,56.7,1652.95,No,79,,0,61.220370370370375,2,0,41.85,1530.9,0
9477-LGWQI,Darwin,Male,No,Yes,No,70,Two year,Credit card (automatic),80.15,5600.15,No,70,,0,80.00214285714286,0,0,75.075,5610.5,1
1410-RSCMR,Edwards,Male,No,Yes,Yes,7,Month-to-month,Credit card (automatic),71.35,515.75,No,30,,0,73.67857142857143,2,0,39.175,499.44999999999993,0
0139-IVFJG,Inyokern,Female,No,Yes,No,2,Month-to-month,Electronic check,90.35,190.5,No,29,,0,95.25,2,1,46.175,180.7,0
5730-DBDSI,June Lake,Male,No,No,No,66,Two year,Bank transfer (automatic),19.7,1253.8,No,36,,0,18.996969696969696,0,0,42.85,1300.2,0
0030-FNXPP,Keeler,Female,No,No,No,3,Month-to-month,Mailed check,19.85,57.2,No,59,,0,19.066666666666666,2,0,11.425,59.550000000000004,0
5684-FJVYR,Lake Hughes,Female,No,Yes,No,72,Two year,Bank transfer (automatic),90.35,6563.4,No,49,,0,91.15833333333333,0,0,81.175,6505.2,1
4013-GUXND,Lancaster,Male,No,No,No,1,Month-to-month,Mailed check,20.8,20.8,No,38,,0,20.8,2,0,10.9,20.8,0
1266-NZYUI,Lee Vining,Female,No,Yes,No,72,Two year,Bank transfer (automatic),66.85,4758.8,No,32,,0,66.09444444444445,0,0,69.425,4813.2,1
7969-FFOWG,Littlerock,Male,No,Yes,No,65,Two year,Mailed check,19.9,1292.6,No,34,,0,19.886153846153846,0,0,42.45,1293.5,0
6614-YOLAC,Oakland,Female,No,Yes,No,71,Two year,Mailed check,58.65,4145.25,No,48,,0,58.38380281690141,0,0,64.825,4164.15,1
4718-DHSMV,Llano,Female,No,No,No,11,Month-to-month,Mailed check,35.8,363.15,No,44,,0,33.01363636363636,2,0,23.4,393.79999999999995,0
5175-WLYXL,Lone Pine,Male,No,No,No,22,Month-to-month,Mailed check,78.85,1600.25,No,75,,0,72.73863636363636,2,0,50.425,1734.6999999999998,0
7817-OMJNA,Mammoth Lakes,Male,No,No,No,14,One year,Bank transfer (automatic),20.4,275.7,No,50,,0,19.692857142857143,1,0,17.2,285.59999999999997,0
8728-SKJLR,Olancha,Male,No,No,No,41,Month-to-month,Electronic check,74.25,3089.1,No,78,,0,75.34390243902439,2,1,57.625,3044.25,1
3137-NYQQI,Palmdale,Male,No,Yes,No,17,One year,Mailed check,64.8,1175.6,No,70,,0,69.15294117647058,1,0,40.9,1101.6,0
7706-DZNKK,Palmdale,Male,No,No,No,11,Month-to-month,Credit card (automatic),20.45,237.3,No,29,,0,21.572727272727274,2,0,15.725,224.95,0
8823-RLPWL,Rosamond,Female,No,Yes,No,72,Two year,Credit card (automatic),110.65,8065.65,No,22,,0,112.02291666666666,0,0,91.325,7966.8,1
9505-SQFSW,Tehachapi,Female,No,Yes,Yes,3,Month-to-month,Mailed check,40.3,92.5,No,65,,0,30.833333333333332,2,0,21.65,120.89999999999999,0
3758-CKOQL,Valyermo,Female,No,Yes,No,59,One year,Credit card (automatic),107,6152.3,No,51,,0,104.27627118644068,1,0,83,6313,1
5676-CFLYY,Ahwahnee,Male,No,Yes,No,71,Two year,Credit card (automatic),73.35,5154.5,No,68,,0,72.59859154929578,0,0,72.175,5207.849999999999,1
7521-AFHAB,Auberry,Female,No,Yes,Yes,5,Month-to-month,Mailed check,44.8,220.45,No,64,,0,44.089999999999996,2,0,24.9,224,0
0285-INHLN,Badger,Male,No,Yes,Yes,27,Month-to-month,Credit card (automatic),54.75,1510.3,No,41,,0,55.93703703703704,2,0,40.875,1478.25,0
5125-CNDSP,Big Creek,Male,No,No,No,63,One year,Bank transfer (automatic),40.6,2588.95,No,80,,0,41.09444444444444,1,0,51.8,2557.8,1
4992-LTJNE,Cantua Creek,Male,No,Yes,No,72,Two year,Bank transfer (automatic),55.3,3983.6,No,64,,0,55.327777777777776,0,0,63.65,3981.6,1
2202-OUTMO,Caruthers,Female,No,Yes,No,34,Month-to-month,Bank transfer (automatic),60.85,2003.6,No,73,,0,58.92941176470588,2,0,47.425,2068.9,1
0810-BDHAW,Chowchilla,Female,No,Yes,No,24,One year,Electronic check,78.4,1832.4,No,77,,0,76.35000000000001,1,1,51.2,1881.6000000000001,0
0229-LFJAF,Clovis,Male,No,No,No,72,Two year,Bank transfer (automatic),69.65,4908.25,No,32,,0,68.17013888888889,0,0,70.825,5014.8,1
7131-ZQZNK,Clovis,Female,No,Yes,No,60,Two year,Credit card (automatic),59.85,3590.2,No,37,,0,59.836666666666666,0,0,59.925,3591,1
3442-ZHHCC,Coarsegold,Male,No,No,No,68,One year,Credit card (automatic),76.9,5023,No,53,,0,73.86764705882354,1,0,72.45,5229.200000000001,1
5726-CVNYA,Cutler,Female,No,Yes,No,8,Two year,Mailed check,19.85,146.6,No,65,,0,18.325,0,0,13.925,158.8,0
9871-ELEYA,Del Rey,Female,No,No,No,34,Two year,Credit card (automatic),67.65,2339.3,No,40,,0,68.8029411764706,0,0,50.825,2300.1000000000004,1
4257-GAESD,Dinuba,Female,No,No,No,6,Month-to-month,Credit card (automatic),45,298.7,No,72,,0,49.78333333333333,2,0,25.5,270,0
5173-WXOQV,Dos Palos,Male,No,Yes,No,2,Month-to-month,Mailed check,64.2,143.65,No,56,,0,71.825,2,0,33.1,128.4,0
2040-OBMLJ,Dunlap,Male,No,No,No,31,One year,Credit card (automatic),81.7,2548.65,No,68,,0,82.21451612903226,1,0,56.35,2532.7000000000003,1
6286-ZHAOK,Firebaugh,Female,No,Yes,Yes,20,Month-to-month,Bank transfer (automatic),25.55,507.4,No,35,,0,25.369999999999997,2,0,22.775,511,0
3807-XHCJH,Fish Camp,Female,No,Yes,Yes,1,Month-to-month,Electronic check,20,20,No,33,,0,20,2,1,10.5,20,0
5671-RQRLP,Fowler,Female,Yes,Yes,No,70,Two year,Credit card (automatic),75.65,5411.4,No,30,,0,77.30571428571427,0,0,72.825,5295.5,1
8859-AXJZP,Helm,Male,No,Yes,No,39,Two year,Mailed check,23.8,903.8,No,30,,0,23.174358974358974,0,0,31.4,928.2,0
3174-AKMAS,Hume,Female,No,Yes,No,46,Two year,Credit card (automatic),64.2,3009.5,No,41,,0,65.42391304347827,0,0,55.1,2953.2000000000003,1
9926-PJHDQ,Kingsburg,Female,No,Yes,No,72,Two year,Bank transfer (automatic),76.8,5468.45,No,34,,0,75.95069444444444,0,0,74.4,5529.599999999999,1
7382-DFJTU,Lakeshore,Male,No,No,No,18,Month-to-month,Credit card (automatic),55.2,1058.1,No,44,,0,58.78333333333333,2,0,36.6,993.6,0
2798-NYLMZ,Los Banos,Male,No,Yes,No,71,Two year,Credit card (automatic),108.55,7616,No,58,,0,107.26760563380282,0,0,89.775,7707.05,1
8098-TDCBU,North Fork,Female,No,Yes,No,42,Two year,Electronic check,25.25,1108.2,No,53,,0,26.385714285714286,0,1,33.625,1060.5,0
3551-GAEGL,Oakhurst,Male,No,Yes,No,34,One year,Bank transfer (automatic),30.4,938.65,No,33,,0,27.60735294117647,1,0,32.2,1033.6,0
4785-NKHCX,O Neals,Male,Yes,No,No,5,Month-to-month,Bank transfer (automatic),20.05,94.15,No,31,,0,18.830000000000002,2,0,12.525,100.25,0
3196-NVXLZ,Orange Cove,Female,No,No,No,25,Month-to-month,Mailed check,84.6,2088.05,No,23,,0,83.522,2,0,54.8,2115,1
0036-IHMOT,Parlier,Female,No,Yes,Yes,55,One year,Bank transfer (automatic),103.7,5656.75,No,65,,0,102.85,1,0,79.35,5703.5,1
4178-EGMON,Prather,Male,No,Yes,No,70,Two year,Credit card (automatic),88,5986.45,No,48,,0,85.52071428571428,0,0,79,6160,1
4220-TINQT,Raisin City,Female,No,Yes,No,61,Month-to-month,Electronic check,106.35,6751.35,No,35,,0,110.67786885245903,2,1,83.675,6487.349999999999,1
5318-YKDPV,Raymond,Male,No,Yes,No,43,Two year,Credit card (automatic),79.15,3566.6,No,63,,0,82.94418604651163,0,0,61.075,3403.4500000000003,1
7975-TZMLR,Reedley,Male,No,No,No,47,One year,Electronic check,103.1,4889.3,No,29,,0,104.02765957446809,1,1,75.05,4845.7,1
0295-QVKPB,Riverdale,Male,No,No,No,5,Month-to-month,Credit card (automatic),63.95,318.1,No,42,,0,63.620000000000005,2,0,34.475,319.75,0
4335-BSMJS,Sanger,Female,No,No,No,62,Two year,Credit card (automatic),25.8,1563.95,No,34,,0,25.225,0,0,43.9,1599.6000000000001,0
9146-JRIOX,Shaver Lake,Female,No,Yes,Yes,14,Month-to-month,Mailed check,25.55,372.45,No,65,,0,26.603571428571428,2,0,19.775,357.7,0
5337-IIWKZ,Sultana,Male,No,Yes,Yes,34,Month-to-month,Electronic check,44.85,1442.6,No,49,,0,42.42941176470588,2,1,39.425,1524.9,0
9650-VBUOG,Tranquillity,Male,No,Yes,Yes,38,Two year,Credit card (automatic),25.05,963.95,No,73,,0,25.367105263157896,0,0,31.525,951.9,0
3487-EARAT,Wishon,Female,No,Yes,No,70,One year,Credit card (automatic),74.1,5222.3,No,43,,0,74.60428571428572,1,0,72.05,5187,1
2672-TGEFF,Traver,Female,No,Yes,Yes,37,Month-to-month,Electronic check,88.8,3340.55,No,31,,0,90.28513513513514,2,1,62.9,3285.6,1
4250-WAROZ,Fresno,Male,Yes,Yes,Yes,60,Month-to-month,Electronic check,93.25,5774.55,No,70,,0,96.2425,2,1,76.625,5595,1
8184-WMOFI,Fresno,Male,No,Yes,No,62,One year,Credit card (automatic),71.4,4487.3,No,56,,0,72.3758064516129,1,0,66.7,4426.8,1
6092-QZVPP,Fresno,Male,No,No,No,36,Month-to-month,Credit card (automatic),79.2,2854.95,No,53,,0,79.30416666666666,2,0,57.6,2851.2000000000003,1
4625-LAMOB,Fresno,Male,No,No,No,44,Two year,Credit card (automatic),20.4,905.55,No,55,,0,20.580681818181816,0,0,32.2,897.5999999999999,0
0392-BZIUW,Fresno,Female,No,Yes,No,72,Two year,Credit card (automatic),105,7589.8,No,70,,0,105.41388888888889,0,0,88.5,7560,1
6549-NNDYT,Fresno,Female,No,No,No,13,Month-to-month,Bank transfer (automatic),30.85,394.1,No,38,,0,30.315384615384616,2,0,21.925,401.05,0
6916-HIJSE,Fresno,Female,No,No,No,65,Two year,Bank transfer (automatic),84.85,5459.2,No,75,,0,83.9876923076923,0,0,74.925,5515.25,1
2316-ESMLS,Fresno,Female,No,Yes,No,12,One year,Credit card (automatic),33.15,444.75,No,74,,0,37.0625,1,0,22.575,397.79999999999995,0
9778-OGKQZ,Fresno,Male,No,Yes,No,72,Two year,Credit card (automatic),92,6782.15,No,44,,0,94.19652777777777,0,0,82,6624,1
7408-OFWXJ,Fresno,Female,No,Yes,No,72,Two year,Credit card (automatic),89.8,6510.45,No,66,,0,90.42291666666667,0,0,80.9,6465.599999999999,1
6007-TCTST,Salinas,Female,No,Yes,Yes,72,Two year,Bank transfer (automatic),115.8,8476.5,No,39,,0,117.72916666666667,0,0,93.9,8337.6,1
2252-NKNSI,Salinas,Male,No,No,No,52,Two year,Mailed check,85.15,4461.85,No,69,,0,85.8048076923077,0,0,68.575,4427.8,1
8713-IGZSO,Salinas,Male,No,No,No,2,Month-to-month,Mailed check,24.85,62,No,57,,0,31,2,0,13.425,49.7,0
7905-TVXTA,Salinas,Female,No,No,No,5,Month-to-month,Electronic check,64.35,352.65,No,35,,0,70.53,2,1,34.675,321.75,0
7695-PKLCZ,Salinas,Female,No,No,No,68,Two year,Credit card (automatic),20.5,1424.9,No,68,,0,20.954411764705885,0,0,44.25,1394,0
8374-UULRV,Carmel By The Sea,Male,No,No,No,72,Two year,Credit card (automatic),86.05,6309.65,No,33,,0,87.63402777777777,0,0,79.025,6195.599999999999,1
3224-DFQNQ,Carmel Valley,Female,No,Yes,No,66,One year,Electronic check,89,5898.6,No,53,,0,89.37272727272727,1,1,77.5,5874,1
5275-PMFUT,Chualar,Male,No,Yes,No,72,Two year,Credit card (automatic),64.8,4719.75,No,72,,0,65.55208333333333,0,0,68.4,4665.599999999999,1
4795-UXVCJ,Gonzales,Male,No,No,No,26,One year,Credit card (automatic),19.8,457.3,No,77,,0,17.588461538461537,1,0,22.9,514.8000000000001,0
9777-IQHWP,Greenfield,Male,No,Yes,Yes,64,Two year,Bank transfer (automatic),93.4,5822.3,No,42,,0,90.9734375,0,0,78.7,5977.6,1
0979-MOZQI,Monterey,Male,No,Yes,No,62,Two year,Bank transfer (automatic),39,2337.45,No,54,,0,37.7008064516129,0,0,50.5,2418,1
2732-ISEZX,Pacific Grove,Female,No,No,No,5,Month-to-month,Mailed check,20.5,104.3,No,53,,0,20.86,2,0,12.75,102.5,0
0323-XWWTN,San Lucas,Male,No,No,Yes,3,Two year,Mailed check,26.4,121.25,No,77,,0,40.416666666666664,0,0,14.7,79.19999999999999,0
1937-OTUKY,Seaside,Female,No,Yes,No,72,Two year,Bank transfer (automatic),98.2,7015.9,No,75,,0,97.44305555555555,0,0,85.1,7070.400000000001,1
1573-LGXBA,Soledad,Male,No,Yes,Yes,57,One year,Credit card (automatic),97.55,5598,No,51,,0,98.21052631578948,1,0,77.275,5560.349999999999,1
1764-VUUMT,Spreckels,Male,No,No,Yes,66,Two year,Credit card (automatic),19.95,1269.1,No,51,,0,19.228787878787877,0,0,42.975,1316.7,0
4713-ZBURT,Brisbane,Male,No,No,Yes,45,Two year,Bank transfer (automatic),99.7,4634.35,No,38,,0,102.98555555555556,0,0,72.35,4486.5,1
3050-GBUSH,Burlingame,Female,No,No,No,3,Month-to-month,Credit card (automatic),34.8,113.95,No,67,,0,37.983333333333334,2,0,18.9,104.39999999999999,0
7876-AEHIG,Daly City,Female,No,No,No,51,One year,Bank transfer (automatic),60.15,3077,No,37,,0,60.333333333333336,1,0,55.575,3067.65,1
7945-HLKEA,Half Moon Bay,Female,No,No,No,60,One year,Electronic check,64.75,4039.5,No,25,,0,67.325,1,1,62.375,3885,1
9342-VNIMQ,La Honda,Male,No,No,No,33,Month-to-month,Bank transfer (automatic),54.65,1665.2,No,58,,0,50.46060606060606,2,0,43.825,1803.45,0
3523-BRGUW,Los Altos,Male,Yes,No,No,26,One year,Credit card (automatic),19.3,504.2,No,64,,0,19.392307692307693,1,0,22.65,501.8,0
3199-NPKCN,Menlo Park,Female,No,Yes,No,67,One year,Electronic check,111.25,7511.65,No,37,,0,112.1141791044776,1,1,89.125,7453.75,1
5170-PTRKA,Atherton,Female,No,Yes,No,49,One year,Credit card (automatic),35.8,1782,No,69,,0,36.36734693877551,1,0,42.4,1754.1999999999998,0
3422-WJOYD,Oakland,Male,No,Yes,No,28,One year,Mailed check,54.35,1426.45,No,70,,0,50.94464285714286,1,0,41.175,1521.8,0
4661-NJEUX,Portola Valley,Male,No,No,No,1,Month-to-month,Mailed check,20.05,20.05,No,52,,0,20.05,2,0,10.525,20.05,0
2123-AGEEN,Millbrae,Female,Yes,No,No,7,Month-to-month,Electronic check,84.35,609.65,No,38,,0,87.09285714285714,2,1,45.675,590.4499999999999,0
1258-YMZNM,Montara,Female,Yes,No,No,27,One year,Bank transfer (automatic),110.5,2857.6,No,56,,0,105.83703703703704,1,0,68.75,2983.5,1
0048-LUMLS,Moss Beach,Male,No,Yes,Yes,37,One year,Credit card (automatic),91.2,3247.55,No,55,,0,87.77162162162162,1,0,64.1,3374.4,1
5898-IGSLP,Mountain View,Male,No,Yes,Yes,31,Month-to-month,Electronic check,89.3,2823,No,46,,0,91.06451612903226,2,1,60.15,2768.2999999999997,1
6259-WJQLC,Pacifica,Male,Yes,No,No,32,Month-to-month,Credit card (automatic),81.1,2619.25,No,50,,0,81.8515625,2,0,56.55,2595.2,1
7997-EASSD,Redwood City,Female,No,Yes,No,63,One year,Credit card (automatic),81.2,4965.1,No,64,,0,78.81111111111112,1,0,72.1,5115.6,1
0730-KOAVE,Redwood City,Male,No,No,No,30,Month-to-month,Credit card (automatic),94.3,2679.7,No,75,,0,89.32333333333332,2,0,62.15,2829,1
8975-SKGRX,Redwood City,Male,No,Yes,No,71,Two year,Bank transfer (automatic),116.1,8310.55,No,42,,0,117.04999999999998,0,0,93.55,8243.1,1
0678-RLHVP,Redwood City,Female,No,No,No,53,Two year,Electronic check,105.55,5682.25,No,67,,0,107.2122641509434,0,1,79.275,5594.15,1
2267-FPIMA,San Carlos,Male,No,Yes,No,50,Month-to-month,Credit card (automatic),94.4,4914.9,No,21,,0,98.29799999999999,2,0,72.2,4720,1
1051-GEJLJ,San Gregorio,Female,No,No,No,2,Month-to-month,Mailed check,19.5,27.55,No,74,,0,13.775,2,0,10.75,39,0
5285-MVEHD,Sunnyvale,Female,No,Yes,No,56,One year,Credit card (automatic),105.6,6068.65,No,24,,0,108.36874999999999,1,0,80.8,5913.599999999999,1
0379-DJQHR,Sunnyvale,Male,No,Yes,No,67,Two year,Credit card (automatic),81.35,5398.6,No,51,,0,80.57611940298509,0,0,74.175,5450.45,1
5543-QDCRY,San Francisco,Male,No,No,No,4,Month-to-month,Electronic check,56.4,234.85,No,49,,0,58.7125,2,1,30.2,225.6,0
0297-RBCSG,San Francisco,Male,No,No,No,19,One year,Bank transfer (automatic),65.35,1231.85,No,39,,0,64.83421052631579,1,0,42.175,1241.6499999999999,0
4694-PHWFW,San Francisco,Female,No,No,Yes,8,Month-to-month,Mailed check,19.95,170.9,No,40,,0,21.3625,2,0,13.975,159.6,0
0835-JKADZ,San Francisco,Female,No,No,No,71,Two year,Electronic check,111.25,7984.15,No,54,,0,112.45281690140844,0,1,91.125,7898.75,1
7508-SMHXL,San Francisco,Female,Yes,No,No,15,Month-to-month,Credit card (automatic),89,1288.3,No,77,,0,85.88666666666667,2,0,52,1335,0
3865-YIOTT,San Francisco,Male,No,Yes,Yes,72,One year,Bank transfer (automatic),106.1,7848.5,No,72,,0,109.00694444444444,1,0,89.05,7639.2,1
5993-BQHEA,San Francisco,Male,No,No,No,12,One year,Credit card (automatic),20.05,267,No,62,,0,22.25,1,0,16.025,240.60000000000002,0
6024-RUGGH,San Francisco,Male,No,Yes,Yes,72,Two year,Bank transfer (automatic),25.2,1798.9,No,62,,0,24.984722222222224,0,0,48.6,1814.3999999999999,0
3956-CJUST,San Francisco,Female,Yes,No,No,23,Month-to-month,Bank transfer (automatic),75.4,1643.55,No,49,,0,71.45869565217392,2,0,49.2,1734.2,0
4079-WWQQQ,San Francisco,Male,No,No,No,72,Two year,Bank transfer (automatic),65.55,4807.45,No,24,,0,66.77013888888888,0,0,68.775,4719.599999999999,1
6103-BOCOU,San Francisco,Female,No,No,No,26,Month-to-month,Electronic check,80.7,2193,No,28,,0,84.34615384615384,2,1,53.35,2098.2000000000003,1
5149-TGWDZ,San Francisco,Female,No,No,No,21,One year,Mailed check,104.55,2239.4,No,20,,0,106.63809523809525,1,0,62.775,2195.5499999999997,1
7471-WNSUF,San Francisco,Male,No,Yes,No,60,One year,Bank transfer (automatic),24.15,1505.9,No,24,,0,25.098333333333336,1,0,42.075,1449,0
8942-DBMHZ,San Francisco,Male,No,No,No,12,Month-to-month,Mailed check,20.45,255.35,No,80,,0,21.279166666666665,2,0,16.225,245.39999999999998,0
4301-VVZKA,San Francisco,Male,No,Yes,No,16,Month-to-month,Electronic check,75.4,1189.4,No,51,,0,74.3375,2,1,45.7,1206.4,0
9199-PWQVC,San Francisco,Female,No,Yes,No,63,One year,Credit card (automatic),79.7,4786.15,No,30,,0,75.97063492063492,1,0,71.35,5021.1,1
4824-GUCBY,San Francisco,Female,Yes,No,No,22,Month-to-month,Electronic check,81.7,1820.9,No,34,,0,82.76818181818182,2,1,51.85,1797.4,0
5393-HJZSM,San Francisco,Female,No,Yes,Yes,32,Month-to-month,Bank transfer (automatic),76.3,2404.15,No,70,,0,75.1296875,2,0,54.15,2441.6,1
0862-PRCBS,San Francisco,Female,No,Yes,Yes,68,Two year,Credit card (automatic),103.75,7039.45,No,45,,0,103.52132352941176,0,0,85.875,7055,1
8812-ZRHFP,San Francisco,Female,No,Yes,Yes,30,One year,Electronic check,86.45,2538.05,No,24,,0,84.60166666666667,1,1,58.225,2593.5,1
5146-CBVOE,San Francisco,Female,No,No,No,16,Month-to-month,Bank transfer (automatic),75.1,1212.85,No,59,,0,75.803125,2,0,45.55,1201.6,0
0454-OKRCT,Palo Alto,Male,No,No,No,33,Two year,Bank transfer (automatic),80.6,2651.1,No,80,,0,80.33636363636363,0,0,56.8,2659.7999999999997,1
5787-KXGIY,Palo Alto,Male,No,Yes,No,72,Two year,Credit card (automatic),19.3,1304.8,No,42,,0,18.12222222222222,0,0,45.65,1389.6000000000001,0
4198-VFOEA,Stanford,Female,No,No,No,12,One year,Mailed check,33.6,435.45,No,30,,0,36.2875,1,0,22.8,403.20000000000005,0
6630-UJZMY,Palo Alto,Female,Yes,Yes,No,4,Month-to-month,Electronic check,83.25,308.05,No,37,,0,77.0125,2,1,43.625,333,0
2692-AQCPF,San Mateo,Female,No,Yes,No,65,One year,Credit card (automatic),108.05,7118.9,No,69,,0,109.52153846153846,1,0,86.525,7023.25,1
0347-UBKUZ,San Mateo,Female,No,No,No,15,Month-to-month,Mailed check,19.9,320.45,No,29,,0,21.363333333333333,2,0,17.45,298.5,0
0835-DUUIQ,Alameda,Female,No,No,No,24,One year,Bank transfer (automatic),21.05,531.55,No,63,,0,22.147916666666664,1,0,22.525,505.20000000000005,0
0811-GSDTP,Alameda,Female,No,No,Yes,13,Month-to-month,Electronic check,30.15,382.2,No,22,,0,29.4,2,1,21.575,391.95,0
7567-ECMCM,Danville,Male,No,No,No,24,Month-to-month,Credit card (automatic),79.85,2001,No,43,,0,83.375,2,0,51.925,1916.3999999999999,0
6115-ZTBFQ,Alamo,Female,No,Yes,No,72,Two year,Bank transfer (automatic),65.5,4919.7,No,25,,0,68.32916666666667,0,0,68.75,4716,1
6353-BRMMA,Angwin,Female,No,Yes,Yes,54,Month-to-month,Bank transfer (automatic),104.1,5645.8,No,57,,0,104.55185185185185,2,0,79.05,5621.4,1
6231-WFGFH,Benicia,Male,No,Yes,Yes,4,Month-to-month,Mailed check,20.5,77.6,No,34,,0,19.4,2,0,12.25,82,0
9904-EHEVJ,Bethel Island,Female,Yes,Yes,Yes,32,Month-to-month,Mailed check,91.35,2896.55,No,35,,0,90.5171875,2,0,61.675,2923.2,1
6169-PPETC,Brentwood,Male,No,Yes,Yes,35,Two year,Bank transfer (automatic),20.5,759.35,No,38,,0,21.695714285714285,0,0,27.75,717.5,0
8584-KMVXD,Calistoga,Female,No,No,No,8,Month-to-month,Electronic check,75.6,535.55,No,31,,0,66.94375,2,1,41.8,604.8,0
8467-WYNSR,Clayton,Male,No,No,No,22,Month-to-month,Mailed check,55.1,1253.15,No,62,,0,56.96136363636364,2,0,38.55,1212.2,0
0851-DFJKB,Concord,Female,No,No,No,15,Month-to-month,Electronic check,58.95,955.15,No,55,,0,63.67666666666666,2,1,36.975,884.25,0
5382-SOYZL,Concord,Male,No,No,No,22,Month-to-month,Electronic check,95.1,2162.6,No,61,,0,98.3,2,1,58.55,2092.2,1
3261-CQXOL,Concord,Female,No,Yes,Yes,71,Two year,Bank transfer (automatic),25.45,1813.35,No,37,,0,25.54014084507042,0,0,48.225,1806.95,0
8388-FYNPZ,Pleasant Hill,Male,No,No,No,4,Month-to-month,Electronic check,56.75,245.15,No,51,,0,61.2875,2,1,30.375,227,0
4002-BQWPQ,Crockett,Male,No,No,No,25,Month-to-month,Bank transfer (automatic),81.75,2028.8,No,61,,0,81.152,2,0,53.375,2043.75,1
5651-YLPRD,Danville,Female,No,Yes,Yes,32,Month-to-month,Electronic check,86.1,2723.75,No,48,,0,85.1171875,2,1,59.05,2755.2,1
2826-DXLQO,El Cerrito,Male,Yes,Yes,No,7,Month-to-month,Bank transfer (automatic),29.8,220.45,No,69,,0,31.49285714285714,2,0,18.4,208.6,0
4378-BZYFP,Fairfield,Male,No,No,No,17,One year,Mailed check,20.5,365.8,No,65,,0,21.51764705882353,1,0,18.75,348.5,0
9489-UTFKA,Travis Afb,Male,Yes,Yes,No,8,Month-to-month,Bank transfer (automatic),60.9,551.95,No,27,,0,68.99375,2,0,34.45,487.2,0
4849-PYRLQ,Fremont,Female,Yes,No,No,56,Two year,Bank transfer (automatic),73.25,4054.2,No,26,,0,72.39642857142857,0,0,64.625,4102,1
7764-BDPEE,Hayward,Male,No,No,Yes,3,Month-to-month,Mailed check,20.85,60.65,No,38,,0,20.216666666666665,2,0,11.925,62.550000000000004,0
3429-IFLEM,Hayward,Female,No,No,No,71,Two year,Credit card (automatic),77.35,5550.1,No,61,,0,78.17042253521127,0,0,74.175,5491.849999999999,1
5002-GCQFH,Hercules,Male,No,Yes,No,49,Month-to-month,Bank transfer (automatic),93.85,4733.1,No,62,,0,96.59387755102041,2,0,71.425,4598.65,1
0556-FJEGU,Lafayette,Male,No,No,No,58,Two year,Bank transfer (automatic),70.1,4048.95,No,58,,0,69.80948275862069,0,0,64.05,4065.7999999999997,1
0604-THJFP,Castro Valley,Female,No,Yes,No,59,Two year,Credit card (automatic),75.95,4542.35,No,46,,0,76.98898305084747,0,0,67.475,4481.05,1
5879-SESNB,Moraga,Female,No,No,No,11,Month-to-month,Electronic check,75.25,888.65,No,75,,0,80.78636363636363,2,1,43.125,827.75,0
6461-PPAXN,Napa,Female,No,Yes,No,35,One year,Bank transfer (automatic),54.95,1916,No,30,,0,54.74285714285714,1,0,44.975,1923.25,0
3318-ISQFQ,Newark,Female,No,No,No,20,Month-to-month,Bank transfer (automatic),19.5,413,No,28,,0,20.65,2,0,19.75,390,0
1106-HRLKZ,Oakley,Male,No,Yes,Yes,40,Two year,Mailed check,19.6,808.95,No,34,,0,20.223750000000003,0,0,29.8,784,0
2483-XSSMZ,Orinda,Female,No,No,No,39,One year,Electronic check,47.85,1886.4,No,23,,0,48.369230769230775,1,1,43.425,1866.15,0
8165-ZJRNM,Pittsburg,Female,No,Yes,Yes,72,Two year,Bank transfer (automatic),23.75,1679.25,No,67,,0,23.322916666666668,0,0,47.875,1710,0
2604-XVDAM,Pope Valley,Female,No,No,No,12,Month-to-month,Bank transfer (automatic),43.8,540.95,No,26,,0,45.07916666666667,2,0,27.9,525.5999999999999,0
3717-OFRTN,Dublin,Male,No,No,No,1,Month-to-month,Bank transfer (automatic),19.75,19.75,No,43,,0,19.75,2,0,10.375,19.75,0
9046-JBFWA,Port Costa,Male,No,No,Yes,27,Month-to-month,Mailed check,19.15,537.35,No,51,,0,19.901851851851852,2,0,23.075,517.05,0
3280-NMUVX,Rio Vista,Male,No,Yes,No,34,One year,Credit card (automatic),19.6,678.8,No,33,,0,19.96470588235294,1,0,26.8,666.4000000000001,0
1206-EHBDD,Rodeo,Female,No,Yes,No,56,Two year,Bank transfer (automatic),80.3,4513.65,No,67,,0,80.60089285714285,0,0,68.15,4496.8,1
8361-LBRDI,Saint Helena,Female,No,No,No,58,Two year,Credit card (automatic),24.35,1423.85,No,51,,0,24.54913793103448,0,0,41.175,1412.3000000000002,0
4883-KCPZJ,Deer Park,Female,No,Yes,Yes,22,Two year,Credit card (automatic),25.25,555.4,No,75,,0,25.245454545454546,0,0,23.625,555.5,0
9108-EQPNQ,San Leandro,Female,No,Yes,Yes,10,Two year,Credit card (automatic),26.1,225.55,No,63,,0,22.555,0,0,18.05,261,0
7277-KAMWT,San Leandro,Male,No,No,No,13,Two year,Credit card (automatic),20,268.45,No,63,,0,20.65,0,0,16.5,260,0
8711-LOBKY,Navarro,Male,No,Yes,Yes,59,Two year,Mailed check,19.85,1188.25,No,59,,0,20.139830508474578,0,0,39.425,1171.15,0
2545-LXYVJ,Suisun City,Male,No,Yes,No,72,Two year,Bank transfer (automatic),20.7,1492.1,No,55,,0,20.72361111111111,0,0,46.35,1490.3999999999999,0
3234-VKACU,Sunol,Male,No,No,No,2,Month-to-month,Electronic check,70.3,132.4,No,27,,0,66.2,2,1,36.15,140.6,0
8120-JDCAM,Vallejo,Male,No,Yes,Yes,4,Month-to-month,Mailed check,69.55,284.9,No,44,,0,71.225,2,0,36.775,278.2,0
8917-FAEMR,Vallejo,Female,No,No,No,37,Two year,Mailed check,19.85,784.25,No,27,,0,21.195945945945947,0,0,28.425,734.45,0
7047-YXDMZ,Vallejo,Male,No,No,No,21,Month-to-month,Mailed check,20,417.7,No,47,,0,19.89047619047619,2,0,20.5,420,0
2858-EIMXH,Vallejo,Female,Yes,Yes,No,53,One year,Credit card (automatic),95.85,5016.25,No,65,,0,94.64622641509433,1,0,74.425,5080.049999999999,1
6419-ZTTLE,Yountville,Male,Yes,Yes,No,23,One year,Electronic check,20.75,485.2,No,45,,0,21.09565217391304,1,1,21.875,477.25,0
0929-HYQEW,Oakland,Male,No,No,No,3,Month-to-month,Mailed check,50.15,160.85,No,23,,0,53.61666666666667,2,0,26.575,150.45,0
7426-RHZGU,Oakland,Male,No,No,No,9,Month-to-month,Bank transfer (automatic),95.9,827.45,No,66,,0,91.9388888888889,2,0,52.45,863.1,0
4065-JJAVA,Oakland,Female,No,No,No,1,Month-to-month,Electronic check,49.5,49.5,No,59,,0,49.5,2,1,25.25,49.5,0
7649-SIJJF,Emeryville,Male,No,Yes,No,71,Two year,Mailed check,80.1,5585.4,No,37,,0,78.66760563380281,0,0,75.55,5687.099999999999,1
9361-YNQWJ,Oakland,Female,No,No,No,64,One year,Bank transfer (automatic),24.4,1601.2,No,24,,0,25.01875,1,0,44.2,1561.6,0
3748-FVMZZ,Oakland,Male,No,No,No,4,Month-to-month,Electronic check,40.05,162.45,No,57,,0,40.6125,2,1,22.025,160.2,0
9391-TTOYH,Oakland,Female,No,No,No,23,Month-to-month,Mailed check,19.5,470.2,No,42,,0,20.443478260869565,2,0,21.25,448.5,0
1452-XRSJV,Oakland,Female,No,Yes,Yes,39,Month-to-month,Credit card (automatic),51.05,2066,No,63,,0,52.97435897435897,2,0,45.025,1990.9499999999998,0
8242-SOQUO,Oakland,Female,Yes,No,No,5,Month-to-month,Electronic check,84.7,392.5,No,54,,0,78.5,2,1,44.85,423.5,0
7460-ITWWP,Oakland,Female,Yes,Yes,No,45,Month-to-month,Electronic check,86.1,3861.45,No,41,,0,85.81,2,1,65.55,3874.4999999999995,1
7147-AYBAA,Berkeley,Male,No,No,No,37,Month-to-month,Mailed check,70.35,2552.9,No,32,,0,68.9972972972973,2,0,53.675,2602.95,1
7868-TMWMZ,Berkeley,Female,Yes,Yes,No,60,Two year,Bank transfer (automatic),110,6668.35,No,59,,0,111.13916666666667,0,0,85,6600,1
6732-FZUGP,Berkeley,Female,No,No,No,47,One year,Credit card (automatic),94.9,4615.25,No,52,,0,98.19680851063829,1,0,70.95,4460.3,1
8329-GWVPJ,Berkeley,Female,No,Yes,Yes,50,Month-to-month,Bank transfer (automatic),69.75,3557.7,No,64,,0,71.154,2,0,59.875,3487.5,1
1352-VHKAJ,Berkeley,Male,No,Yes,Yes,27,Month-to-month,Bank transfer (automatic),71.6,1957.1,No,52,,0,72.48518518518519,2,0,49.3,1933.1999999999998,0
2632-TACXW,Richmond,Female,No,Yes,No,62,Two year,Bank transfer (automatic),23.65,1416.75,No,21,,0,22.850806451612904,0,0,42.825,1466.3,0
8146-QQKZH,El Sobrante,Female,No,Yes,No,71,Two year,Bank transfer (automatic),81.85,5924.4,No,78,,0,83.44225352112676,0,0,76.425,5811.349999999999,1
6445-TNRXS,Richmond,Male,No,Yes,Yes,68,Two year,Bank transfer (automatic),114.7,7849.85,No,59,,0,115.43897058823529,0,0,91.35,7799.6,1
4581-LNWUM,San Pablo,Female,No,No,No,13,Month-to-month,Electronic check,49.15,649.4,No,78,,0,49.95384615384615,2,1,31.075,638.9499999999999,0
4869-EPIUS,San Rafael,Male,No,Yes,No,56,One year,Electronic check,80.9,4557.5,No,56,,0,81.38392857142857,1,1,68.45,4530.400000000001,1
1915-OAKWD,Belvedere Tiburon,Female,No,No,No,16,One year,Bank transfer (automatic),19.3,360.35,No,48,,0,22.521875,1,0,17.65,308.8,0
7296-PIXQY,Bodega,Female,No,Yes,Yes,14,Month-to-month,Electronic check,70.2,1046.5,No,25,,0,74.75,2,1,42.1,982.8000000000001,0
3354-OADJP,Bolinas,Female,No,No,No,8,One year,Bank transfer (automatic),54.25,447.75,No,69,,0,55.96875,1,0,31.125,434,0
3524-WQDSG,Corte Madera,Female,No,Yes,Yes,43,Month-to-month,Bank transfer (automatic),99.3,4209.95,No,73,,0,97.90581395348836,2,0,71.15,4269.9,1
0810-DHDBD,Rohnert Park,Female,No,No,No,52,One year,Credit card (automatic),74,3877.65,No,39,,0,74.57019230769231,1,0,63,3848,1
4026-SKKHW,Dillon Beach,Male,No,No,No,3,Month-to-month,Mailed check,50.25,152.3,No,76,,0,50.76666666666667,2,0,26.625,150.75,0
2829-HYVZP,Fairfax,Male,No,No,No,29,One year,Mailed check,19.8,572.2,No,69,,0,19.731034482758623,1,0,24.4,574.2,0
3845-JHAMY,Inverness,Female,No,Yes,Yes,16,Month-to-month,Credit card (automatic),35.5,552.7,No,25,,0,34.54375,2,0,25.75,568,0
7013-PSXHK,Lagunitas,Female,No,No,No,40,One year,Mailed check,80.75,3208.65,No,27,,0,80.21625,1,0,60.375,3230,1
3486-NPGST,Mill Valley,Female,No,No,No,36,One year,Mailed check,19.55,620.75,No,47,,0,17.243055555555557,1,0,27.775,703.8000000000001,0
6100-FJZDG,Olema,Male,No,Yes,No,26,One year,Bank transfer (automatic),20.05,505.9,No,29,,0,19.457692307692305,1,0,23.025,521.3000000000001,0
4829-ZLJTK,Penngrove,Female,Yes,Yes,No,72,Two year,Electronic check,112.4,8046.85,No,37,,0,111.76180555555555,0,1,92.2,8092.8,1
1730-VFMWO,Petaluma,Female,No,Yes,No,34,Month-to-month,Bank transfer (automatic),50.2,1815.3,No,54,,0,53.391176470588235,2,0,42.1,1706.8000000000002,0
7143-BQIBA,Petaluma,Male,No,No,No,10,Month-to-month,Bank transfer (automatic),62.25,612.95,No,76,,0,61.295,2,0,36.125,622.5,0
3800-LYTRK,Point Reyes Station,Female,No,No,No,14,One year,Mailed check,55.7,795.15,No,57,,0,56.79642857142857,1,0,34.85,779.8000000000001,0
9646-NMHXE,San Geronimo,Male,No,Yes,No,47,Two year,Mailed check,19.65,973.1,No,77,,0,20.70425531914894,0,0,33.325,923.55,0
7030-NJVDP,San Quentin,Male,No,Yes,No,24,Month-to-month,Electronic check,89.25,2210.2,No,77,,0,92.09166666666665,2,1,56.625,2142,1
8883-GRDWQ,Stinson Beach,Male,Yes,No,No,20,One year,Mailed check,54,1055.9,No,20,,0,52.795,1,0,37,1080,0
7771-ZONAT,Woodacre,Male,No,No,No,22,Two year,Bank transfer (automatic),56.75,1304.85,No,55,,0,59.31136363636363,0,0,39.375,1248.5,0
2111-DWYHN,Aptos,Male,No,No,No,1,Month-to-month,Mailed check,21.1,21.1,No,52,,0,21.1,2,0,11.05,21.1,0
4194-WHFCB,Aromas,Female,No,Yes,Yes,59,Month-to-month,Bank transfer (automatic),96.65,5580.8,No,52,,0,94.58983050847458,2,0,77.825,5702.35,1
4121-AGSIN,Ben Lomond,Female,No,Yes,No,58,One year,Credit card (automatic),24.5,1497.9,No,47,,0,25.82586206896552,1,0,41.25,1421,0
9845-PEEKO,Brookdale,Female,Yes,No,No,59,Two year,Credit card (automatic),79.2,4590.35,No,25,,0,77.80254237288136,0,0,69.1,4672.8,1
0455-XFASS,Campbell,Female,No,Yes,Yes,3,Month-to-month,Electronic check,69.55,200.2,No,59,,0,66.73333333333333,2,1,36.275,208.64999999999998,0
0301-KOBTQ,Capitola,Male,No,No,No,32,Two year,Bank transfer (automatic),20.05,614.45,No,20,,0,19.2015625,0,0,26.025,641.6,0
1751-NCDLI,Castroville,Male,Yes,Yes,No,46,Month-to-month,Electronic check,98.85,4564.9,No,41,,0,99.23695652173912,2,1,72.425,4547.099999999999,1
9170-ARBTB,Felton,Female,No,Yes,No,52,One year,Credit card (automatic),19.6,1012.4,No,37,,0,19.46923076923077,1,0,35.8,1019.2,0
7241-AJHFS,Hollister,Male,No,No,No,32,Month-to-month,Bank transfer (automatic),87.65,2766.4,No,66,,0,86.45,2,0,59.825,2804.8,1
4546-FOKWR,Los Gatos,Female,No,No,No,16,Month-to-month,Credit card (automatic),74.75,1129.35,No,27,,0,70.584375,2,0,45.375,1196,0
9036-CSKBW,Los Gatos,Female,No,No,No,51,One year,Bank transfer (automatic),107.45,5680.9,No,24,,0,111.39019607843136,1,0,79.225,5479.95,1
5832-TRLPB,Milpitas,Male,No,No,No,29,One year,Bank transfer (automatic),75.35,2243.9,No,77,,0,77.37586206896552,1,0,52.175,2185.1499999999996,1
8590-YFFQO,Morgan Hill,Male,No,Yes,No,70,Two year,Credit card (automatic),64.95,4523.25,No,78,,0,64.61785714285715,0,0,67.475,4546.5,1
8659-IOOPU,Moss Landing,Female,No,Yes,Yes,71,Two year,Electronic check,100.45,7159.7,No,34,,0,100.84084507042253,0,1,85.725,7131.95,1
1338-CECEE,Mount Hermon,Male,No,Yes,No,41,One year,Bank transfer (automatic),68.5,2839.95,No,54,,0,69.2670731707317,1,0,54.75,2808.5,1
7439-DKZTW,Paicines,Male,No,No,No,1,Month-to-month,Electronic check,80.55,80.55,No,21,,0,80.55,2,1,40.775,80.55,0
4646-QZXTF,San Juan Bautista,Female,No,Yes,No,7,Month-to-month,Bank transfer (automatic),81.25,580.1,No,57,,0,82.87142857142858,2,0,44.125,568.75,0
9742-XOKTS,Santa Clara,Male,No,Yes,Yes,67,One year,Electronic check,89.55,6038.55,No,69,,0,90.12761194029851,1,1,78.275,5999.849999999999,1
6921-OZMFH,Santa Clara,Male,No,Yes,Yes,5,Month-to-month,Mailed check,55.7,259.4,No,46,,0,51.879999999999995,2,0,30.35,278.5,0
9578-FOMUK,Santa Clara,Male,No,No,Yes,15,Month-to-month,Electronic check,24.8,324.15,No,57,,0,21.61,2,1,19.9,372,0
4712-UYOOI,Santa Cruz,Female,No,Yes,Yes,20,Month-to-month,Electronic check,20,417.65,No,70,,0,20.8825,2,1,20,400,0
7722-CVFXN,Santa Cruz,Male,No,Yes,Yes,54,One year,Electronic check,105.2,5637.85,No,68,,0,104.40462962962964,1,1,79.6,5680.8,1
8717-VCTXJ,Santa Cruz,Male,No,No,No,42,One year,Mailed check,19.55,839.4,No,43,,0,19.985714285714284,1,0,30.775,821.1,0
7363-QTBIW,Scotts Valley,Female,No,Yes,No,9,Month-to-month,Electronic check,79.75,769.1,No,62,,0,85.45555555555556,2,1,44.375,717.75,0
4159-NAAIX,Saratoga,Female,No,No,No,63,Two year,Bank transfer (automatic),97.45,6253,No,67,,0,99.25396825396825,0,0,80.225,6139.35,1
0971-QIFJK,Soquel,Female,No,Yes,No,69,Two year,Bank transfer (automatic),24.25,1641.8,No,21,,0,23.794202898550726,0,0,46.625,1673.25,0
9397-TZSHA,Watsonville,Female,No,No,No,69,Two year,Credit card (automatic),24.6,1678.05,No,66,,0,24.319565217391304,0,0,46.8,1697.4,0
3391-JSQEW,San Jose,Male,No,Yes,No,40,Month-to-month,Mailed check,50.15,2058.5,No,71,,0,51.4625,2,0,45.075,2006,1
0343-QLUZP,San Jose,Male,No,No,No,60,Two year,Bank transfer (automatic),39.6,2424.5,No,32,,0,40.40833333333333,0,0,49.8,2376,1
2176-LVPNX,San Jose,Female,Yes,No,No,71,Two year,Mailed check,89.85,6293.45,No,33,,0,88.64014084507042,0,0,80.425,6379.349999999999,1
3312-UUMZW,San Jose,Male,No,Yes,No,32,Month-to-month,Credit card (automatic),98.85,3145.9,No,61,,0,98.309375,2,0,65.425,3163.2,1
1271-UODNO,San Jose,Male,No,No,No,39,Two year,Credit card (automatic),53.85,2200.7,No,79,,0,56.42820512820512,0,0,46.425,2100.15,1
8461-EFQYM,San Jose,Female,No,No,No,38,One year,Electronic check,24.25,914.4,No,23,,0,24.063157894736843,1,1,31.125,921.5,0
6900-RBKER,San Jose,Male,No,No,No,52,Two year,Credit card (automatic),89.45,4577.75,No,35,,0,88.03365384615384,0,0,70.725,4651.400000000001,1
6891-JPYFF,San Jose,Female,No,Yes,Yes,48,Month-to-month,Credit card (automatic),105.25,4997.5,No,79,,0,104.11458333333333,2,0,76.625,5052,1
2272-JKMSI,Roseville,Female,No,Yes,Yes,62,One year,Electronic check,110.8,6840.95,No,49,,0,110.33790322580644,1,1,86.4,6869.599999999999,1
1459-QNFQT,San Jose,Male,No,Yes,No,70,Two year,Bank transfer (automatic),59.5,4144.8,No,27,,0,59.21142857142858,0,0,64.75,4165,1
1047-NNCBF,San Jose,Male,No,No,No,20,Month-to-month,Credit card (automatic),70.55,1493.55,No,59,,0,74.6775,2,0,45.275,1411,0
3696-XRIEN,San Jose,Female,No,No,No,50,One year,Credit card (automatic),82.5,4179.1,No,71,,0,83.58200000000001,1,0,66.25,4125,1
0074-HDKDG,San Jose,Male,No,Yes,No,25,One year,Bank transfer (automatic),61.6,1611,No,66,,0,64.44,1,0,43.3,1540,0
8791-GFXLZ,San Jose,Male,No,No,No,12,Month-to-month,Bank transfer (automatic),49.05,593.05,No,70,,0,49.42083333333333,2,0,30.525,588.5999999999999,0
9330-DHBFL,San Jose,Female,No,Yes,No,23,One year,Mailed check,66.25,1533.8,No,22,,0,66.68695652173913,1,0,44.625,1523.75,0
0098-BOWSO,San Jose,Male,No,No,No,27,Month-to-month,Electronic check,19.4,529.8,No,39,,0,19.62222222222222,2,1,23.2,523.8,0
3452-ABWRL,San Jose,Male,Yes,No,No,47,Month-to-month,Credit card (automatic),86.05,3865.6,No,69,,0,82.2468085106383,2,0,66.525,4044.35,1
5859-HZYLF,San Jose,Male,No,Yes,Yes,26,Two year,Credit card (automatic),19.15,515.75,No,58,,0,19.83653846153846,0,0,22.575,497.9,0
3156-QLHBO,San Jose,Male,No,No,Yes,2,Month-to-month,Mailed check,19.25,48.35,No,45,,0,24.175,2,0,10.625,38.5,0
2208-NQBCT,San Jose,Female,No,Yes,Yes,26,Month-to-month,Electronic check,81.95,2070.05,No,72,,0,79.6173076923077,2,1,53.975,2130.7000000000003,1
1779-PWPMG,San Jose,Female,Yes,Yes,No,72,Two year,Bank transfer (automatic),114.65,8333.95,No,29,,0,115.74930555555557,0,0,93.325,8254.800000000001,1
6621-NRZAK,Mount Hamilton,Female,No,Yes,Yes,63,Two year,Credit card (automatic),20,1209.25,No,56,,0,19.194444444444443,0,0,41.5,1260,0
0831-JNISG,San Jose,Male,No,Yes,Yes,71,Two year,Mailed check,19.8,1396.25,No,20,,0,19.66549295774648,0,0,45.4,1405.8,0
0774-IFUVM,Stockton,Male,No,Yes,Yes,11,Month-to-month,Bank transfer (automatic),65.15,723.35,No,42,,0,65.75909090909092,2,0,38.075,716.6500000000001,0
3082-WQRVY,Stockton,Male,Yes,Yes,No,14,One year,Mailed check,19.65,228.65,No,66,,0,16.33214285714286,1,0,16.825,275.09999999999997,0
9553-DLCLU,Stockton,Female,No,No,No,13,Two year,Credit card (automatic),88.95,1161.75,No,27,,0,89.36538461538461,0,0,50.975,1156.3500000000001,0
1641-BYBTK,Stockton,Male,No,No,Yes,6,Month-to-month,Mailed check,20.2,98.35,No,75,,0,16.391666666666666,2,0,13.1,121.19999999999999,0
2460-NGXBJ,Stockton,Male,Yes,Yes,Yes,11,Month-to-month,Credit card (automatic),75.2,775.3,No,28,,0,70.48181818181818,2,0,43.1,827.2,0
2446-ZKVAF,Stockton,Male,No,Yes,No,18,Month-to-month,Credit card (automatic),56.8,1074.65,No,59,,0,59.70277777777778,2,0,37.4,1022.4,0
3522-CDKHF,Stockton,Female,No,Yes,No,32,Month-to-month,Bank transfer (automatic),75.5,2324.7,No,76,,0,72.646875,2,0,53.75,2416,1
1430-SFQSA,Stockton,Male,No,No,No,29,One year,Mailed check,35.6,1072.6,No,74,,0,36.98620689655172,1,0,32.3,1032.4,0
0411-EZJZE,Stockton,Female,No,No,No,3,Month-to-month,Electronic check,60.25,170.5,No,31,,0,56.833333333333336,2,1,31.625,180.75,0
8807-ARQET,Angels Camp,Female,No,No,No,41,Month-to-month,Electronic check,40.35,1677.85,No,79,,0,40.923170731707316,2,1,40.675,1654.3500000000001,0
8992-CEUEN,Arnold,Female,No,No,No,1,Month-to-month,Electronic check,18.85,18.85,No,37,,0,18.85,2,1,9.925,18.85,0
4320-QMLLA,Avery,Male,No,No,No,7,Month-to-month,Mailed check,54.85,370.4,No,20,,0,52.91428571428571,2,0,30.925,383.95,0
8777-PVYGU,Burson,Female,No,Yes,No,52,One year,Mailed check,64.3,3410.6,No,73,,0,65.58846153846153,1,0,58.15,3343.6,1
8292-ITGYJ,Campo Seco,Female,No,Yes,Yes,45,Two year,Bank transfer (automatic),24.65,1138.8,No,67,,0,25.306666666666665,0,0,34.825,1109.25,0
6870-ZWMNX,Clements,Male,No,Yes,No,70,Two year,Credit card (automatic),76.1,5264.25,No,67,,0,75.20357142857142,0,0,73.05,5327,1
0621-CXBKL,Copperopolis,Female,No,No,No,53,Two year,Mailed check,18.7,1005.7,No,54,,0,18.975471698113207,0,0,35.85,991.0999999999999,0
5268-DSMNQ,Farmington,Female,Yes,Yes,No,62,One year,Credit card (automatic),97.95,5936.55,No,50,,0,95.7508064516129,1,0,79.975,6072.900000000001,1
5334-JLAXU,French Camp,Female,No,Yes,No,60,Month-to-month,Credit card (automatic),94.1,5475.9,No,62,,0,91.265,2,0,77.05,5646,1
6242-MBHPK,Hathaway Pines,Female,Yes,Yes,No,23,Month-to-month,Electronic check,95.1,2326.05,No,66,,0,101.13260869565218,2,1,59.05,2187.2999999999997,1
9359-UGBTK,Lockeford,Female,No,No,No,67,One year,Bank transfer (automatic),72.35,4991.5,No,50,,0,74.5,1,0,69.675,4847.45,1
4782-OSFXZ,Lodi,Female,Yes,Yes,No,71,Two year,Bank transfer (automatic),82.7,5831.2,No,20,,0,82.12957746478872,0,0,76.85,5871.7,1
6479-OAUSD,Mokelumne Hill,Male,No,No,No,25,One year,Credit card (automatic),19.9,510.8,No,22,,0,20.432000000000002,1,0,22.45,497.49999999999994,0
7129-ACFOG,Mountain Ranch,Female,No,No,No,5,Month-to-month,Electronic check,53.8,283.95,No,78,,0,56.79,2,1,29.4,269,0
4189-NAKJS,Murphys,Male,No,No,No,26,One year,Credit card (automatic),51.55,1295.4,No,36,,0,49.823076923076925,1,0,38.775,1340.3,0
5562-BETPV,San Andreas,Male,No,Yes,No,1,One year,Mailed check,19.65,19.65,No,53,,0,19.65,1,0,10.325,19.65,0
1282-IHQAC,Sheep Ranch,Male,Yes,No,No,70,One year,Credit card (automatic),44.05,3011.65,No,68,,0,43.02357142857143,1,0,57.025,3083.5,1
9127-FHJBZ,Vallecito,Male,No,Yes,Yes,72,Two year,Electronic check,114,8093.15,No,29,,0,112.4048611111111,0,1,93,8208,1
1641-RQDAY,Wallace,Female,Yes,Yes,Yes,32,Month-to-month,Electronic check,100.4,3217.65,No,59,,0,100.5515625,2,1,66.2,3212.8,1
6994-ORCWG,Wilseyville,Female,No,No,No,14,One year,Mailed check,54.25,773.2,No,44,,0,55.228571428571435,1,0,34.125,759.5,0
1346-UFHAX,Woodbridge,Female,No,No,No,13,Month-to-month,Credit card (automatic),80,1029.35,No,78,,0,79.18076923076923,2,0,46.5,1040,0
2933-XEUJM,Ballico,Female,No,No,No,46,Two year,Mailed check,79.2,3593.8,No,63,,0,78.12608695652175,0,0,62.6,3643.2000000000003,1
5461-QKNTN,Catheys Valley,Male,Yes,Yes,No,43,Month-to-month,Electronic check,94.3,3953.15,No,63,,0,91.93372093023255,2,1,68.65,4054.9,1
4835-YSJMR,Ceres,Male,No,No,No,39,Two year,Bank transfer (automatic),49.8,1971.15,No,51,,0,50.542307692307695,0,0,44.4,1942.1999999999998,0
3164-YAXFY,Coulterville,Male,No,No,No,57,Month-to-month,Electronic check,53.75,3196,No,58,,0,56.07017543859649,2,1,55.375,3063.75,1
0887-WBJVH,Cressey,Female,No,Yes,No,53,One year,Electronic check,93.45,4872.2,No,20,,0,91.92830188679245,1,1,73.225,4952.85,1
4660-IRIBM,Crows Landing,Male,No,Yes,Yes,18,Month-to-month,Mailed check,87.9,1500.5,No,33,,0,83.36111111111111,2,0,52.95,1582.2,0
7670-ZBPOQ,Denair,Female,No,Yes,No,58,One year,Bank transfer (automatic),61.05,3478.75,No,46,,0,59.97844827586207,1,0,59.525,3540.8999999999996,1
8089-UZWLX,El Nido,Female,Yes,No,No,71,Two year,Bank transfer (automatic),104.05,7413.55,No,70,,0,104.41619718309859,0,0,87.525,7387.55,1
0080-OROZO,El Portal,Female,No,No,No,35,One year,Electronic check,99.25,3532,No,36,,0,100.91428571428571,1,1,67.125,3473.75,1
3916-NRPAP,Escalon,Male,No,No,No,3,Month-to-month,Credit card (automatic),85.7,256.75,No,33,,0,85.58333333333333,2,0,44.35,257.1,0
6807-SIWJI,Groveland,Male,No,No,No,38,One year,Electronic check,104.85,3887.25,No,35,,0,102.29605263157895,1,1,71.425,3984.2999999999997,1
8221-HVAYI,Gustine,Male,No,Yes,No,35,Two year,Credit card (automatic),69.15,2490.15,No,61,,0,71.14714285714285,0,0,52.075,2420.25,1
5232-NXPAY,Hilmar,Female,No,No,No,47,Two year,Mailed check,74.45,3510.3,No,55,,0,74.6872340425532,0,0,60.725,3499.15,1
8967-SZQAS,Hornitos,Female,No,No,No,14,Month-to-month,Electronic check,50.45,765.45,No,48,,0,54.675000000000004,2,1,32.225,706.3000000000001,0
4468-KAZHE,Hughson,Female,Yes,Yes,No,20,Month-to-month,Electronic check,60,1259.35,No,37,,0,62.967499999999994,2,1,40,1200,0
0455-ENTCR,Jamestown,Male,No,Yes,No,66,Two year,Electronic check,85.25,5538.35,No,38,,0,83.91439393939395,0,1,75.625,5626.5,1
8944-AILEF,Keyes,Male,No,Yes,No,15,Month-to-month,Credit card (automatic),19.45,340.85,No,67,,0,22.723333333333336,2,0,17.225,291.75,0
5542-NKVRU,La Grange,Female,No,No,No,42,Two year,Bank transfer (automatic),20.75,844.45,No,57,,0,20.10595238095238,0,0,31.375,871.5,0
7126-RBHSD,Lathrop,Female,No,Yes,No,17,Month-to-month,Electronic check,78.9,1348.95,No,38,,0,79.35000000000001,2,1,47.95,1341.3000000000002,0
5370-IIVVL,Le Grand,Male,No,No,No,37,One year,Credit card (automatic),104.5,3778,No,21,,0,102.10810810810811,1,0,70.75,3866.5,1
6789-HJBWG,Livingston,Female,No,No,No,12,Month-to-month,Electronic check,49.4,611.65,No,70,,0,50.97083333333333,2,1,30.7,592.8,0
9087-EYCPR,Manteca,Female,No,No,No,60,Two year,Mailed check,25,1505.05,No,24,,0,25.084166666666665,0,0,42.5,1500,0
6791-YBNAK,Manteca,Male,No,Yes,Yes,18,Month-to-month,Credit card (automatic),25.55,467.85,No,28,,0,25.991666666666667,2,0,21.775,459.90000000000003,0
6077-BDPXA,Merced,Female,No,No,No,3,Month-to-month,Electronic check,70.15,194.2,No,26,,0,64.73333333333333,2,1,36.575,210.45000000000002,0
0013-MHZWF,Midpines,Female,No,No,Yes,9,Month-to-month,Credit card (automatic),69.4,571.45,No,55,,0,63.49444444444445,2,0,39.2,624.6,0
8268-YDIXR,Merced,Male,No,Yes,No,56,One year,Electronic check,93.15,5253.95,No,56,,0,93.82053571428571,1,1,74.575,5216.400000000001,1
4291-SHSBH,Modesto,Male,No,No,No,7,Month-to-month,Electronic check,69.55,521.35,No,71,,0,74.47857142857143,2,1,38.275,486.84999999999997,0
6980-IMXXE,Modesto,Female,No,Yes,Yes,69,Two year,Bank transfer (automatic),20.2,1412.65,No,34,,0,20.473188405797103,0,0,44.6,1393.8,0
0040-HALCW,Modesto,Male,No,Yes,Yes,54,Two year,Credit card (automatic),20.4,1090.6,No,60,,0,20.196296296296296,0,0,37.2,1101.6,0
0784-GTUUK,Newman,Male,No,Yes,No,62,One year,Credit card (automatic),23.75,1446.8,No,66,,0,23.335483870967742,1,0,42.875,1472.5,0
2294-DMMUS,Patterson,Female,No,Yes,Yes,62,Month-to-month,Credit card (automatic),70.45,4300.45,No,37,,0,69.36209677419355,2,0,66.225,4367.900000000001,1
0872-JCPIB,Pinecrest,Male,No,No,No,17,Month-to-month,Bank transfer (automatic),65.75,1111.2,No,63,,0,65.36470588235295,2,0,41.375,1117.75,0
3055-MJDSB,Planada,Male,No,No,No,9,Month-to-month,Mailed check,24.6,190.1,No,49,,0,21.12222222222222,2,0,16.8,221.4,0
9091-WTUUY,Ripon,Male,No,Yes,No,64,Two year,Mailed check,69.25,4447.75,No,25,,0,69.49609375,0,0,66.625,4432,1
7115-IRDHS,Sonora,Female,No,Yes,No,72,Two year,Bank transfer (automatic),24.65,1830.05,No,66,,0,25.41736111111111,0,0,48.325,1774.8,0
8496-DMZUK,Soulsbyville,Male,No,No,No,30,One year,Bank transfer (automatic),90.4,2820.65,No,78,,0,94.02166666666668,1,0,60.2,2712,1
2040-VZIKE,Stevinson,Female,No,Yes,No,49,Month-to-month,Mailed check,100.85,4847.35,No,53,,0,98.92551020408165,2,0,74.925,4941.65,1
9068-VPWQQ,Tracy,Male,No,Yes,No,61,Two year,Credit card (automatic),75.35,4729.3,No,35,,0,77.52950819672131,0,0,68.175,4596.349999999999,1
0178-SZBHO,Tuolumne,Male,No,Yes,Yes,47,Month-to-month,Electronic check,87.2,4017.45,No,76,,0,85.47765957446808,2,1,67.1,4098.400000000001,1
0384-RVBPI,Turlock,Male,No,No,No,20,Month-to-month,Credit card (automatic),64.4,1398.6,No,80,,0,69.92999999999999,2,0,42.2,1288,0
1299-AURJA,Twain Harte,Female,No,Yes,Yes,70,Two year,Bank transfer (automatic),24.7,1685.9,No,59,,0,24.084285714285716,0,0,47.35,1729,0
4525-VZCZG,Vernalis,Male,No,No,Yes,54,One year,Electronic check,105.85,5826.65,No,35,,0,107.90092592592592,1,1,79.925,5715.9,1
1543-LLLFT,Waterford,Male,Yes,Yes,No,61,One year,Mailed check,98.3,6066.55,No,74,,0,99.4516393442623,1,0,79.65,5996.3,1
2788-CJQAQ,Winton,Male,No,No,No,13,One year,Mailed check,19.45,270.2,No,37,,0,20.784615384615385,1,0,16.225,252.85,0
0319-QZTCO,Santa Rosa,Female,No,Yes,Yes,3,Month-to-month,Credit card (automatic),58.7,168.6,No,52,,0,56.199999999999996,2,0,30.85,176.10000000000002,0
2120-SMPEX,Santa Rosa,Male,No,No,No,25,Month-to-month,Mailed check,20.15,536.35,No,58,,0,21.454,2,0,22.575,503.74999999999994,0
0096-FCPUF,Santa Rosa,Male,No,No,No,30,Month-to-month,Mailed check,64.5,1888.45,No,48,,0,62.94833333333334,2,0,47.25,1935,0
0668-OGMHD,Santa Rosa,Female,No,Yes,No,21,Month-to-month,Electronic check,28.5,629.35,No,77,,0,29.969047619047622,2,1,24.75,598.5,0
6507-ZJSUR,Albion,Male,Yes,Yes,No,23,Month-to-month,Electronic check,90.45,2117.25,No,24,,0,92.05434782608695,2,1,56.725,2080.35,1
9408-HRXRK,Annapolis,Female,No,Yes,Yes,45,Month-to-month,Electronic check,105.15,4730.9,No,22,,0,105.1311111111111,2,1,75.075,4731.75,1
5593-SUAOO,Boonville,Female,No,Yes,Yes,24,One year,Bank transfer (automatic),83.15,2033.05,No,53,,0,84.71041666666666,1,0,53.575,1995.6000000000001,0
6766-HFKLA,Cazadero,Female,No,Yes,No,56,Two year,Bank transfer (automatic),103.2,5744.35,No,34,,0,102.57767857142858,0,0,79.6,5779.2,1
7617-EYGLW,Clearlake Oaks,Male,No,No,No,1,Month-to-month,Electronic check,19.45,19.45,No,64,,0,19.45,2,1,10.225,19.45,0
9220-ZNKJI,Cobb,Female,Yes,Yes,No,55,Two year,Credit card (automatic),88.8,4805.3,No,73,,0,87.36909090909091,0,0,71.9,4884,1
2226-ICFDO,Covelo,Female,No,Yes,No,72,Two year,Credit card (automatic),85.9,6110.75,No,72,,0,84.87152777777777,0,0,78.95,6184.8,1
0723-VSOBE,Dos Rios,Female,Yes,No,No,45,One year,Electronic check,34.2,1596.6,No,38,,0,35.48,1,1,39.6,1539.0000000000002,0
5529-GIBVH,Duncans Mills,Female,No,No,No,47,Two year,Mailed check,20.15,1046.2,No,74,,0,22.25957446808511,0,0,33.575,947.05,0
4741-WWJQZ,Forestville,Female,No,Yes,No,2,Month-to-month,Electronic check,80.15,194.55,No,26,,0,97.275,2,1,41.075,160.3,0
6625-UTXEW,Fort Bragg,Female,No,Yes,No,12,Month-to-month,Electronic check,51.25,612.1,No,57,,0,51.00833333333333,2,1,31.625,615,0
6244-BESBM,Geyserville,Male,No,Yes,Yes,69,Two year,Credit card (automatic),95.2,6671.7,No,34,,0,96.69130434782609,0,0,82.1,6568.8,1
1004-NOZNR,Glen Ellen,Male,Yes,No,Yes,56,One year,Credit card (automatic),94.8,5264.3,No,59,,0,94.00535714285715,1,0,75.4,5308.8,1
1251-STYSZ,Glenhaven,Female,Yes,No,No,4,Month-to-month,Electronic check,80.25,303.7,No,20,,0,75.925,2,1,42.125,321,0
2612-PHGOX,Graton,Male,No,Yes,No,64,Two year,Bank transfer (automatic),76.1,4818.8,No,26,,0,75.29375,0,0,70.05,4870.4,1
8480-PPONV,Guerneville,Male,No,Yes,Yes,62,Two year,Bank transfer (automatic),115.55,7159.05,No,25,,0,115.46854838709677,0,0,88.775,7164.099999999999,1
8780-IHCRN,Healdsburg,Male,No,Yes,Yes,63,Two year,Credit card (automatic),24.65,1574.5,No,40,,0,24.99206349206349,0,0,43.825,1552.9499999999998,0
4598-ZADCK,Hopland,Female,No,No,No,53,One year,Electronic check,53.6,2879.2,No,28,,0,54.32452830188679,1,1,53.3,2840.8,1
1257-SXUXQ,Jenner,Male,No,Yes,Yes,5,Month-to-month,Mailed check,19.45,86.05,No,79,,0,17.21,2,0,12.225,97.25,0
9681-KYGYB,Kelseyville,Male,Yes,Yes,No,49,Month-to-month,Electronic check,88.2,4159.45,No,24,,0,84.88673469387754,2,1,68.6,4321.8,1
7182-OVLBJ,Kenwood,Female,No,Yes,Yes,62,Two year,Bank transfer (automatic),101.15,6638.35,No,36,,0,107.07016129032259,0,0,81.575,6271.3,1
5095-ETBRJ,Lakeport,Female,No,Yes,No,55,Two year,Mailed check,56.8,3112.05,No,33,,0,56.582727272727276,0,0,55.9,3124,1
7005-CYUIL,Laytonville,Female,Yes,Yes,No,71,Two year,Electronic check,99.4,7168.25,No,29,,0,100.96126760563381,0,1,85.2,7057.400000000001,1
4821-WQOYN,Little River,Female,No,Yes,Yes,72,Two year,Credit card (automatic),20.1,1326.25,No,41,,0,18.42013888888889,0,0,46.05,1447.2,0
4730-AWNAU,Lower Lake,Male,No,Yes,No,36,One year,Credit card (automatic),60.7,2234.55,No,69,,0,62.07083333333334,1,0,48.35,2185.2000000000003,1
3452-FLHYD,Lucerne,Male,No,Yes,No,25,One year,Bank transfer (automatic),20.95,495.15,No,77,,0,19.805999999999997,1,0,22.975,523.75,0
2388-LAESQ,Manchester,Female,Yes,Yes,No,72,Two year,Bank transfer (automatic),114.85,8317.95,No,26,,0,115.52708333333334,0,0,93.425,8269.199999999999,1
9531-NSBMR,Mendocino,Female,No,No,No,36,One year,Bank transfer (automatic),19.25,679.8,No,79,,0,18.883333333333333,1,0,27.625,693,0
6260-ONULR,Middletown,Male,No,No,No,1,Month-to-month,Mailed check,62.8,62.8,No,36,,0,62.8,2,0,31.9,62.8,0
4389-UEFCZ,Monte Rio,Female,No,Yes,No,72,Two year,Electronic check,105.5,7544,No,62,,0,104.77777777777777,0,1,88.75,7596,1
8985-OOPOS,Occidental,Female,No,No,No,1,One year,Credit card (automatic),74.1,74.1,No,23,,0,74.1,1,0,37.55,74.1,0
8800-ZKRFW,Philo,Female,No,Yes,Yes,30,Month-to-month,Electronic check,107.5,3242.5,No,51,,0,108.08333333333333,2,1,68.75,3225,1
2616-FLVQC,Point Arena,Male,No,No,No,64,Two year,Mailed check,19.55,1240.15,No,27,,0,19.37734375,0,0,41.775,1251.2,0
9968-FFVVH,Potter Valley,Male,No,No,No,63,One year,Bank transfer (automatic),68.8,4111.35,No,40,,0,65.25952380952381,1,0,65.9,4334.4,1
3108-PCCGG,Redwood Valley,Male,Yes,Yes,No,72,Two year,Credit card (automatic),84.45,5899.85,No,25,,0,81.94236111111111,0,0,78.225,6080.400000000001,1
8390-FESFV,Sebastopol,Female,No,No,No,62,Two year,Bank transfer (automatic),84.5,5193.2,No,61,,0,83.76129032258065,0,0,73.25,5239,1
3022-BEXHZ,Sonoma,Male,No,Yes,Yes,67,Two year,Bank transfer (automatic),111.2,7530.8,No,71,,0,112.4,0,0,89.1,7450.400000000001,1
6248-TKCQV,Upper Lake,Female,No,Yes,No,70,Two year,Bank transfer (automatic),80.6,5460.2,No,68,,0,78.00285714285714,0,0,75.3,5642,1
6729-GDNGC,Westport,Female,Yes,No,No,20,Month-to-month,Bank transfer (automatic),80.7,1614.2,No,73,,0,80.71000000000001,2,0,50.35,1614,0
6198-ZFIOJ,Willits,Female,No,No,No,5,Month-to-month,Electronic check,75.6,402.5,No,27,,0,80.5,2,1,40.3,378,0
5989-OMNJE,Windsor,Female,No,Yes,No,24,One year,Electronic check,57.6,1367.75,No,70,,0,56.989583333333336,1,1,40.8,1382.4,0
1291-CUOCY,Yorkville,Male,No,Yes,No,72,Two year,Credit card (automatic),110.6,7962.2,No,64,,0,110.58611111111111,0,0,91.3,7963.2,1
9795-SHUHB,The Sea Ranch,Female,No,Yes,No,66,Two year,Credit card (automatic),58.2,3810.8,No,79,,0,57.73939393939394,0,0,62.1,3841.2000000000003,1
3230-IUALN,Eureka,Female,No,Yes,No,45,Two year,Mailed check,81,3533.6,No,56,,0,78.52444444444444,0,0,63,3645,1
0042-RLHYP,Eureka,Female,No,Yes,Yes,69,Two year,Bank transfer (automatic),19.7,1396.9,No,76,,0,20.244927536231884,0,0,44.35,1359.3,0
4945-RVMTE,Blocksburg,Female,No,No,No,28,Month-to-month,Bank transfer (automatic),59.55,1646.45,No,37,,0,58.801785714285714,2,0,43.775,1667.3999999999999,0
1866-NXPSP,Arcata,Female,No,No,No,36,One year,Mailed check,75.55,2680.15,No,22,,0,74.44861111111112,1,0,55.775,2719.7999999999997,1
3941-XTSKM,Burnt Ranch,Male,No,Yes,No,42,One year,Credit card (automatic),45.1,2049.05,No,71,,0,48.786904761904765,1,0,43.55,1894.2,0
1661-CZBAU,Carlotta,Male,No,No,No,48,One year,Bank transfer (automatic),70.95,3629.2,No,56,,0,75.60833333333333,1,0,59.475,3405.6000000000004,1
5158-RIVOP,Fields Landing,Female,No,Yes,Yes,11,Two year,Credit card (automatic),20.9,202.3,No,63,,0,18.39090909090909,0,0,15.95,229.89999999999998,0
9788-YTFGE,Fortuna,Male,No,No,No,7,Month-to-month,Mailed check,19.95,147.5,No,38,,0,21.071428571428573,2,0,13.475,139.65,0
9277-JOOMO,Garberville,Female,No,No,No,3,Month-to-month,Mailed check,24.6,86.35,No,56,,0,28.78333333333333,2,0,13.8,73.80000000000001,0
1907-YLNYW,Gasquet,Male,No,No,No,8,Month-to-month,Electronic check,66.7,579,No,35,,0,72.375,2,1,37.35,533.6,0
8947-YRTDV,Hoopa,Male,No,Yes,Yes,32,One year,Mailed check,94.8,3131.55,No,52,,0,97.8609375,1,0,63.4,3033.6,1
3161-ONRWK,Hydesville,Male,No,Yes,No,60,One year,Bank transfer (automatic),65.85,3928.3,No,48,,0,65.47166666666666,1,0,62.925,3950.9999999999995,1
0114-RSRRW,Klamath,Female,No,Yes,No,10,Month-to-month,Bank transfer (automatic),19.95,187.75,No,54,,0,18.775,2,0,14.975,199.5,0
4565-NLZBV,Kneeland,Female,No,Yes,No,71,Two year,Bank transfer (automatic),24.65,1710.15,No,42,,0,24.086619718309862,0,0,47.825,1750.1499999999999,0
6682-VCIXC,Mad River,Female,No,Yes,No,43,One year,Bank transfer (automatic),51.25,2151.6,No,43,,0,50.03720930232558,1,0,47.125,2203.75,1
6475-VHUIZ,Myers Flat,Female,No,Yes,No,23,Month-to-month,Electronic check,54.25,1221.55,No,49,,0,53.11086956521739,2,1,38.625,1247.75,0
3910-MRQOY,Orick,Female,No,Yes,No,72,Two year,Bank transfer (automatic),19.4,1496.45,No,79,,0,20.78402777777778,0,0,45.7,1396.8,0
0661-WCQNQ,Orleans,Male,No,Yes,No,22,One year,Credit card (automatic),56.25,1292.2,No,28,,0,58.73636363636364,1,0,39.125,1237.5,0
7537-RBWEA,Petrolia,Female,No,No,No,1,Month-to-month,Mailed check,25.15,25.15,No,45,,0,25.15,2,0,13.075,25.15,0
4656-CAURT,Phillipsville,Male,No,No,No,69,Two year,Bank transfer (automatic),23.95,1713.1,No,31,,0,24.827536231884057,0,0,46.475,1652.55,0
0121-SNYRK,Redway,Male,No,No,No,50,One year,Mailed check,35.4,1748.9,No,36,,0,34.978,1,0,42.7,1770,0
3733-LSYCE,Samoa,Female,No,Yes,No,15,Month-to-month,Bank transfer (automatic),75.35,1114.55,No,67,,0,74.30333333333333,2,0,45.175,1130.25,0
6265-FRMTQ,Scotia,Male,No,No,No,31,Two year,Bank transfer (automatic),20.4,609.1,No,29,,0,19.648387096774194,0,0,25.7,632.4,0
2017-CCBLH,Weott,Female,No,No,No,8,Two year,Mailed check,20,141.6,No,71,,0,17.7,0,0,14,160,0
7690-KPNCU,Willow Creek,Male,No,Yes,No,64,One year,Credit card (automatic),73.05,4688.65,No,28,,0,73.26015625,1,0,68.525,4675.2,1
0536-BGFMZ,Leggett,Female,No,Yes,No,28,Month-to-month,Mailed check,20.5,563.05,No,41,,0,20.10892857142857,2,0,24.25,574,0
2293-IJWPS,Piercy,Female,No,Yes,No,57,One year,Credit card (automatic),100.75,5985,No,31,,0,105,1,0,78.875,5742.75,1
5469-NUJUR,Zenia,Male,No,No,No,19,Two year,Mailed check,19.95,373.5,No,50,,0,19.657894736842106,0,0,19.475,379.05,0
2625-TRCZQ,Auburn,Female,No,Yes,No,51,Month-to-month,Electronic check,49.65,2553.35,No,30,,0,50.0656862745098,2,1,50.325,2532.15,1
4102-HLENU,Auburn,Female,No,Yes,No,67,Two year,Mailed check,65.65,4322.85,No,20,,0,64.52014925373135,0,0,66.325,4398.55,1
7266-GSSJX,West Sacramento,Male,No,Yes,Yes,11,Month-to-month,Electronic check,20.45,250.8,No,28,,0,22.8,2,1,15.725,224.95,0
7722-VJRQD,Brooks,Male,No,Yes,No,72,Two year,Bank transfer (automatic),60.95,4549.05,No,21,,0,63.181250000000006,0,0,66.475,4388.400000000001,1
7073-QETQY,Capay,Male,No,Yes,No,66,One year,Electronic check,20.35,1359.5,No,22,,0,20.598484848484848,1,1,43.175,1343.1000000000001,0
5624-RYAMH,Citrus Heights,Female,No,No,No,9,Month-to-month,Electronic check,19.5,178.85,No,64,,0,19.87222222222222,2,1,14.25,175.5,0
0196-JTUQI,Clarksburg,Female,No,No,No,9,Month-to-month,Credit card (automatic),75.2,633.85,No,68,,0,70.42777777777778,2,0,42.1,676.8000000000001,0
7130-YXBRO,Cool,Male,No,Yes,No,48,Month-to-month,Bank transfer (automatic),111.45,5315.1,No,74,,0,110.73125,2,0,79.725,5349.6,1
9272-LSVYH,Courtland,Male,No,No,No,10,Month-to-month,Mailed check,70.15,735.5,No,78,,0,73.55,2,0,40.075,701.5,0
3084-DOWLE,Citrus Heights,Female,No,Yes,No,72,Two year,Bank transfer (automatic),92,6474.4,No,42,,0,89.92222222222222,0,0,82,6624,1
1084-MNSMJ,El Dorado,Female,No,Yes,No,51,Two year,Credit card (automatic),85.5,4421.95,No,43,,0,86.70490196078431,0,0,68.25,4360.5,1
4238-HFHSN,Elverta,Male,Yes,Yes,No,61,Month-to-month,Electronic check,82.15,4904.85,No,33,,0,80.40737704918034,2,1,71.575,5011.150000000001,1
6250-CGGUN,Esparto,Male,No,No,No,54,One year,Electronic check,84.4,4484.05,No,31,,0,83.03796296296296,1,1,69.2,4557.6,1
5478-JJVZK,Fair Oaks,Female,No,No,No,33,Month-to-month,Mailed check,60.9,2033.85,No,36,,0,61.631818181818176,2,0,46.95,2009.7,1
7596-IIWYC,Fiddletown,Female,No,No,No,27,Two year,Bank transfer (automatic),20.25,538.2,No,79,,0,19.933333333333334,0,0,23.625,546.75,0
9793-WECQC,Foresthill,Male,No,No,No,23,Month-to-month,Mailed check,95.3,2192.9,No,68,,0,95.34347826086957,2,0,59.15,2191.9,1
4291-HPAXL,Galt,Male,No,No,Yes,1,Month-to-month,Mailed check,19.85,19.85,No,75,,0,19.85,2,0,10.425,19.85,0
8999-YPYBV,Garden Valley,Male,No,Yes,No,45,Two year,Mailed check,84.35,3858.05,No,35,,0,85.73444444444445,0,0,64.675,3795.7499999999995,1
1839-FBNFR,Georgetown,Female,No,Yes,Yes,39,Two year,Bank transfer (automatic),19.85,854.8,No,72,,0,21.91794871794872,0,0,29.425,774.1500000000001,0
3071-MVJCD,Grizzly Flats,Male,No,Yes,No,72,Two year,Bank transfer (automatic),82.3,5815.15,No,60,,0,80.76597222222222,0,0,77.15,5925.599999999999,1
1697-BCSHV,Guinda,Female,No,Yes,Yes,58,Month-to-month,Bank transfer (automatic),66.8,3970.4,No,70,,0,68.45517241379311,2,0,62.4,3874.3999999999996,1
0562-KBDVM,Herald,Female,No,No,No,70,Two year,Bank transfer (automatic),44.6,3058.15,No,26,,0,43.68785714285715,0,0,57.3,3122,1
1131-SUEKT,Hood,Male,No,Yes,Yes,61,One year,Bank transfer (automatic),98.45,6145.2,No,64,,0,100.74098360655738,1,0,79.725,6005.45,1
3717-OEAUQ,Ione,Male,No,No,No,2,Month-to-month,Mailed check,70.7,129.2,No,38,,0,64.6,2,0,36.35,141.4,0
4538-WNTMJ,Isleton,Female,No,Yes,No,46,One year,Mailed check,24.95,1165.9,No,58,,0,25.345652173913045,1,0,35.475,1147.7,0
9432-RUVSL,Kirkwood,Female,No,No,No,48,Two year,Credit card (automatic),102.5,4904.25,No,75,,0,102.171875,0,0,75.25,4920,1
8060-HIWJJ,Lincoln,Male,No,No,No,64,Two year,Credit card (automatic),86.55,5632.55,No,57,,0,88.00859375,0,0,75.275,5539.2,1
7684-XSZIY,Loomis,Male,No,Yes,Yes,72,Two year,Bank transfer (automatic),24.3,1643.25,No,43,,0,22.822916666666668,0,0,48.15,1749.6000000000001,0
9089-UOWJG,Lotus,Female,No,Yes,Yes,12,Month-to-month,Credit card (automatic),58.35,740.55,No,29,,0,61.7125,2,0,35.175,700.2,0
8039-ACLPL,Mather,Female,No,Yes,No,72,Two year,Credit card (automatic),68.75,4888.2,No,52,,0,67.89166666666667,0,0,70.375,4950,1
9885-AIBVB,Newcastle,Male,No,Yes,No,29,Month-to-month,Electronic check,85.8,2440.25,No,70,,0,84.14655172413794,2,1,57.4,2488.2,1
1934-MKPXS,Nicolaus,Male,No,Yes,No,33,One year,Credit card (automatic),20.1,620.55,No,59,,0,18.804545454545455,1,0,26.55,663.3000000000001,0
2592-YKDIF,North Highlands,Female,No,No,No,1,Month-to-month,Mailed check,20.35,20.35,No,72,,0,20.35,2,0,10.675,20.35,0
8714-CTZJW,Pilot Hill,Female,No,No,No,4,Month-to-month,Credit card (automatic),82.85,319.6,No,80,,0,79.9,2,0,43.425,331.4,0
3569-EDBPQ,Pine Grove,Female,No,No,No,24,Month-to-month,Electronic check,84.35,1938.05,No,31,,0,80.75208333333333,2,1,54.175,2024.3999999999999,1
3131-NWVFJ,Pioneer,Female,No,Yes,No,14,One year,Mailed check,19.55,294.5,No,47,,0,21.035714285714285,1,0,16.775,273.7,0
7521-YXVZY,Placerville,Male,No,No,Yes,3,Month-to-month,Mailed check,19.95,58.3,No,77,,0,19.433333333333334,2,0,11.475,59.849999999999994,0
2373-NTKOD,Rancho Cordova,Male,No,No,No,8,Month-to-month,Electronic check,66.25,546.45,No,60,,0,68.30625,2,1,37.125,530,0
1970-KKFWL,Rescue,Female,No,No,No,35,Two year,Bank transfer (automatic),23.3,797.1,No,78,,0,22.774285714285714,0,0,29.15,815.5,0
9337-SRRNI,Rio Oso,Male,No,No,Yes,66,Two year,Credit card (automatic),25.3,1673.8,No,56,,0,25.36060606060606,0,0,45.65,1669.8,0
0895-UADGO,River Pines,Male,No,No,No,8,Two year,Mailed check,44.55,343.45,No,66,,0,42.93125,0,0,26.275,356.4,0
5678-VFNEQ,Rocklin,Female,No,Yes,No,71,One year,Credit card (automatic),104.1,7412.25,No,45,,0,104.39788732394366,1,0,87.55,7391.099999999999,1
5977-CKHON,Roseville,Female,No,Yes,Yes,43,Month-to-month,Bank transfer (automatic),92.55,4039,No,37,,0,93.93023255813954,2,0,67.775,3979.65,1
2692-BUCFV,Shingle Springs,Male,Yes,No,No,29,Month-to-month,Bank transfer (automatic),101.45,2948.6,No,76,,0,101.67586206896551,2,0,65.225,2942.05,1
1830-GGFNM,Somerset,Male,No,Yes,Yes,65,Two year,Credit card (automatic),94.55,6078.75,No,36,,0,93.51923076923077,0,0,79.775,6145.75,1
5302-BDJNT,Sutter Creek,Male,No,No,No,35,Month-to-month,Electronic check,95.5,3418.2,No,27,,0,97.66285714285713,2,1,65.25,3342.5,1
5223-UZAVK,Thornton,Male,No,No,No,64,One year,Credit card (automatic),100.3,6603.8,No,77,,0,103.184375,1,0,82.15,6419.2,1
4859-ZSRDZ,Vacaville,Female,No,Yes,No,58,Two year,Credit card (automatic),55.5,3166.9,No,69,,0,54.601724137931036,0,0,56.75,3219,1
5651-WYIPH,Vacaville,Female,Yes,No,No,18,Month-to-month,Credit card (automatic),49.85,865.75,No,71,,0,48.09722222222222,2,0,33.925,897.3000000000001,0
9350-VLHMB,Volcano,Male,No,Yes,Yes,67,Month-to-month,Bank transfer (automatic),89.55,6373.1,No,45,,0,95.12089552238807,2,0,78.275,5999.849999999999,1
3498-LZGQZ,Walnut Grove,Male,No,Yes,Yes,63,Two year,Mailed check,19.15,1177.05,No,38,,0,18.683333333333334,0,0,41.075,1206.4499999999998,0
8785-CJSHH,West Sacramento,Female,No,Yes,No,60,Month-to-month,Electronic check,99.8,5985.75,No,38,,0,99.7625,2,1,79.9,5988,1
3870-SPZSI,Wilton,Female,No,Yes,Yes,70,Two year,Credit card (automatic),113.05,7869.05,No,54,,0,112.415,0,0,91.525,7913.5,1
7560-QRBXH,Woodland,Female,No,No,No,48,One year,Mailed check,19.95,936.7,No,21,,0,19.514583333333334,1,0,33.975,957.5999999999999,0
7077-XJMET,Alta,Male,No,Yes,No,12,Month-to-month,Electronic check,74.15,741.4,No,52,,0,61.78333333333333,2,1,43.075,889.8000000000001,0
8752-GHJFU,Applegate,Male,Yes,Yes,No,71,One year,Electronic check,92,6585.2,No,66,,0,92.74929577464789,1,1,81.5,6532,1
6896-SRVYQ,Camino,Male,Yes,No,No,44,Month-to-month,Electronic check,73.85,3122.4,No,48,,0,70.96363636363637,2,1,58.925,3249.3999999999996,1
4652-ODEVH,Dutch Flat,Male,No,Yes,Yes,45,Two year,Mailed check,24.45,1088.25,No,57,,0,24.183333333333334,0,0,34.725,1100.25,0
6510-UPNKS,Emigrant Gap,Female,No,No,No,23,One year,Credit card (automatic),24.8,615.35,No,46,,0,26.754347826086956,1,0,23.9,570.4,0
6718-BDGHG,Gold Run,Female,No,Yes,No,43,One year,Bank transfer (automatic),64.85,2908.2,No,72,,0,67.63255813953488,1,0,53.925,2788.5499999999997,1
9046-DQMTP,Kyburz,Male,No,No,No,35,Month-to-month,Bank transfer (automatic),20.75,739.9,No,75,,0,21.14,2,0,27.875,726.25,0
6439-LAJXL,Echo Lake,Male,No,Yes,No,9,Month-to-month,Mailed check,68.95,593.85,No,29,,0,65.98333333333333,2,0,38.975,620.5500000000001,0
9052-VKDUW,Pollock Pines,Female,Yes,Yes,No,65,Month-to-month,Credit card (automatic),109.4,7227.45,No,39,,0,111.19153846153846,2,0,87.2,7111,1
1666-JZPZT,Twin Bridges,Male,No,No,No,27,Month-to-month,Mailed check,49,1291.35,No,51,,0,47.827777777777776,2,0,38,1323,0
5777-KJIRB,Weimar,Female,No,No,No,40,One year,Mailed check,50.25,2023.55,No,25,,0,50.58875,1,0,45.125,2010,1
7677-SJJJK,Granite Bay,Male,No,Yes,No,8,One year,Credit card (automatic),19.9,153.95,No,29,,0,19.24375,1,0,13.95,159.2,0
2480-EJWYP,Roseville,Female,Yes,Yes,No,58,One year,Bank transfer (automatic),97.8,5458.8,No,23,,0,94.11724137931034,1,0,77.9,5672.4,1
3253-HKOKL,Elk Grove,Female,No,Yes,Yes,52,One year,Electronic check,100.3,5244.45,No,29,,0,100.85480769230769,1,1,76.15,5215.599999999999,1
7055-HNEOJ,El Dorado Hills,Male,No,Yes,No,3,Month-to-month,Mailed check,55.8,154.55,No,48,,0,51.51666666666667,2,0,29.4,167.39999999999998,0
5514-YQENT,Rocklin,Male,No,No,Yes,41,Two year,Electronic check,111.15,4507.15,No,32,,0,109.93048780487804,0,1,76.075,4557.150000000001,1
3211-AAPKX,Woodland,Male,No,No,No,20,Month-to-month,Mailed check,98.55,2031.95,No,42,,0,101.5975,2,0,59.275,1971,0
8445-DNBAE,Sacramento,Male,No,No,Yes,1,Month-to-month,Electronic check,50.05,50.05,No,61,,0,50.05,2,1,25.525,50.05,0
2958-NHPPS,Sacramento,Male,No,No,No,23,Month-to-month,Electronic check,20.85,473.9,No,53,,0,20.604347826086954,2,1,21.925,479.55,0
6806-YDEUL,Sacramento,Female,Yes,No,No,6,Month-to-month,Bank transfer (automatic),19.5,106.8,No,77,,0,17.8,2,0,12.75,117,0
1735-XMJVH,Sacramento,Male,No,Yes,Yes,8,Month-to-month,Mailed check,19.35,152.6,No,58,,0,19.075,2,0,13.675,154.8,0
6890-PFRQX,Sacramento,Male,No,No,No,18,Month-to-month,Mailed check,69.5,1199.4,No,24,,0,66.63333333333334,2,0,43.75,1251,0
0222-CNVPT,Sacramento,Male,Yes,No,No,52,Month-to-month,Credit card (automatic),48.8,2555.05,No,67,,0,49.135576923076925,2,0,50.4,2537.6,1
5899-OUVKV,Sacramento,Male,No,No,No,31,Month-to-month,Electronic check,94.5,2979.2,No,42,,0,96.1032258064516,2,1,62.75,2929.5,1
8681-ICONS,Sacramento,Male,No,Yes,Yes,29,Month-to-month,Mailed check,20.65,654.85,No,72,,0,22.58103448275862,2,0,24.825,598.8499999999999,0
1621-YNCJH,Sacramento,Female,No,Yes,No,36,Two year,Credit card (automatic),106.05,3834.4,No,25,,0,106.51111111111112,0,0,71.025,3817.7999999999997,1
6362-QHAFM,Sacramento,Male,No,Yes,No,42,One year,Electronic check,108.3,4586.15,No,63,,0,109.19404761904761,1,1,75.15,4548.599999999999,1
3070-BDOQC,Sacramento,Female,No,No,No,60,Two year,Electronic check,99.65,5941.05,No,41,,0,99.0175,0,1,79.825,5979,1
6234-PFPXL,Sacramento,Male,No,Yes,No,22,Month-to-month,Credit card (automatic),95.9,2234.95,No,56,,0,101.58863636363635,2,0,58.95,2109.8,1
9824-QCJPK,Sacramento,Male,No,Yes,No,36,One year,Mailed check,20,666.75,No,60,,0,18.520833333333332,1,0,28,720,0
4283-IVYCI,Sacramento,Male,No,No,No,9,Month-to-month,Mailed check,64.95,547.8,No,66,,0,60.86666666666666,2,0,36.975,584.5500000000001,0
1866-OBPNR,Sacramento,Male,No,Yes,Yes,1,Month-to-month,Credit card (automatic),74.6,74.6,No,22,,0,74.6,2,0,37.8,74.6,0
8205-MQUGY,Sacramento,Male,No,Yes,Yes,12,Month-to-month,Electronic check,49.2,571.15,No,37,,0,47.59583333333333,2,1,30.6,590.4000000000001,0
8970-ANWXO,Sacramento,Female,No,No,No,23,One year,Mailed check,73.75,1756.6,No,28,,0,76.37391304347825,1,0,48.375,1696.25,0
9480-BQJEI,Sacramento,Male,No,No,No,62,One year,Bank transfer (automatic),92.3,5731.45,No,58,,0,92.44274193548387,1,0,77.15,5722.599999999999,1
6979-TNDEU,Sacramento,Female,No,No,No,8,Month-to-month,Mailed check,19.2,156.85,No,42,,0,19.60625,2,0,13.6,153.6,0
9777-WJJPR,Sacramento,Male,No,Yes,No,31,Month-to-month,Credit card (automatic),88.65,2683.2,No,48,,0,86.55483870967741,2,0,59.825,2748.15,1
9495-SKLKD,Marysville,Male,No,Yes,Yes,45,Month-to-month,Bank transfer (automatic),95.95,4456.65,No,63,,0,99.03666666666666,2,0,70.475,4317.75,1
6048-UWKAL,Beale Afb,Female,Yes,Yes,No,69,Two year,Credit card (automatic),105.4,6998.95,No,45,,0,101.4340579710145,0,0,87.2,7272.6,1
5067-DGXLL,Alleghany,Male,No,No,No,2,Month-to-month,Mailed check,20.25,36.8,No,59,,0,18.4,2,0,11.125,40.5,0
6281-FKEWS,Berry Creek,Female,No,No,No,44,One year,Electronic check,49.05,2265,No,68,,0,51.47727272727273,1,1,46.525,2158.2,1
8898-KASCD,Biggs,Male,No,No,No,39,One year,Mailed check,35.55,1309.15,No,76,,0,33.56794871794872,1,0,37.275,1386.4499999999998,0
9242-TKFSV,Browns Valley,Male,No,Yes,No,72,Two year,Credit card (automatic),65.1,4754.3,No,30,,0,66.03194444444445,0,0,68.55,4687.2,1
9290-SHCMB,Brownsville,Female,Yes,No,No,13,Month-to-month,Electronic check,96.85,1235.55,No,28,,0,95.04230769230769,2,1,54.925,1259.05,0
0743-HNPFG,Butte City,Female,No,Yes,No,51,One year,Credit card (automatic),69.75,3562.5,No,50,,0,69.8529411764706,1,0,60.375,3557.25,1
2277-BKJKN,Camptonville,Female,Yes,Yes,No,71,Two year,Electronic check,99.2,7213.75,No,23,,0,101.60211267605634,0,1,85.1,7043.2,1
5035-PGZXH,Chico,Female,No,No,No,56,One year,Electronic check,106.8,5914.4,No,49,,0,105.61428571428571,1,1,81.4,5980.8,1
8695-WDYEA,Chico,Male,No,No,No,1,Month-to-month,Mailed check,51.25,51.25,No,57,,0,51.25,2,0,26.125,51.25,0
6543-JXSOO,Clipper Mills,Female,No,Yes,No,23,One year,Mailed check,57.75,1282.85,No,22,,0,55.77608695652174,1,0,40.375,1328.25,0
8016-ZMGMO,Colusa,Female,Yes,Yes,No,66,One year,Bank transfer (automatic),70.85,4738.85,No,37,,0,71.80075757575759,1,0,68.425,4676.099999999999,1
8605-ITULD,Crescent Mills,Female,No,No,No,1,Month-to-month,Mailed check,19.55,19.55,No,31,,0,19.55,2,0,10.275,19.55,0
6416-YJTTB,Downieville,Male,No,No,No,11,Month-to-month,Bank transfer (automatic),79.5,795.65,No,57,,0,72.33181818181818,2,0,45.25,874.5,0
4472-VESGY,Durham,Female,No,Yes,Yes,52,Month-to-month,Bank transfer (automatic),98.15,4993.4,No,48,,0,96.02692307692307,2,0,75.075,5103.8,1
3195-TQDZX,Elk Creek,Male,No,No,No,3,Month-to-month,Electronic check,20.25,61.45,No,42,,0,20.483333333333334,2,1,11.625,60.75,0
3128-YOVTD,Forbestown,Female,No,Yes,Yes,51,Month-to-month,Bank transfer (automatic),79.15,4018.55,No,64,,0,78.79509803921569,2,0,65.075,4036.65,1
1728-CXQBE,Glenn,Male,Yes,Yes,No,64,Month-to-month,Electronic check,94.25,6081.4,No,63,,0,95.021875,2,1,79.125,6032,1
7041-TXQJH,Goodyears Bar,Female,No,No,No,37,Month-to-month,Credit card (automatic),40.2,1478.85,No,20,,0,39.96891891891892,2,0,38.6,1487.4,0
5014-GSOUQ,Grass Valley,Male,No,No,No,13,Two year,Mailed check,19.95,243.65,No,63,,0,18.742307692307694,0,0,16.475,259.34999999999997,0
5724-BIDBU,Penn Valley,Male,No,Yes,No,49,One year,Electronic check,55.35,2633.95,No,26,,0,53.754081632653055,1,1,52.175,2712.15,1
0481-SUMCB,Greenville,Female,Yes,No,No,45,One year,Bank transfer (automatic),102.15,4735.35,No,69,,0,105.23,1,0,73.575,4596.75,1
1769-GRUIK,Gridley,Female,No,No,No,18,Month-to-month,Electronic check,71.1,1247.75,No,28,,0,69.31944444444444,2,1,44.55,1279.8,0
8819-WFGGJ,Grimes,Male,No,Yes,No,68,Two year,Bank transfer (automatic),54.1,3794.5,No,30,,0,55.8014705882353,0,0,61.05,3678.8,1
7427-AUFPY,Hamilton City,Male,No,No,No,54,Two year,Credit card (automatic),19.65,1008.7,No,70,,0,18.67962962962963,0,0,36.825,1061.1,0
2811-POVEX,Live Oak,Female,Yes,Yes,Yes,23,Month-to-month,Bank transfer (automatic),88.45,2130.55,No,70,,0,92.63260869565218,2,0,55.725,2034.3500000000001,1
7898-PDWQE,Maxwell,Male,No,Yes,No,71,Two year,Credit card (automatic),80.4,5727.15,No,20,,0,80.66408450704225,0,0,75.7,5708.400000000001,1
9972-EWRJS,Meadow Valley,Female,No,Yes,Yes,67,Two year,Bank transfer (automatic),19.25,1372.9,No,61,,0,20.491044776119406,0,0,43.125,1289.75,0
9314-IJWSQ,Meridian,Female,No,Yes,Yes,14,Month-to-month,Electronic check,84.8,1203.9,No,80,,0,85.99285714285715,2,1,49.4,1187.2,0
5799-JRCZO,North San Juan,Female,No,No,Yes,63,Two year,Credit card (automatic),19.5,1215.1,No,44,,0,19.287301587301585,0,0,41.25,1228.5,0
1921-KYSAY,Olivehurst,Female,No,No,No,41,One year,Electronic check,68.6,2877.05,No,34,,0,70.1719512195122,1,1,54.8,2812.6,1
6198-RTPMF,Oregon House,Female,No,Yes,No,17,Month-to-month,Electronic check,92.6,1579.7,No,32,,0,92.9235294117647,2,1,54.8,1574.1999999999998,0
2924-KHUVI,Orland,Male,No,Yes,No,56,One year,Electronic check,100.55,5514.95,No,61,,0,98.48125,1,1,78.275,5630.8,1
1925-GMVBW,Oroville,Female,No,No,No,5,Month-to-month,Credit card (automatic),20.55,96.1,No,23,,0,19.22,2,0,12.775,102.75,0
6184-DYUOB,Palermo,Female,No,Yes,No,3,Month-to-month,Mailed check,19.6,55.25,No,29,,0,18.416666666666668,2,0,11.3,58.800000000000004,0
9207-ZPANB,Paradise,Male,No,No,No,37,One year,Electronic check,67.45,2443.3,No,37,,0,66.03513513513514,1,1,52.225,2495.65,1
9327-QSDED,Quincy,Male,No,No,No,8,Month-to-month,Mailed check,43.55,335.4,No,60,,0,41.925,2,0,25.775,348.4,0
1656-DRSMG,Chico,Female,No,No,No,63,Month-to-month,Credit card (automatic),109.85,7002.95,No,66,,0,111.15793650793651,2,0,86.425,6920.549999999999,1
3012-VFFMN,Richvale,Female,No,Yes,Yes,7,Month-to-month,Mailed check,20.65,158.95,No,74,,0,22.707142857142856,2,0,13.825,144.54999999999998,0
2984-AFWNC,Rough And Ready,Female,No,No,No,3,Month-to-month,Electronic check,95.4,293.15,No,70,,0,97.71666666666665,2,1,49.2,286.20000000000005,0
0640-YJTPY,Smartville,Male,No,Yes,Yes,72,Two year,Bank transfer (automatic),21,1493.75,No,71,,0,20.74652777777778,0,0,46.5,1512,0
8096-LOIST,Stirling City,Female,No,No,No,19,Month-to-month,Electronic check,56.2,1093.4,No,38,,0,57.54736842105264,2,1,37.6,1067.8,0
9764-REAFF,Stonyford,Female,No,Yes,No,59,Two year,Bank transfer (automatic),18.4,1057.85,No,20,,0,17.92966101694915,0,0,38.7,1085.6,0
7107-UBYKY,Sutter,Female,No,Yes,Yes,35,Month-to-month,Electronic check,25.75,882.55,No,49,,0,25.215714285714284,2,1,30.375,901.25,0
4881-GQJTW,Taylorsville,Male,No,No,No,14,Month-to-month,Credit card (automatic),19.6,300.4,No,40,,0,21.457142857142856,2,0,16.8,274.40000000000003,0
7876-DNYAP,Washington,Female,No,Yes,Yes,69,Two year,Credit card (automatic),19.8,1436.95,No,36,,0,20.82536231884058,0,0,44.4,1366.2,0
7905-NJMXS,Williams,Male,Yes,Yes,No,7,Month-to-month,Electronic check,64.2,475,No,74,,0,67.85714285714286,2,1,35.6,449.40000000000003,0
2882-WDTBA,Willows,Male,No,Yes,No,69,Two year,Bank transfer (automatic),75.75,5388.15,No,75,,0,78.0891304347826,0,0,72.375,5226.75,1
2091-GPPIQ,Yuba City,Female,No,Yes,No,72,Two year,Electronic check,78.95,5730.15,No,76,,0,79.58541666666666,0,1,75.475,5684.400000000001,1
5071-FBJFS,Redding,Female,No,Yes,Yes,4,Month-to-month,Electronic check,50.3,217.1,No,73,,0,54.275,2,1,27.15,201.2,0
2796-UUZZO,Redding,Male,No,Yes,Yes,63,Month-to-month,Credit card (automatic),80.3,4896.35,No,66,,0,77.71984126984128,2,0,71.65,5058.9,1
2429-AYKKO,Redding,Male,No,No,No,72,Two year,Bank transfer (automatic),19.85,1434.1,No,22,,0,19.918055555555554,0,0,45.925,1429.2,0
9798-OPFEM,Adin,Female,No,No,No,46,Two year,Electronic check,21.1,937.1,No,37,,0,20.371739130434783,0,1,33.55,970.6,0
3794-NFNCH,Bella Vista,Male,No,Yes,No,30,Month-to-month,Mailed check,50,1474.9,No,29,,0,49.163333333333334,2,0,40,1500,0
5193-QLVZB,Bieber,Male,No,No,No,63,Two year,Bank transfer (automatic),104.75,6536.5,No,30,,0,103.75396825396825,0,0,83.875,6599.25,1
7114-AEOZE,Big Bar,Female,No,No,No,60,Two year,Bank transfer (automatic),19.85,1128.1,No,58,,0,18.801666666666666,0,0,39.925,1191,0
5522-NYKPB,Burney,Male,No,Yes,Yes,25,Month-to-month,Electronic check,85.9,2199.05,No,79,,0,87.962,2,1,55.45,2147.5,1
9957-YODKZ,Canby,Male,Yes,Yes,No,6,Month-to-month,Electronic check,80.8,457.1,No,68,,0,76.18333333333334,2,1,43.4,484.79999999999995,0
6518-KZXCB,Cassel,Male,No,No,No,22,Two year,Mailed check,25.25,566.5,No,61,,0,25.75,0,0,23.625,555.5,0
2245-ADZFJ,Castella,Female,No,Yes,No,31,Two year,Bank transfer (automatic),80.55,2471.6,No,24,,0,79.7290322580645,0,0,55.775,2497.0499999999997,1
7776-QGYJC,Shasta Lake,Female,No,Yes,Yes,39,Month-to-month,Bank transfer (automatic),81.5,3107.3,No,25,,0,79.67435897435898,2,0,60.25,3178.5,1
9313-QOLTZ,Chester,Male,No,No,No,26,Month-to-month,Mailed check,20.9,518.3,No,51,,0,19.934615384615384,2,0,23.45,543.4,0
4672-FOTSD,Dorris,Male,No,No,No,12,Month-to-month,Electronic check,67.25,832.3,No,56,,0,69.35833333333333,2,1,39.625,807,0
9818-XQCUV,Dunsmuir,Female,No,No,No,2,Month-to-month,Mailed check,20.35,45.3,No,61,,0,22.65,2,0,11.175,40.7,0
7338-ERIVA,Etna,Male,No,No,No,39,One year,Bank transfer (automatic),45.05,1790.6,No,61,,0,45.91282051282051,1,0,42.025,1756.9499999999998,0
8259-NFJTV,Flournoy,Female,No,Yes,Yes,7,Month-to-month,Mailed check,34.65,246.6,No,45,,0,35.22857142857143,2,0,20.825,242.54999999999998,0
3223-DWFIO,Forks Of Salmon,Male,Yes,No,No,4,Month-to-month,Electronic check,69.35,261.65,No,26,,0,65.4125,2,1,36.675,277.4,0
6968-GMKPR,French Gulch,Female,No,No,No,55,Month-to-month,Electronic check,81.55,4509.5,No,80,,0,81.99090909090908,2,1,68.275,4485.25,1
4751-ERMAN,Gazelle,Male,No,Yes,No,72,Two year,Bank transfer (automatic),75.4,5480.25,No,35,,0,76.11458333333333,0,0,73.7,5428.8,1
1436-ZMJAN,Gerber,Female,No,Yes,No,10,Month-to-month,Credit card (automatic),67.8,653.15,No,79,,0,65.315,2,0,38.9,678,0
3292-PBZEJ,Greenview,Male,Yes,No,No,11,Month-to-month,Electronic check,111.4,1183.05,No,28,,0,107.55,2,1,61.2,1225.4,0
0799-DDIHE,Grenada,Female,No,Yes,Yes,15,Month-to-month,Electronic check,46.3,639.45,No,68,,0,42.63,2,1,30.65,694.5,0
3070-FNFZQ,Happy Camp,Female,No,Yes,Yes,23,Two year,Bank transfer (automatic),20.4,478.75,No,33,,0,20.815217391304348,0,0,21.7,469.2,0
2812-SFXMJ,Hat Creek,Male,No,No,Yes,1,Month-to-month,Mailed check,20.05,20.05,No,27,,0,20.05,2,0,10.525,20.05,0
5014-WUQMG,Hornbrook,Male,No,Yes,Yes,47,One year,Electronic check,96.1,4391.45,No,68,,0,93.43510638297872,1,1,71.55,4516.7,1
5312-TSZVC,Hyampom,Female,No,No,No,15,One year,Mailed check,19.65,270.6,No,34,,0,18.040000000000003,1,0,17.325,294.75,0
0993-OSGPT,Junction City,Female,Yes,Yes,No,68,One year,Bank transfer (automatic),60.65,3975.9,No,24,,0,58.46911764705882,1,0,64.325,4124.2,1
7108-DGVUU,Lookout,Female,Yes,Yes,No,21,One year,Bank transfer (automatic),71.7,1497.05,No,38,,0,71.28809523809524,1,0,46.35,1505.7,0
2782-JEEBU,Los Molinos,Male,No,No,No,21,Month-to-month,Mailed check,36,780.15,No,64,,0,37.15,2,0,28.5,756,0
5127-BZENZ,Mcarthur,Female,No,Yes,No,56,One year,Bank transfer (automatic),65.2,3512.15,No,26,,0,62.71696428571429,1,0,60.6,3651.2000000000003,1
2720-FVBQP,Mccloud,Female,No,Yes,Yes,6,Month-to-month,Credit card (automatic),48.95,273.25,No,30,,0,45.541666666666664,2,0,27.475,293.70000000000005,0
9906-NHHVC,Macdoel,Female,Yes,No,No,65,Two year,Bank transfer (automatic),53.5,3517.9,No,76,,0,54.121538461538464,0,0,59.25,3477.5,1
4522-XRWWI,Manton,Male,No,Yes,No,42,One year,Credit card (automatic),80.45,3375.9,No,62,,0,80.37857142857143,1,0,61.225,3378.9,1
3766-EJLFL,Mill Creek,Female,No,Yes,Yes,68,Two year,Bank transfer (automatic),109.05,7508.55,No,80,,0,110.41985294117647,0,0,88.525,7415.4,1
5939-SXWHM,Millville,Male,No,Yes,Yes,48,Two year,Bank transfer (automatic),26.3,1245.05,No,72,,0,25.938541666666666,0,0,37.15,1262.4,0
8152-UOBNY,Mineral,Female,Yes,No,No,50,One year,Electronic check,106.8,5347.95,No,59,,0,106.959,1,1,78.4,5340,1
7351-KYHQH,Montague,Female,Yes,No,No,7,Month-to-month,Electronic check,64.95,493.65,No,37,,0,70.52142857142857,2,1,35.975,454.65000000000003,0
7643-RCHXS,Montgomery Creek,Female,No,Yes,Yes,63,Two year,Electronic check,19.35,1263.85,No,23,,0,20.06111111111111,0,1,41.175,1219.0500000000002,0
8246-SHFGA,Mount Shasta,Male,No,No,No,17,Month-to-month,Credit card (automatic),21.1,385.55,No,78,,0,22.679411764705883,2,0,19.05,358.70000000000005,0
0620-XEFWH,Oak Run,Male,No,Yes,Yes,4,Month-to-month,Mailed check,18.85,84.2,No,63,,0,21.05,2,0,11.425,75.4,0
6485-QXWWE,Old Station,Female,No,No,Yes,62,Two year,Bank transfer (automatic),26,1638.7,No,46,,0,26.43064516129032,0,0,44,1612,0
7321-VGNKU,Paskenta,Female,No,Yes,No,2,Month-to-month,Electronic check,70.35,120.25,No,39,,0,60.125,2,1,36.175,140.7,0
5327-CNLUQ,Paynes Creek,Male,No,Yes,No,48,Two year,Bank transfer (automatic),96.9,4473.45,No,38,,0,93.19687499999999,0,0,72.45,4651.200000000001,1
7552-KEYGT,Platina,Male,No,Yes,No,27,Two year,Bank transfer (automatic),19.55,520.55,No,44,,0,19.27962962962963,0,0,23.275,527.85,0
5816-JMLGY,Red Bluff,Female,No,Yes,No,70,Two year,Bank transfer (automatic),80.4,5717.85,No,28,,0,81.68357142857144,0,0,75.2,5628,1
2927-QRRQV,Scott Bar,Male,No,Yes,No,46,One year,Electronic check,94.65,4312.5,No,79,,0,93.75,1,1,70.325,4353.900000000001,1
6265-SXWBU,Shingletown,Male,No,Yes,Yes,69,One year,Credit card (automatic),95.75,6511.25,No,74,,0,94.3659420289855,1,0,82.375,6606.75,1
7941-RCJOW,Tehama,Male,No,No,No,65,Two year,Credit card (automatic),19.55,1218.65,No,76,,0,18.74846153846154,0,0,42.275,1270.75,0
6374-NTQLP,Trinity Center,Male,Yes,Yes,Yes,72,Two year,Credit card (automatic),104.1,7447.7,No,54,,0,103.44027777777778,0,0,88.05,7495.2,1
2387-KDZQY,Weaverville,Male,No,No,No,17,One year,Mailed check,20.1,279.5,No,51,,0,16.441176470588236,1,0,18.55,341.70000000000005,0
3584-WKTTW,Weed,Male,No,Yes,No,51,One year,Electronic check,111.55,5720.35,No,35,,0,112.16372549019609,1,1,81.275,5689.05,1
3399-BMLVW,Whitmore,Male,No,Yes,No,51,Two year,Credit card (automatic),60.5,3121.45,No,75,,0,61.20490196078431,0,0,55.75,3085.5,1
1971-DTCZB,Yreka,Female,No,Yes,No,72,Two year,Bank transfer (automatic),90.95,6468.6,No,54,,0,89.84166666666667,0,0,81.475,6548.400000000001,1
3374-PZLXD,Blairsden Graeagle,Male,No,No,No,34,Month-to-month,Mailed check,19.7,675.6,No,73,,0,19.870588235294118,2,0,26.85,669.8,0
3813-DHBBB,Cedarville,Male,No,Yes,No,67,Two year,Bank transfer (automatic),50.95,3521.7,No,77,,0,52.56268656716418,0,0,58.975,3413.65,1
2812-REYAT,Chilcoot,Female,No,Yes,No,49,One year,Bank transfer (automatic),20.05,923.1,No,72,,0,18.838775510204083,1,0,34.525,982.45,0
6518-PPLMZ,Clio,Male,No,Yes,Yes,53,Two year,Mailed check,19.4,1110.35,No,73,,0,20.95,0,0,36.2,1028.1999999999998,0
4939-KYYPY,Coleville,Male,No,No,No,27,Month-to-month,Electronic check,59.45,1611.65,No,23,,0,59.69074074074074,2,1,43.225,1605.15,0
5930-GBIWP,Doyle,Male,No,No,No,69,Two year,Credit card (automatic),81.5,5553.25,No,45,,0,80.48188405797102,0,0,75.25,5623.5,1
6022-KOUQO,Eagleville,Female,No,Yes,Yes,2,Month-to-month,Bank transfer (automatic),29.05,44.75,No,22,,0,22.375,2,0,15.525,58.1,0
2361-UPSND,Herlong,Female,No,Yes,No,46,One year,Mailed check,70.6,3231.05,No,52,,0,70.24021739130436,1,0,58.3,3247.6,1
6035-RIIOM,Janesville,Female,No,No,No,54,Two year,Bank transfer (automatic),97.2,5129.45,No,55,,0,94.9898148148148,0,0,75.6,5248.8,1
9504-DSHWM,Litchfield,Male,No,No,No,20,Month-to-month,Bank transfer (automatic),59.2,1191.2,No,58,,0,59.56,2,0,39.6,1184,0
5035-BVCXS,Loyalton,Male,No,No,No,11,Month-to-month,Mailed check,75.9,866.4,No,70,,0,78.76363636363637,2,0,43.45,834.9000000000001,0
6267-DCFFZ,Madeline,Female,Yes,Yes,No,30,Month-to-month,Electronic check,90.05,2627.2,No,39,,0,87.57333333333332,2,1,60.025,2701.5,1
3533-UVMOM,Markleeville,Male,No,Yes,No,68,Two year,Bank transfer (automatic),70.95,4741.45,No,43,,0,69.72720588235293,0,0,69.475,4824.6,1
2439-LYPMQ,Milford,Male,Yes,Yes,No,38,Month-to-month,Electronic check,102.6,4009.2,No,40,,0,105.50526315789473,2,1,70.3,3898.7999999999997,1
1478-VPOAD,Calpine,Female,No,No,No,1,Month-to-month,Electronic check,43.8,43.8,No,31,,0,43.8,2,1,22.4,43.8,0
9995-HOTOH,Sierra City,Male,No,Yes,No,63,Two year,Electronic check,59,3707.6,No,20,,0,58.85079365079365,0,1,61,3717,1
2988-PLAHS,Sierraville,Female,No,No,No,3,One year,Electronic check,69.95,220.45,No,67,,0,73.48333333333333,1,1,36.475,209.85000000000002,0
1371-OJCEK,Standish,Female,No,No,No,48,One year,Bank transfer (automatic),24.35,1133.7,No,70,,0,23.618750000000002,1,0,36.175,1168.8000000000002,0
4999-IEZLT,Susanville,Male,No,No,No,66,One year,Credit card (automatic),29.45,1983.15,No,55,,0,30.047727272727276,1,0,47.725,1943.7,0
8883-ANODQ,Termo,Female,No,Yes,Yes,68,Two year,Credit card (automatic),84.4,5746.75,No,34,,0,84.51102941176471,0,0,76.2,5739.200000000001,1
2351-RRBUE,Tulelake,Female,No,Yes,No,7,One year,Mailed check,20.65,134.05,No,70,,0,19.150000000000002,1,0,13.825,144.54999999999998,0
5980-BDHPY,Wendel,Male,No,Yes,No,72,Two year,Bank transfer (automatic),87.1,6230.1,No,76,,0,86.52916666666667,0,0,79.55,6271.2,1
1498-DQNRX,Westwood,Female,No,Yes,No,29,Month-to-month,Mailed check,19.85,573.05,No,59,,0,19.760344827586206,2,0,24.425,575.6500000000001,0
9469-WEJBT,Carnelian Bay,Male,No,Yes,No,37,Month-to-month,Electronic check,90.35,3419.3,No,76,,0,92.41351351351352,2,1,63.675,3342.95,1
2581-VKIRT,Kings Beach,Female,No,Yes,No,59,One year,Mailed check,65.5,3801.3,No,35,,0,64.42881355932204,1,0,62.25,3864.5,1
7426-WEIJX,Olympic Valley,Male,Yes,Yes,Yes,60,Month-to-month,Electronic check,80.95,4859.1,No,71,,0,80.985,2,1,70.475,4857,1
2851-MMUTZ,Tahoe Vista,Female,No,No,No,27,Month-to-month,Mailed check,56.15,1439.35,No,69,,0,53.30925925925926,2,0,41.575,1516.05,0
3307-TLCUD,Los Angeles,Male,No,Yes,No,17,Month-to-month,Mailed check,34.4,592.75,No,45,,0,34.86764705882353,2,0,25.7,584.8,0
6625-FLENO,Los Angeles,Male,No,Yes,No,58,Two year,Mailed check,20.75,1185.95,No,20,,0,20.44741379310345,0,0,39.375,1203.5,0
2967-MXRAV,Los Angeles,Male,No,Yes,No,1,One year,Mailed check,18.8,18.8,No,51,,0,18.8,1,0,9.9,18.8,0
8189-HBVRW,Los Angeles,Female,No,No,No,53,Month-to-month,Electronic check,90.8,4921.2,No,20,,0,92.85283018867923,2,1,71.9,4812.4,1
4163-KIUHY,Los Angeles,Male,No,No,No,35,Month-to-month,Electronic check,25.6,901.25,No,56,,0,25.75,2,1,30.3,896,0
3500-NSDOA,Los Angeles,Male,No,Yes,No,68,Two year,Credit card (automatic),70.8,4859.95,No,61,,0,71.46985294117647,0,0,69.4,4814.4,1
1171-TYKUR,Los Angeles,Male,No,Yes,No,47,Month-to-month,Electronic check,25.4,1139.2,No,33,,0,24.238297872340425,2,1,36.2,1193.8,0
3761-FLYZI,Los Angeles,Female,Yes,Yes,No,65,Month-to-month,Bank transfer (automatic),108.8,7082.45,No,64,,0,108.96076923076923,2,0,86.9,7072,1
1219-NNDDO,Los Angeles,Female,No,No,No,9,Month-to-month,Electronic check,76.85,663.55,No,38,,0,73.72777777777777,2,1,42.925,691.65,0
8388-DMKAE,Los Angeles,Female,No,No,No,8,Two year,Mailed check,20.25,174.65,No,37,,0,21.83125,0,0,14.125,162,0
4403-BWPAY,Los Angeles,Male,No,No,No,14,One year,Credit card (automatic),24.8,321.7,No,22,,0,22.978571428571428,1,0,19.4,347.2,0
9659-QEQSY,Los Angeles,Female,No,No,No,45,Month-to-month,Electronic check,115.65,5125.5,No,75,,0,113.9,2,1,80.325,5204.25,1
5405-ZMYXQ,Los Angeles,Female,No,No,No,8,Month-to-month,Credit card (automatic),74.6,548.9,No,57,,0,68.6125,2,0,41.3,596.8,0
1442-OKRJE,Los Angeles,Male,No,Yes,Yes,66,One year,Bank transfer (automatic),103.15,7031.3,No,80,,0,106.53484848484848,1,0,84.575,6807.900000000001,1
4737-AQCPU,Los Angeles,Male,No,Yes,No,72,Two year,Credit card (automatic),72.1,5016.65,No,42,,0,69.67569444444445,0,0,72.05,5191.2,1
2808-CHTDM,Los Angeles,Female,No,Yes,Yes,23,Two year,Mailed check,25.1,611.45,No,67,,0,26.584782608695654,0,0,24.05,577.3000000000001,0
0793-TWELN,Los Angeles,Female,No,No,No,4,Month-to-month,Electronic check,80.15,319.85,No,62,,0,79.9625,2,1,42.075,320.6,0
3283-WCWXT,Los Angeles,Male,No,Yes,Yes,6,Two year,Mailed check,25.4,153.3,No,52,,0,25.55,0,0,15.7,152.39999999999998,0
1060-ENTOF,Los Angeles,Female,Yes,Yes,No,67,One year,Credit card (automatic),105.4,7035.6,No,64,,0,105.0089552238806,1,0,86.2,7061.8,1
0999-QXNSA,Los Angeles,Male,Yes,No,Yes,7,Month-to-month,Mailed check,45.75,344.2,No,57,,0,49.17142857142857,2,0,26.375,320.25,0
5451-MHQOF,Los Angeles,Male,No,Yes,No,56,One year,Mailed check,24.45,1431.65,No,78,,0,25.56517857142857,1,0,40.225,1369.2,0
4836-WNFNO,Los Angeles,Female,No,Yes,No,72,Two year,Credit card (automatic),25,1849.2,No,35,,0,25.683333333333334,0,0,48.5,1800,0
9225-BZLNZ,Los Angeles,Male,No,Yes,No,72,Two year,Electronic check,85.25,6083.1,No,52,,0,84.48750000000001,0,1,78.625,6138,1
0354-VXMJC,Los Angeles,Male,No,Yes,Yes,23,Two year,Credit card (automatic),19.6,426.65,No,35,,0,18.55,0,0,21.3,450.8,0
4422-QVIJA,Los Angeles,Female,No,No,Yes,35,Month-to-month,Mailed check,50.15,1655.35,No,74,,0,47.29571428571428,2,0,42.575,1755.25,0
9365-SRSZE,Los Angeles,Male,Yes,Yes,No,27,Month-to-month,Electronic check,70.55,1943.9,No,65,,0,71.9962962962963,2,1,48.775,1904.85,0
8332-OSJDW,Los Angeles,Male,No,Yes,No,12,One year,Mailed check,26.4,314.95,No,65,,0,26.245833333333334,1,0,19.2,316.79999999999995,0
4735-BJKOU,Los Angeles,Female,No,No,No,40,Two year,Mailed check,20.15,804.85,No,64,,0,20.12125,0,0,30.075,806,0
0274-JKUJR,Los Angeles,Male,No,Yes,Yes,7,Month-to-month,Mailed check,58.85,465.7,No,76,,0,66.52857142857142,2,0,32.925,411.95,0
5740-YHGTW,Los Angeles,Male,No,Yes,Yes,70,Month-to-month,Credit card (automatic),97.55,6669.05,No,49,,0,95.27214285714285,2,0,83.775,6828.5,1
8917-SZTTJ,Los Angeles,Male,No,Yes,Yes,60,Two year,Credit card (automatic),19.65,1161.75,No,50,,0,19.3625,0,0,39.825,1179,0
1696-MZVAU,Los Angeles,Male,No,Yes,No,39,One year,Credit card (automatic),25.25,947.75,No,21,,0,24.30128205128205,1,0,32.125,984.75,0
7359-WWYJV,Los Angeles,Male,No,Yes,No,72,Two year,Credit card (automatic),114.45,8375.05,No,53,,0,116.32013888888888,0,0,93.225,8240.4,1
4906-ZHGPK,Los Angeles,Male,No,Yes,No,54,One year,Electronic check,70.7,3770,No,77,,0,69.81481481481481,1,1,62.35,3817.8,1
3795-GWTRD,Los Angeles,Female,No,Yes,No,63,Two year,Credit card (automatic),75.55,4707.85,No,64,,0,74.72777777777779,0,0,69.275,4759.65,1
1298-PHBTI,Los Angeles,Male,No,Yes,Yes,71,Two year,Electronic check,84.8,6152.4,No,43,,0,86.65352112676055,0,1,77.9,6020.8,1
6223-DHJGV,Los Angeles,Female,No,No,No,42,One year,Mailed check,20.65,958.1,No,49,,0,22.811904761904763,1,0,31.325,867.3,0
6961-MJKBO,Los Angeles,Male,No,No,No,47,Two year,Bank transfer (automatic),20.45,943,No,72,,0,20.06382978723404,0,0,33.725,961.15,0
8158-WPEZG,Los Angeles,Male,No,No,No,11,Month-to-month,Electronic check,35.65,425.1,No,61,,0,38.64545454545455,2,1,23.325,392.15,0
4918-FYJNT,Los Angeles,Female,Yes,Yes,No,55,Month-to-month,Electronic check,90.45,5044.8,No,42,,0,91.72363636363637,2,1,72.725,4974.75,1
0727-BNRLG,Los Angeles,Male,No,No,No,69,Two year,Credit card (automatic),97.65,6743.55,No,20,,0,97.73260869565217,0,0,83.325,6737.85,1
4854-CIDCF,Los Angeles,Female,Yes,No,No,3,Month-to-month,Electronic check,73.85,196.4,No,74,,0,65.46666666666667,2,1,38.425,221.54999999999998,0
3280-MRDOF,Los Angeles,Male,Yes,No,No,30,Two year,Credit card (automatic),69.1,2093.9,No,75,,0,69.79666666666667,0,0,49.55,2073,1
6435-SRWBJ,Los Angeles,Female,No,No,No,5,Month-to-month,Electronic check,82.75,417.75,No,36,,0,83.55,2,1,43.875,413.75,0
9964-WBQDJ,West Hollywood,Female,No,Yes,No,71,Two year,Credit card (automatic),24.4,1725.4,No,56,,0,24.301408450704226,0,0,47.7,1732.3999999999999,0
6303-KFWSL,Los Angeles,Female,No,No,No,29,One year,Electronic check,55.25,1620.2,No,55,,0,55.86896551724138,1,1,42.125,1602.25,0
1702-CCFNJ,Los Angeles,Male,No,Yes,No,52,Month-to-month,Bank transfer (automatic),61.35,3169.55,No,49,,0,60.95288461538462,2,0,56.675,3190.2000000000003,1
8932-CZHRQ,Bell,Male,No,No,No,68,One year,Credit card (automatic),76.75,5233.25,No,33,,0,76.9595588235294,1,0,72.375,5219,1
0386-CWRGM,Beverly Hills,Female,No,Yes,Yes,46,Two year,Mailed check,19.4,967.85,No,47,,0,21.04021739130435,0,0,32.7,892.4,0
5515-RUGKN,Beverly Hills,Male,No,No,No,8,Month-to-month,Credit card (automatic),54.75,438.05,No,53,,0,54.75625,2,0,31.375,438,0
0404-AHASP,Beverly Hills,Male,No,Yes,No,72,Two year,Credit card (automatic),19.7,1421.9,No,36,,0,19.748611111111114,0,0,45.85,1418.3999999999999,0
7279-NMVJC,Compton,Female,No,No,No,17,One year,Bank transfer (automatic),19.9,323.15,No,70,,0,19.008823529411764,1,0,18.45,338.29999999999995,0
2081-VEYEH,Compton,Male,No,No,No,3,Month-to-month,Electronic check,107.95,318.6,No,70,,0,106.2,2,1,55.475,323.85,0
6407-UTSLV,Compton,Female,Yes,No,No,2,Month-to-month,Bank transfer (automatic),83.8,163.7,No,53,,0,81.85,2,0,42.9,167.6,0
9060-HJJRW,Culver City,Female,No,No,No,51,One year,Credit card (automatic),56.4,2928.5,No,62,,0,57.42156862745098,1,0,53.7,2876.4,1
2587-YNLES,Downey,Female,No,Yes,Yes,6,Two year,Mailed check,20.1,100.35,No,42,,0,16.724999999999998,0,0,13.05,120.60000000000001,0
7398-SKNQZ,Downey,Female,No,Yes,No,3,Month-to-month,Electronic check,94.9,273.2,No,58,,0,91.06666666666666,2,1,48.95,284.70000000000005,0
5935-FCCNB,Downey,Female,Yes,No,No,17,Month-to-month,Electronic check,94.2,1608.15,No,54,,0,94.59705882352942,2,1,55.6,1601.4,0
1958-RNRKS,El Segundo,Male,No,Yes,No,30,Month-to-month,Electronic check,49.9,1441.95,No,45,,0,48.065000000000005,2,1,39.95,1497,0
5136-RGMZO,Gardena,Male,No,No,No,31,Month-to-month,Electronic check,71.05,2168.15,No,37,,0,69.94032258064516,2,1,51.025,2202.5499999999997,1
8345-MVDYC,Gardena,Female,No,No,No,45,Two year,Bank transfer (automatic),81.65,3618.7,No,41,,0,80.41555555555556,0,0,63.325,3674.2500000000005,1
8226-BXGES,Gardena,Male,No,Yes,No,64,One year,Bank transfer (automatic),89.45,5692.65,No,67,,0,88.94765625,1,0,76.725,5724.8,1
9705-IOVQQ,Huntington Park,Male,Yes,Yes,Yes,61,One year,Electronic check,99,5969.3,No,20,,0,97.85737704918033,1,1,80,6039,1
1015-OWJKI,Lawndale,Male,No,No,No,1,Month-to-month,Mailed check,19.05,19.05,No,59,,0,19.05,2,0,10.025,19.05,0
2040-XBAVJ,Malibu,Male,No,Yes,Yes,72,Two year,Bank transfer (automatic),114.45,8100.55,No,32,,0,112.50763888888889,0,0,93.225,8240.4,1
8887-IPQNC,Manhattan Beach,Female,No,Yes,No,7,Month-to-month,Mailed check,44.25,313.45,No,58,,0,44.778571428571425,2,0,25.625,309.75,0
8646-JCOMS,Maywood,Female,No,Yes,No,66,One year,Bank transfer (automatic),90.55,6130.95,No,38,,0,92.89318181818182,1,0,78.275,5976.3,1
1222-KJNZD,Palos Verdes Peninsula,Male,No,Yes,Yes,40,Month-to-month,Bank transfer (automatic),20.4,745.3,No,72,,0,18.6325,2,0,30.2,816,0
0106-GHRQR,Rancho Palos Verdes,Male,No,No,No,16,Month-to-month,Bank transfer (automatic),71.4,1212.1,No,39,,0,75.75625,2,0,43.7,1142.4,0
3768-VHXQO,Redondo Beach,Male,No,Yes,No,67,Two year,Credit card (automatic),24.85,1583.5,No,51,,0,23.634328358208954,0,0,45.925,1664.95,0
8952-WCVCD,South Gate,Female,No,Yes,No,41,One year,Bank transfer (automatic),104.45,4162.05,No,65,,0,101.51341463414634,1,0,72.725,4282.45,1
2418-TPEUN,Topanga,Female,No,Yes,Yes,56,Two year,Credit card (automatic),19.8,1119.9,No,59,,0,19.998214285714287,0,0,37.9,1108.8,0
3963-RYFNS,Venice,Female,No,No,No,72,Two year,Bank transfer (automatic),116.45,8013.55,No,20,,0,111.29930555555556,0,0,94.225,8384.4,1
8540-ZQGEA,Playa Del Rey,Female,No,Yes,No,54,Two year,Credit card (automatic),20.05,1102.4,No,40,,0,20.414814814814818,0,0,37.025,1082.7,0
1320-REHCS,Inglewood,Male,Yes,No,No,52,Month-to-month,Electronic check,110.75,5832,No,46,,0,112.15384615384616,2,1,81.375,5759,1
4137-JOPHL,Inglewood,Female,No,No,No,50,Two year,Bank transfer (automatic),89.7,4304.5,No,45,,0,86.09,0,0,69.85,4485,1
7801-CEDNV,Inglewood,Male,No,Yes,No,27,One year,Credit card (automatic),48.7,1421.75,No,30,,0,52.657407407407405,1,0,37.85,1314.9,0
2057-BOYKM,Inglewood,Female,Yes,Yes,No,72,Two year,Bank transfer (automatic),96.6,6827.5,No,78,,0,94.82638888888889,0,0,84.3,6955.2,1
3658-QQJYD,Santa Monica,Male,No,No,No,62,One year,Credit card (automatic),74.3,4698.05,No,77,,0,75.775,1,0,68.15,4606.599999999999,1
1803-BGNBD,Santa Monica,Female,No,No,No,12,Month-to-month,Electronic check,54.3,654.5,No,63,,0,54.541666666666664,2,1,33.15,651.5999999999999,0
0134-XWXCE,Santa Monica,Female,Yes,No,No,44,One year,Bank transfer (automatic),74.85,3268.05,No,71,,0,74.27386363636364,1,0,59.425,3293.3999999999996,1
6950-TWMYB,Santa Monica,Male,No,Yes,Yes,54,Two year,Bank transfer (automatic),79.95,4362.05,No,48,,0,80.77870370370371,0,0,66.975,4317.3,1
5848-FHRFC,Santa Monica,Female,No,No,No,68,Two year,Bank transfer (automatic),20.05,1386.9,No,63,,0,20.39558823529412,0,0,44.025,1363.4,0
2243-FNMMI,Torrance,Male,No,No,No,20,Month-to-month,Mailed check,19.4,415.4,No,32,,0,20.77,2,0,19.7,388,0
2511-MORQY,Torrance,Male,No,Yes,No,50,One year,Bank transfer (automatic),54.9,2614.1,No,41,,0,52.282,1,0,52.45,2745,1
5356-KZCKT,Torrance,Male,No,No,No,58,Two year,Credit card (automatic),24.45,1513.6,No,38,,0,26.096551724137928,0,0,41.225,1418.1,0
9470-XCCEM,Torrance,Male,No,Yes,Yes,35,Month-to-month,Bank transfer (automatic),89.65,3161.6,No,34,,0,90.33142857142857,2,0,62.325,3137.75,1
6519-CFDBX,Torrance,Female,No,No,No,2,Month-to-month,Electronic check,45.4,80.95,No,45,,0,40.475,2,1,23.7,90.8,0
3902-MIVLE,Whittier,Male,No,Yes,No,63,Two year,Mailed check,75.7,4676.7,No,62,,0,74.23333333333333,0,0,69.35,4769.1,1
0409-WTMPL,Whittier,Female,No,Yes,No,58,One year,Credit card (automatic),110.65,6526.65,No,55,,0,112.52844827586206,1,0,84.325,6417.700000000001,1
8763-KIAFH,Whittier,Female,No,Yes,No,27,One year,Mailed check,20.55,583.3,No,31,,0,21.6037037037037,1,0,23.775,554.85,0
3669-WHAFY,Whittier,Female,No,Yes,No,71,Two year,Credit card (automatic),115.15,8078.1,No,24,,0,113.77605633802817,0,0,93.075,8175.650000000001,1
3055-VTCGS,Whittier,Female,No,No,No,63,One year,Credit card (automatic),58.55,3503.5,No,63,,0,55.611111111111114,1,0,60.775,3688.6499999999996,1
3144-KMTWZ,Whittier,Male,No,Yes,No,71,Month-to-month,Bank transfer (automatic),93.25,6669.45,No,63,,0,93.93591549295775,2,0,82.125,6620.75,1
2007-QVGAW,Cypress,Female,No,Yes,Yes,68,Two year,Bank transfer (automatic),19.35,1292.65,No,27,,0,19.009558823529414,0,0,43.675,1315.8000000000002,0
5207-PLSTK,La Habra,Male,No,Yes,Yes,1,Month-to-month,Mailed check,48.75,48.75,No,58,,0,48.75,2,0,24.875,48.75,0
2307-FYNNL,La Mirada,Male,Yes,No,No,65,Two year,Electronic check,109.05,7108.2,No,29,,0,109.35692307692307,0,1,87.025,7088.25,1
5605-XNWEN,Montebello,Male,Yes,Yes,No,72,Two year,Bank transfer (automatic),25,1802.55,No,69,,0,25.035416666666666,0,0,48.5,1800,0
2155-AMQRX,Norwalk,Female,No,No,No,28,Month-to-month,Credit card (automatic),54.9,1505.15,No,26,,0,53.75535714285714,2,0,41.45,1537.2,0
6181-AXXYF,Pico Rivera,Male,No,Yes,Yes,72,Two year,Credit card (automatic),24.75,1859.1,No,71,,0,25.820833333333333,0,0,48.375,1782,0
5091-HFAZW,Santa Fe Springs,Female,No,No,No,2,Month-to-month,Electronic check,91.15,168.5,No,52,,0,84.25,2,1,46.575,182.3,0
2519-LBNQL,Artesia,Male,Yes,Yes,No,60,One year,Electronic check,104.35,6339.45,No,73,,0,105.6575,1,1,82.175,6261,1
8623-ULFNQ,Cerritos,Female,Yes,No,No,26,Month-to-month,Electronic check,66.05,1652.4,No,43,,0,63.55384615384616,2,1,46.025,1717.3,0
1568-LJSZU,Harbor City,Male,No,Yes,No,68,Two year,Credit card (automatic),92.2,6392.85,No,43,,0,94.0125,0,0,80.1,6269.6,1
7789-HKSBS,Lakewood,Female,Yes,Yes,No,42,One year,Bank transfer (automatic),105.2,4599.15,No,36,,0,109.50357142857142,1,0,73.6,4418.400000000001,1
7416-CKTEP,Lakewood,Female,No,Yes,No,57,Two year,Bank transfer (automatic),19.6,1134.25,No,77,,0,19.899122807017545,0,0,38.3,1117.2,0
2586-CWXVV,Hawaiian Gardens,Male,No,Yes,No,54,Month-to-month,Electronic check,30.4,1621.35,No,78,,0,30.025,2,1,42.2,1641.6,0
2348-KCJLT,Los Alamitos,Female,No,Yes,No,44,One year,Mailed check,61.5,2722.2,No,21,,0,61.86818181818182,1,0,52.75,2706,1
8401-EMUWF,Paramount,Male,No,Yes,Yes,42,Month-to-month,Bank transfer (automatic),69.4,3058.3,No,36,,0,72.81666666666668,2,0,55.7,2914.8,1
4193-IBKSW,San Pedro,Male,No,Yes,Yes,72,Two year,Bank transfer (automatic),24.75,1769.6,No,67,,0,24.577777777777776,0,0,48.375,1782,0
5377-NDTOU,San Pedro,Female,No,Yes,No,71,Two year,Mailed check,91.05,6293.75,No,39,,0,88.6443661971831,0,0,81.025,6464.55,1
2474-LCNUE,Sunset Beach,Female,No,Yes,No,23,Month-to-month,Credit card (automatic),73.65,1642.75,No,61,,0,71.42391304347827,2,0,48.325,1693.95,0
0839-QNXME,Surfside,Female,No,No,No,30,Two year,Credit card (automatic),19.4,578.5,No,78,,0,19.283333333333335,0,0,24.7,582,0
3506-OVLKD,Wilmington,Male,No,No,No,35,One year,Bank transfer (automatic),26.2,954.9,No,80,,0,27.282857142857143,1,0,30.6,917,0
6650-VJONK,Carson,Male,No,No,No,1,Month-to-month,Bank transfer (automatic),43.85,43.85,No,39,,0,43.85,2,0,22.425,43.85,0
2178-PMGCJ,Long Beach,Male,No,No,No,22,Month-to-month,Mailed check,69.7,1490.4,No,32,,0,67.74545454545455,2,0,45.85,1533.4,0
7492-TAFJD,Long Beach,Male,No,Yes,No,7,Two year,Mailed check,38.55,280,No,70,,0,40,0,0,22.775,269.84999999999997,0
2773-MADBQ,Long Beach,Female,No,No,No,36,Two year,Mailed check,53.1,1901.25,No,40,,0,52.8125,0,0,44.55,1911.6000000000001,0
6016-LVTJQ,Long Beach,Female,No,Yes,Yes,34,Month-to-month,Mailed check,20.65,716.4,No,74,,0,21.070588235294117,2,0,27.325,702.0999999999999,0
7860-KSUGX,Long Beach,Male,No,Yes,No,72,Two year,Credit card (automatic),64.45,4720,No,74,,0,65.55555555555556,0,0,68.225,4640.400000000001,1
8966-KZXXA,Long Beach,Male,No,Yes,Yes,36,Two year,Credit card (automatic),25.1,930.95,No,45,,0,25.859722222222224,0,0,30.55,903.6,0
5149-QYTTU,Long Beach,Female,No,Yes,Yes,71,One year,Credit card (automatic),95.15,6770.85,No,41,,0,95.36408450704226,1,0,83.075,6755.650000000001,1
2070-XYMFH,Long Beach,Female,Yes,No,No,23,Month-to-month,Mailed check,79.35,1835.3,No,50,,0,79.79565217391304,2,0,51.175,1825.05,0
2085-BOJKI,Long Beach,Male,No,Yes,No,17,One year,Bank transfer (automatic),96.65,1588.25,No,37,,0,93.42647058823529,1,0,56.825,1643.0500000000002,0
0817-HSUSE,Altadena,Male,No,No,No,1,Month-to-month,Electronic check,75.5,75.5,No,43,,0,75.5,2,1,38.25,75.5,0
5442-PPTJY,Arcadia,Male,No,Yes,Yes,12,Two year,Mailed check,19.7,258.35,No,24,,0,21.52916666666667,0,0,15.85,236.39999999999998,0
1927-QEWMY,Arcadia,Female,No,Yes,No,72,Two year,Credit card (automatic),20.5,1502.25,No,25,,0,20.864583333333332,0,0,46.25,1476,0
1663-MHLHE,Duarte,Male,No,No,No,1,Month-to-month,Mailed check,19.2,19.2,No,44,,0,19.2,2,0,10.1,19.2,0
5663-QBGIS,La Canada Flintridge,Male,Yes,Yes,No,72,Two year,Bank transfer (automatic),98.35,6929.4,No,73,,0,96.24166666666666,0,0,85.175,7081.2,1
4450-MDZFX,Monrovia,Male,No,Yes,Yes,60,Month-to-month,Bank transfer (automatic),74.35,4453.3,No,26,,0,74.22166666666666,2,0,67.175,4461,1
6701-DHKWQ,Montrose,Female,No,Yes,No,61,Two year,Credit card (automatic),51.35,3244.4,No,55,,0,53.18688524590164,0,0,56.175,3132.35,1
7554-AKDQF,Sierra Madre,Female,No,Yes,No,6,Month-to-month,Mailed check,45.65,323.45,No,40,,0,53.90833333333333,2,0,25.825,273.9,0
0794-YVSGE,Pasadena,Male,No,Yes,Yes,72,Two year,Bank transfer (automatic),20.3,1401.15,No,76,,0,19.460416666666667,0,0,46.15,1461.6000000000001,0
5423-BHIXO,Pasadena,Female,No,No,No,32,Month-to-month,Electronic check,54.2,1739.6,No,43,,0,54.3625,2,1,43.1,1734.4,0
6908-VVYHM,Pasadena,Male,No,Yes,No,65,Month-to-month,Electronic check,90.65,5931,No,70,,0,91.24615384615385,2,1,77.825,5892.25,1
2959-EEXWB,Pasadena,Female,No,Yes,Yes,45,Month-to-month,Bank transfer (automatic),50.9,2333.85,No,64,,0,51.86333333333333,2,0,47.95,2290.5,1
1839-UMACK,Pasadena,Male,No,No,No,42,One year,Electronic check,25.05,949.85,No,55,,0,22.61547619047619,1,1,33.525,1052.1000000000001,0
3030-YDNRM,Pasadena,Male,No,No,No,8,Month-to-month,Electronic check,74.85,572.45,No,40,,0,71.55625,2,1,41.425,598.8,0
7321-KKSDU,San Marino,Male,No,No,Yes,32,Two year,Mailed check,20.5,696.8,No,50,,0,21.775,0,0,26.25,656,0
3402-XRIUO,Glendale,Female,Yes,Yes,No,22,Month-to-month,Mailed check,63.55,1381.8,No,36,,0,62.809090909090905,2,0,42.775,1398.1,0
8286-AFUYI,Glendale,Male,No,No,No,1,Month-to-month,Electronic check,47.95,47.95,No,35,,0,47.95,2,1,24.475,47.95,0
8356-WUAOJ,Glendale,Female,No,Yes,No,1,Month-to-month,Electronic check,45,45,No,63,,0,45,2,1,23,45,0
8058-DMYRU,Glendale,Male,Yes,No,No,54,Month-to-month,Electronic check,90.05,4931.8,No,23,,0,91.32962962962964,2,1,72.025,4862.7,1
9350-ZXYJC,La Crescenta,Female,No,No,No,4,Two year,Credit card (automatic),25.3,116.95,No,63,,0,29.2375,0,0,14.65,101.2,0
8958-JPTRR,Calabasas,Female,No,Yes,No,56,One year,Electronic check,24.3,1261.7,No,33,,0,22.530357142857145,1,1,40.15,1360.8,0
6959-GQEGV,Canoga Park,Male,No,No,No,45,Month-to-month,Electronic check,75.95,3273.8,No,28,,0,72.75111111111111,2,1,60.475,3417.75,1
3173-WSSUE,Canoga Park,Female,No,Yes,Yes,71,Two year,Credit card (automatic),19.7,1415.85,No,52,,0,19.941549295774646,0,0,45.35,1398.7,0
1265-HVPZB,Winnetka,Male,No,Yes,No,59,One year,Credit card (automatic),66.4,3958.2,No,64,,0,67.08813559322033,1,0,62.7,3917.6000000000004,1
4115-UMJFQ,West Hills,Male,No,No,No,69,One year,Bank transfer (automatic),35.75,2492.25,No,32,,0,36.119565217391305,1,0,52.375,2466.75,1
7369-TRPFD,Chatsworth,Male,No,No,No,19,One year,Mailed check,18.8,279.2,No,43,,0,14.694736842105263,1,0,18.9,357.2,0
1098-KFQEC,Encino,Female,No,Yes,Yes,55,Two year,Credit card (automatic),19.4,1083,No,23,,0,19.69090909090909,0,0,37.2,1067,0
7190-XHTWJ,Newbury Park,Female,No,No,No,38,One year,Mailed check,19.3,755.5,No,32,,0,19.88157894736842,1,0,28.65,733.4,0
3537-RYBHH,Northridge,Female,Yes,Yes,No,47,Month-to-month,Credit card (automatic),67.45,3252,No,67,,0,69.19148936170212,2,0,57.225,3170.15,1
5296-BFCYD,San Fernando,Male,No,Yes,Yes,46,Two year,Mailed check,20.1,936.85,No,24,,0,20.366304347826087,0,0,33.05,924.6,0
9359-JANWS,North Hills,Female,No,Yes,No,65,Two year,Credit card (automatic),58.9,3857.1,No,50,,0,59.339999999999996,0,0,61.95,3828.5,1
3279-DYZQM,Santa Clarita,Male,No,Yes,Yes,71,Two year,Mailed check,19.45,1378.45,No,63,,0,19.414788732394367,0,0,45.225,1380.95,0
0523-VNGTF,Sun Valley,Female,Yes,No,No,52,Month-to-month,Electronic check,50.5,2566.3,No,70,,0,49.35192307692308,2,1,51.25,2626,1
9575-IWCAZ,Valencia,Male,No,Yes,No,6,One year,Mailed check,25.1,171,No,31,,0,28.5,1,0,15.55,150.60000000000002,0
7105-MXJLL,Valencia,Female,Yes,Yes,No,26,One year,Mailed check,60.7,1597.4,No,68,,0,61.43846153846154,1,0,43.35,1578.2,0
7064-FRRSW,Tarzana,Male,Yes,No,No,48,One year,Electronic check,99,4744.35,No,78,,0,98.840625,1,1,73.5,4752,1
7940-UQQUG,Thousand Oaks,Female,No,Yes,Yes,64,One year,Bank transfer (automatic),104.4,6721.6,No,33,,0,105.025,1,0,84.2,6681.6,1
3961-SXAXY,Thousand Oaks,Male,No,No,No,1,Month-to-month,Bank transfer (automatic),44.05,44.05,No,54,,0,44.05,2,0,22.525,44.05,0
7010-BRBUU,Woodland Hills,Male,No,Yes,Yes,72,Two year,Credit card (automatic),24.1,1734.65,No,23,,0,24.092361111111114,0,0,48.05,1735.2,0
3566-HJGPK,Woodland Hills,Male,No,No,No,1,Month-to-month,Mailed check,45.55,45.55,No,31,,0,45.55,2,0,23.275,45.55,0
3062-ICYZQ,Oak Park,Female,No,Yes,Yes,51,Month-to-month,Electronic check,93.8,4539.35,No,20,,0,89.00686274509805,2,1,72.4,4783.8,1
9938-PRCVK,Stevenson Ranch,Female,No,Yes,Yes,41,Two year,Bank transfer (automatic),19.7,804.25,No,52,,0,19.615853658536587,0,0,30.35,807.6999999999999,0
0973-KYVNF,Castaic,Female,No,Yes,No,72,Two year,Credit card (automatic),70.65,5011.15,No,75,,0,69.59930555555555,0,0,71.325,5086.8,1
5129-HHMZC,Van Nuys,Female,No,Yes,No,43,Two year,Credit card (automatic),86.45,3574.5,No,53,,0,83.12790697674419,0,0,64.725,3717.35,1
9637-CDTKZ,Panorama City,Male,No,Yes,No,72,Two year,Credit card (automatic),114.1,8086.4,No,61,,0,112.3111111111111,0,0,93.05,8215.199999999999,1
3946-JEWRQ,Sherman Oaks,Male,No,Yes,No,47,One year,Credit card (automatic),95.2,4563,No,72,,0,97.08510638297872,1,0,71.1,4474.400000000001,1
7873-CVMAW,Van Nuys,Male,No,No,No,72,Two year,Credit card (automatic),88.55,6362.35,No,32,,0,88.36597222222223,0,0,80.275,6375.599999999999,1
0463-WZZKO,Van Nuys,Male,No,No,No,3,Month-to-month,Credit card (automatic),20.75,67.1,No,30,,0,22.366666666666664,2,0,11.875,62.25,0
4524-QCSSM,Encino,Male,No,No,No,26,Month-to-month,Bank transfer (automatic),44.65,1156.55,No,33,,0,44.482692307692304,2,0,35.325,1160.8999999999999,0
5832-EXGTT,Burbank,Male,No,Yes,Yes,29,Month-to-month,Mailed check,60.2,1834.15,No,76,,0,63.24655172413794,2,0,44.6,1745.8000000000002,0
2039-JONDJ,Burbank,Male,No,No,No,27,One year,Bank transfer (automatic),55.45,1477.65,No,80,,0,54.72777777777778,1,0,41.225,1497.15,0
7217-JYHOQ,Burbank,Male,No,Yes,Yes,24,Month-to-month,Credit card (automatic),70.3,1706.45,No,56,,0,71.10208333333334,2,0,47.15,1687.1999999999998,0
6695-FRVEC,Burbank,Male,No,Yes,No,67,Two year,Bank transfer (automatic),60.4,3953.7,No,73,,0,59.01044776119403,0,0,63.7,4046.7999999999997,1
9894-QMIMJ,North Hollywood,Female,No,No,No,23,One year,Bank transfer (automatic),55.8,1327.85,No,20,,0,57.73260869565217,1,0,39.4,1283.3999999999999,0
8069-YQQAJ,Studio City,Male,No,No,No,14,Month-to-month,Mailed check,31.1,419.7,No,55,,0,29.978571428571428,2,0,22.55,435.40000000000003,0
1636-NTNCO,Valley Village,Male,Yes,No,No,4,Month-to-month,Credit card (automatic),50.95,207.35,No,33,,0,51.8375,2,0,27.475,203.8,0
3466-WAESX,Rancho Cucamonga,Male,No,No,Yes,16,Month-to-month,Electronic check,69.1,1083.7,No,71,,0,67.73125,2,1,42.55,1105.6,0
9281-PKKZE,Azusa,Female,No,Yes,No,46,Month-to-month,Electronic check,43.95,2007.85,No,47,,0,43.64891304347826,2,1,44.975,2021.7,1
3638-VBZTA,Baldwin Park,Male,No,No,No,68,Two year,Bank transfer (automatic),86.5,5882.75,No,45,,0,86.51102941176471,0,0,77.25,5882,1
7459-IMVYU,Chino Hills,Male,No,No,No,38,Month-to-month,Electronic check,69.95,2657.55,No,39,,0,69.93552631578947,2,1,53.975,2658.1,1
8563-OYMQY,Covina,Male,No,No,No,17,Month-to-month,Credit card (automatic),90.95,1612.2,No,23,,0,94.83529411764707,2,0,53.975,1546.15,0
0754-EEBDC,Covina,Male,No,Yes,Yes,4,Two year,Mailed check,19.9,76.65,No,74,,0,19.1625,0,0,11.95,79.6,0
5777-ZPQNC,Covina,Female,No,No,No,12,One year,Electronic check,20.15,260.7,No,38,,0,21.724999999999998,1,1,16.075,241.79999999999998,0
1951-IEYXM,Rancho Cucamonga,Male,No,Yes,No,72,Two year,Credit card (automatic),90.6,6441.85,No,73,,0,89.4701388888889,0,0,81.3,6523.2,1
3318-NMQXL,El Monte,Male,No,No,No,3,Month-to-month,Electronic check,92,266.8,No,42,,0,88.93333333333334,2,1,47.5,276,0
1022-RKXDR,South El Monte,Female,No,No,No,41,One year,Mailed check,24.85,962.25,No,42,,0,23.46951219512195,1,0,32.925,1018.85,0
2361-FJWNO,Rancho Cucamonga,Male,No,No,No,40,One year,Credit card (automatic),36,1382.9,No,38,,0,34.572500000000005,1,0,38,1440,0
2272-UOINI,Rancho Cucamonga,Female,No,No,No,7,Month-to-month,Electronic check,78.5,571.05,No,47,,0,81.57857142857142,2,1,42.75,549.5,0
8232-UTFOZ,Glendora,Male,No,No,No,69,Two year,Credit card (automatic),19.95,1399.35,No,59,,0,20.280434782608694,0,0,44.475,1376.55,0
3750-YHRYO,Glendora,Male,No,Yes,No,7,One year,Mailed check,20.65,150,No,27,,0,21.428571428571427,1,0,13.825,144.54999999999998,0
6637-KYRCV,La Puente,Female,No,Yes,Yes,5,Month-to-month,Electronic check,30.5,167.2,No,27,,0,33.44,2,1,17.75,152.5,0
5668-MEISB,Hacienda Heights,Female,No,Yes,Yes,72,Two year,Credit card (automatic),106.1,7657.4,No,34,,0,106.35277777777777,0,0,89.05,7639.2,1
0129-QMPDR,La Puente,Male,No,Yes,No,44,One year,Bank transfer (automatic),20.5,865.05,No,59,,0,19.660227272727273,1,0,32.25,902,0
7188-CBBBA,Rowland Heights,Female,No,No,No,65,One year,Electronic check,95.5,6153.85,No,35,,0,94.6746153846154,1,1,80.25,6207.5,1
9802-CAQUT,Coarsegold,Female,No,Yes,Yes,72,Two year,Credit card (automatic),109.55,7887.25,No,27,,0,109.54513888888889,0,0,90.775,7887.599999999999,1
5356-CSVSQ,La Verne,Female,No,No,No,3,Month-to-month,Electronic check,64.6,174.2,No,24,,0,58.06666666666666,2,1,33.8,193.79999999999998,0
3221-CJMSG,Mira Loma,Male,No,No,No,24,Month-to-month,Credit card (automatic),51.1,1269.6,No,23,,0,52.9,2,0,37.55,1226.4,0
3219-JQRSL,Monterey Park,Female,Yes,Yes,No,72,Two year,Credit card (automatic),89.1,6352.4,No,39,,0,88.22777777777777,0,0,80.55,6415.2,1
2801-NISEI,Mt Baldy,Male,No,No,No,24,Month-to-month,Electronic check,54.95,1348.5,No,55,,0,56.1875,2,1,39.475,1318.8000000000002,0
4623-ZKHLY,Ontario,Male,No,Yes,No,22,Month-to-month,Bank transfer (automatic),20.45,471.55,No,28,,0,21.43409090909091,2,0,21.225,449.9,0
6732-VAILE,Montclair,Male,No,Yes,No,70,Two year,Credit card (automatic),85.95,5931.75,No,60,,0,84.73928571428571,0,0,77.975,6016.5,1
8201-AAXCB,Ontario,Male,No,Yes,Yes,25,Month-to-month,Electronic check,60.35,1404.65,No,75,,0,56.18600000000001,2,1,42.675,1508.75,0
7696-CFTAT,Diamond Bar,Male,No,Yes,Yes,37,Two year,Bank transfer (automatic),19.8,726.1,No,28,,0,19.624324324324323,0,0,28.4,732.6,0
1845-CSBRZ,Pomona,Female,Yes,Yes,Yes,22,Month-to-month,Bank transfer (automatic),85.35,1961.6,No,49,,0,89.16363636363636,2,0,53.675,1877.6999999999998,0
2123-VSCOT,Pomona,Female,No,Yes,No,59,Two year,Bank transfer (automatic),72.1,4194.85,No,52,,0,71.09915254237289,0,0,65.55,4253.9,1
2018-QKYGT,San Gabriel,Male,No,Yes,Yes,1,Month-to-month,Electronic check,81.05,81.05,No,27,,0,81.05,2,1,41.025,81.05,0
2792-VPPET,San Gabriel,Male,No,No,No,3,Month-to-month,Electronic check,20.5,76.95,No,35,,0,25.650000000000002,2,1,11.75,61.5,0
7409-JURKQ,Temple City,Female,No,Yes,No,53,One year,Bank transfer (automatic),111.8,5809.75,No,28,,0,109.61792452830188,1,0,82.4,5925.4,1
3247-MHJKM,Upland,Male,No,No,No,1,Month-to-month,Mailed check,20.2,20.2,No,72,,0,20.2,2,0,10.6,20.2,0
1964-SVLEA,Upland,Male,No,No,No,20,One year,Mailed check,19.7,415.9,No,80,,0,20.794999999999998,1,0,19.85,394,0
7297-DVYGA,West Covina,Female,No,No,No,51,One year,Bank transfer (automatic),19.85,996.95,No,65,,0,19.548039215686277,1,0,35.425,1012.35,0
2239-CGBUZ,West Covina,Female,No,Yes,No,51,One year,Bank transfer (automatic),60.5,3145.15,No,63,,0,61.66960784313726,1,0,55.75,3085.5,1
0854-UYHZD,West Covina,Female,No,Yes,Yes,13,Two year,Mailed check,19.55,265.3,No,55,,0,20.407692307692308,0,0,16.275,254.15,0
7243-LCGGZ,Alhambra,Female,No,No,No,1,Month-to-month,Mailed check,20.9,20.9,No,72,,0,20.9,2,0,10.95,20.9,0
8267-KFGYD,Alhambra,Male,No,No,Yes,1,Month-to-month,Mailed check,21.05,21.05,No,32,,0,21.05,2,0,11.025,21.05,0
4890-VMUAV,Alpine,Male,No,No,No,63,One year,Electronic check,71.5,4576.3,No,36,,0,72.63968253968254,1,1,67.25,4504.5,1
9261-WDCAF,Bonita,Male,No,No,No,3,Month-to-month,Mailed check,54.65,189.1,No,34,,0,63.03333333333333,2,0,28.825,163.95,0
3764-MNMOI,Boulevard,Male,No,No,No,46,Two year,Credit card (automatic),19.2,908.15,No,54,,0,19.742391304347827,0,0,32.6,883.1999999999999,0
7442-YGZFK,Campo,Male,No,No,No,1,Month-to-month,Credit card (automatic),49.8,49.8,No,79,,0,49.8,2,0,25.4,49.8,0
8229-BUJHX,Chula Vista,Female,No,Yes,Yes,71,Two year,Bank transfer (automatic),20.5,1500.95,No,62,,0,21.140140845070423,0,0,45.75,1455.5,0
7449-HVPIV,Chula Vista,Male,No,Yes,Yes,55,Month-to-month,Credit card (automatic),90.4,5099.15,No,44,,0,92.71181818181817,2,0,72.7,4972,1
5504-WSIUR,Chula Vista,Female,No,No,No,70,One year,Bank transfer (automatic),90.25,6385.95,No,33,,0,91.22785714285715,1,0,80.125,6317.5,1
8466-PZBLH,Descanso,Male,No,Yes,Yes,67,Two year,Bank transfer (automatic),104.6,6885.75,No,56,,0,102.7723880597015,0,0,85.8,7008.2,1
8735-IJJEG,Guatay,Male,No,Yes,No,14,Month-to-month,Credit card (automatic),50.2,668.85,No,48,,0,47.775,2,0,32.1,702.8000000000001,0
0564-MUUQK,Imperial Beach,Female,No,Yes,Yes,20,Month-to-month,Bank transfer (automatic),95.5,1916.2,No,73,,0,95.81,2,0,57.75,1910,0
0701-RFGFI,La Mesa,Female,No,Yes,Yes,49,Month-to-month,Bank transfer (automatic),95.4,4613.95,No,41,,0,94.16224489795918,2,0,72.2,4674.6,1
0019-EFAEP,La Mesa,Female,No,No,No,72,Two year,Bank transfer (automatic),101.3,7261.25,No,53,,0,100.85069444444444,0,0,86.65,7293.599999999999,1
5619-PTMIK,Lemon Grove,Female,No,Yes,No,46,Month-to-month,Electronic check,53.1,2459.8,No,72,,0,53.47391304347826,2,1,49.55,2442.6,1
3737-XBQDD,Mount Laguna,Male,No,No,No,24,Month-to-month,Bank transfer (automatic),84.85,2048.8,No,23,,0,85.36666666666667,2,0,54.425,2036.3999999999999,1
5882-CMAZQ,National City,Female,No,Yes,Yes,5,Month-to-month,Electronic check,34.25,163.55,No,21,,0,32.71,2,1,19.625,171.25,0
5846-QFDFI,Pine Valley,Female,No,Yes,Yes,33,Month-to-month,Credit card (automatic),88.6,2888.7,No,78,,0,87.53636363636363,2,0,60.8,2923.7999999999997,1
4445-KWOKW,Potrero,Female,No,No,No,42,One year,Bank transfer (automatic),60.15,2421.6,No,55,,0,57.65714285714286,1,0,51.075,2526.2999999999997,1
3511-APPBJ,Spring Valley,Male,No,No,No,23,One year,Credit card (automatic),99.95,2292.75,No,62,,0,99.68478260869566,1,0,61.475,2298.85,1
7967-HYCDE,Spring Valley,Male,No,No,No,8,Month-to-month,Bank transfer (automatic),70.7,553.4,No,27,,0,69.175,2,0,39.35,565.6,0
2430-RRYUW,Tecate,Male,No,No,No,66,One year,Mailed check,54.8,3465.7,No,20,,0,52.51060606060606,1,0,60.4,3616.7999999999997,1
3723-BFBGR,Borrego Springs,Male,Yes,No,No,24,Month-to-month,Credit card (automatic),54.8,1291.3,No,25,,0,53.80416666666667,2,0,39.4,1315.1999999999998,0
5447-WZAFP,Carlsbad,Female,No,No,No,53,One year,Mailed check,100.3,5200.8,No,71,,0,98.12830188679246,1,0,76.65,5315.9,1
5110-CHOPY,Carlsbad,Female,No,No,No,60,Two year,Electronic check,53.6,3237.05,No,39,,0,53.950833333333335,0,1,56.8,3216,1
4425-OWHWB,El Cajon,Female,No,No,No,20,One year,Credit card (automatic),19.35,433.75,No,77,,0,21.6875,1,0,19.675,387,0
7892-QVYKW,El Cajon,Female,No,Yes,Yes,23,Month-to-month,Electronic check,85.6,1868.4,No,25,,0,81.23478260869565,2,1,54.3,1968.8,0
9675-ICXCT,El Cajon,Male,No,Yes,No,72,Two year,Electronic check,80.8,5728.55,No,75,,0,79.56319444444445,0,1,76.4,5817.599999999999,1
4703-MQYKT,Escondido,Male,No,No,No,21,Two year,Mailed check,19.6,390.4,No,22,,0,18.59047619047619,0,0,20.3,411.6,0
5692-ICXLW,Escondido,Male,Yes,No,No,31,Month-to-month,Electronic check,90.7,2845.15,No,60,,0,91.77903225806452,2,1,60.85,2811.7000000000003,1
0602-DDUML,Fallbrook,Female,No,No,No,57,Two year,Mailed check,69.75,3894.4,No,38,,0,68.32280701754387,0,0,63.375,3975.75,1
2208-MPXIO,Escondido,Female,No,Yes,Yes,45,Two year,Bank transfer (automatic),20,886.4,No,71,,0,19.697777777777777,0,0,32.5,900,0
1960-UYCNN,Julian,Male,No,No,No,10,Month-to-month,Electronic check,95.25,1021.55,No,23,,0,102.155,2,1,52.625,952.5,0
3190-FZATL,Lakeside,Male,No,No,Yes,14,Month-to-month,Mailed check,19.95,268.4,No,71,,0,19.17142857142857,2,0,16.975,279.3,0
7336-RLLRH,Oceanside,Male,No,Yes,No,27,One year,Mailed check,80.85,2204.35,No,51,,0,81.64259259259259,1,0,53.925,2182.95,1
7710-JSYOA,Pala,Female,No,Yes,Yes,69,Two year,Bank transfer (automatic),93.3,6398.05,No,45,,0,92.72536231884058,0,0,81.15,6437.7,1
9885-MFVSU,Poway,Female,No,Yes,No,35,Two year,Credit card (automatic),46.35,1662.05,No,46,,0,47.48714285714286,0,0,40.675,1622.25,0
0607-MVMGC,Ranchita,Male,No,Yes,No,45,One year,Credit card (automatic),78.75,3600.65,No,63,,0,80.01444444444445,1,0,61.875,3543.75,1
3365-SAIGS,Rancho Santa Fe,Female,No,No,No,17,Month-to-month,Electronic check,83.55,1329.15,No,59,,0,78.18529411764706,2,1,50.275,1420.35,0
8022-BECSI,Santa Ysabel,Male,No,No,No,22,One year,Mailed check,19.6,422.5,No,37,,0,19.204545454545453,1,0,20.8,431.20000000000005,0
9993-LHIEB,Solana Beach,Male,No,Yes,No,67,Two year,Mailed check,67.85,4627.65,No,59,,0,69.06940298507462,0,0,67.425,4545.95,1
0266-CLZKZ,San Marcos,Female,No,Yes,Yes,67,Two year,Bank transfer (automatic),105.65,6717.9,No,59,,0,100.26716417910447,0,0,86.325,7078.55,1
7020-OZKXZ,Vista,Female,Yes,No,No,9,Month-to-month,Credit card (automatic),75.5,637.4,No,30,,0,70.82222222222222,2,0,42.25,679.5,0
3977-QCRSL,Warner Springs,Female,No,No,No,5,Month-to-month,Mailed check,20.15,117.95,No,66,,0,23.59,2,0,12.575,100.75,0
0017-DINOC,Rancho Santa Fe,Male,No,No,No,54,Two year,Credit card (automatic),45.2,2460.55,No,54,,0,45.56574074074074,0,0,49.6,2440.8,1
7639-OPLNG,San Diego,Male,No,Yes,No,70,Two year,Bank transfer (automatic),79.25,5731.85,No,27,,0,81.88357142857143,0,0,74.625,5547.5,1
1492-QGCLU,San Diego,Male,No,Yes,Yes,53,Month-to-month,Electronic check,85.7,4616.1,No,36,,0,87.09622641509435,2,1,69.35,4542.1,1
7328-OWMOM,San Diego,Female,No,No,No,31,One year,Credit card (automatic),20.1,589.25,No,30,,0,19.008064516129032,1,0,25.55,623.1,0
4418-LZMSV,San Diego,Male,No,Yes,Yes,13,Month-to-month,Bank transfer (automatic),61.8,750.1,No,47,,0,57.7,2,0,37.4,803.4,0
5155-AZQPB,San Diego,Female,No,Yes,Yes,28,Month-to-month,Mailed check,49.9,1410.25,No,74,,0,50.36607142857143,2,0,38.95,1397.2,0
1087-GRUYI,San Diego,Male,No,Yes,No,38,Two year,Bank transfer (automatic),20.4,743.5,No,65,,0,19.56578947368421,0,0,29.2,775.1999999999999,0
2546-KZAAT,San Diego,Male,No,Yes,No,52,One year,Mailed check,75.4,3865.45,No,59,,0,74.33557692307691,1,0,63.7,3920.8,1
0181-RITDD,San Diego,Male,No,Yes,Yes,62,Two year,Mailed check,108.15,6825.65,No,43,,0,110.09112903225805,0,0,85.075,6705.3,1
5989-PGKJB,San Diego,Female,No,No,No,16,Month-to-month,Electronic check,86.25,1340.1,No,65,,0,83.75625,2,1,51.125,1380,0
8272-ONJLV,San Diego,Male,No,No,No,12,One year,Electronic check,95.7,1184,No,41,,0,98.66666666666667,1,1,53.85,1148.4,0
1488-PBLJN,San Diego,Female,No,Yes,Yes,72,Two year,Bank transfer (automatic),116.85,8477.7,No,33,,0,117.74583333333334,0,0,94.425,8413.199999999999,1
0308-GIQJT,San Diego,Male,Yes,No,No,71,One year,Bank transfer (automatic),105.75,7382.85,No,54,,0,103.98380281690142,1,0,88.375,7508.25,1
3778-FOAQW,San Diego,Female,No,Yes,No,24,One year,Mailed check,20.15,456.85,No,39,,0,19.035416666666666,1,0,22.075,483.59999999999997,0
4452-ROHMO,San Diego,Female,No,No,No,15,Two year,Mailed check,19.6,331.6,No,38,,0,22.10666666666667,0,0,17.3,294,0
3090-LETTY,San Diego,Male,No,No,Yes,2,Month-to-month,Bank transfer (automatic),60.95,134.6,No,78,,0,67.3,2,0,31.475,121.9,0
5349-AZPEW,San Diego,Female,No,Yes,Yes,5,Month-to-month,Mailed check,25.05,125.5,No,24,,0,25.1,2,0,15.025,125.25,0
9720-JJJOR,San Ysidro,Male,No,Yes,No,41,One year,Bank transfer (automatic),60.3,2511.3,No,50,,0,61.25121951219513,1,0,50.65,2472.2999999999997,1
8100-HZZLJ,Indio,Female,No,No,Yes,43,Month-to-month,Electronic check,63.95,2737.05,No,55,,0,63.65232558139535,2,1,53.475,2749.85,1
8775-ERLNB,Indio,Male,Yes,Yes,No,1,Month-to-month,Electronic check,74.3,74.3,No,47,,0,74.3,2,1,37.65,74.3,0
8309-IEYJD,Indian Wells,Female,Yes,No,No,1,Month-to-month,Mailed check,70.6,70.6,No,25,,0,70.6,2,0,35.8,70.6,0
7398-HPYZQ,Beaumont,Male,No,Yes,No,71,Two year,Bank transfer (automatic),90.55,6404,No,23,,0,90.19718309859155,0,0,80.775,6429.05,1
3546-GHEAE,Blythe,Male,No,No,No,7,Two year,Mailed check,19.45,165.35,No,42,,0,23.62142857142857,0,0,13.225,136.15,0
7361-YPXFS,Brawley,Female,Yes,No,No,28,Month-to-month,Bank transfer (automatic),64.45,1867.6,No,37,,0,66.7,2,0,46.225,1804.6000000000001,0
6557-BZXLQ,Cabazon,Male,Yes,No,No,16,Month-to-month,Electronic check,69.65,1043.3,No,63,,0,65.20625,2,1,42.825,1114.4,0
2550-QHZGP,Calexico,Male,No,No,No,7,One year,Mailed check,19.5,128.6,No,71,,0,18.37142857142857,1,0,13.25,136.5,0
7519-JTWQH,Calipatria,Female,No,No,No,69,Two year,Bank transfer (automatic),110.5,7455.45,No,33,,0,108.05,0,0,89.75,7624.5,1
2538-OIMXF,Cathedral City,Female,No,No,Yes,1,Month-to-month,Mailed check,24.7,24.7,No,55,,0,24.7,2,0,12.85,24.7,0
8543-MSDMF,Coachella,Male,No,No,No,3,Month-to-month,Electronic check,77.4,206.15,No,24,,0,68.71666666666667,2,1,40.2,232.20000000000002,0
1170-SASML,Desert Hot Springs,Female,No,Yes,No,69,Month-to-month,Bank transfer (automatic),85.4,5869.4,No,62,,0,85.06376811594203,2,0,77.2,5892.6,1
4872-JCVCA,Desert Hot Springs,Female,No,Yes,No,71,Two year,Bank transfer (automatic),47.6,3377.8,No,22,,0,47.57464788732395,0,0,59.3,3379.6,1
5346-BZCHP,Earp,Female,No,Yes,Yes,69,Two year,Mailed check,19.4,1346.2,No,57,,0,19.51014492753623,0,0,44.2,1338.6,0
2038-LLMLM,El Centro,Female,No,No,No,48,Month-to-month,Electronic check,103.85,4946.05,No,78,,0,103.04270833333334,2,1,75.925,4984.799999999999,1
1216-BGTSP,Imperial,Male,No,No,No,45,Month-to-month,Credit card (automatic),108.45,4964.7,No,33,,0,110.32666666666667,2,0,76.725,4880.25,1
4138-NAXED,Joshua Tree,Male,No,No,No,51,Month-to-month,Bank transfer (automatic),81,4085.75,No,34,,0,80.11274509803921,2,0,66,4131,1
0744-BIKKF,Mecca,Male,No,No,No,72,Two year,Bank transfer (automatic),86.65,6224.8,No,67,,0,86.45555555555556,0,0,79.325,6238.8,1
7483-IQWIB,Morongo Valley,Male,No,Yes,Yes,37,Month-to-month,Electronic check,92.95,3415.25,No,42,,0,92.30405405405405,2,1,64.975,3439.15,1
5248-KWLAR,Niland,Male,No,Yes,No,71,Two year,Electronic check,90.35,6325.25,No,28,,0,89.08802816901408,0,1,80.675,6414.849999999999,1
7996-MHXLW,Ocotillo,Female,No,No,No,66,Two year,Credit card (automatic),25.15,1683.6,No,61,,0,25.509090909090908,0,0,45.575,1659.8999999999999,0
7833-PKIHD,Palm Desert,Male,No,Yes,No,51,One year,Bank transfer (automatic),76.4,3966.3,No,52,,0,77.77058823529413,1,0,63.7,3896.4,1
7061-OVMIM,Palm Springs,Female,No,Yes,No,30,One year,Bank transfer (automatic),19.55,608.5,No,50,,0,20.283333333333335,1,0,24.775,586.5,0
5153-RTHKF,Palm Springs,Female,No,No,No,34,Month-to-month,Electronic check,85.35,2896.6,No,78,,0,85.19411764705882,2,1,59.675,2901.8999999999996,1
1852-QSWCD,Palo Verde,Male,No,Yes,Yes,64,Two year,Mailed check,24.8,1514.85,No,55,,0,23.66953125,0,0,44.4,1587.2,0
4832-VRBMR,Parker Dam,Male,Yes,Yes,No,65,One year,Bank transfer (automatic),103.15,6792.45,No,51,,0,104.49923076923076,1,0,84.075,6704.75,1
9079-LWTFD,Pioneertown,Male,No,No,No,47,Month-to-month,Mailed check,100.75,4669.2,No,27,,0,99.34468085106383,2,0,73.875,4735.25,1
3392-EHMNK,Thermal,Female,No,Yes,Yes,67,Two year,Credit card (automatic),94.1,6302.8,No,58,,0,94.07164179104478,0,0,80.55,6304.7,1
5986-WWXDV,Salton City,Male,No,No,No,39,One year,Bank transfer (automatic),19.35,779.2,No,68,,0,19.97948717948718,1,0,29.175,754.6500000000001,0
3061-BCKYI,Thousand Palms,Male,No,No,No,14,Month-to-month,Mailed check,19.9,283.75,No,34,,0,20.267857142857142,2,0,16.95,278.59999999999997,0
7901-TBKJX,Twentynine Palms,Male,Yes,No,No,56,Month-to-month,Electronic check,101.05,5594,No,65,,0,99.89285714285714,2,1,78.525,5658.8,1
7228-PAQPD,Vidal,Female,No,No,No,14,One year,Credit card (automatic),59.1,772.85,No,58,,0,55.20357142857143,1,0,36.55,827.4,0
7746-QYVCO,White Water,Male,No,Yes,No,16,One year,Mailed check,55.85,857.8,No,55,,0,53.6125,1,0,35.925,893.6,0
5804-HYIEZ,Winterhaven,Male,No,Yes,Yes,70,Month-to-month,Electronic check,106.05,7554.05,No,30,,0,107.915,2,1,88.025,7423.5,1
9919-FZDED,Yucca Valley,Male,Yes,Yes,No,72,Two year,Credit card (automatic),84.1,5981.65,No,63,,0,83.07847222222222,0,0,78.05,6055.2,1
5934-TSSAU,Landers,Female,No,Yes,Yes,23,Month-to-month,Credit card (automatic),75.3,1702.9,No,49,,0,74.0391304347826,2,0,49.15,1731.8999999999999,0
3486-KHMLI,Adelanto,Male,No,No,Yes,21,Month-to-month,Mailed check,24.7,467.15,No,54,,0,22.245238095238093,2,0,22.85,518.6999999999999,0
6784-XYJAE,Fort Irwin,Female,No,No,No,36,One year,Electronic check,55.8,1941.5,No,25,,0,53.93055555555556,1,1,45.9,2008.8,1
3933-DQPWX,Barstow,Female,No,No,No,50,Two year,Credit card (automatic),39.7,1932.75,No,49,,0,38.655,0,0,44.85,1985.0000000000002,0
6661-EIPZC,Grand Terrace,Female,No,Yes,Yes,48,Month-to-month,Credit card (automatic),29.5,1423.05,No,36,,0,29.646874999999998,2,0,38.75,1416,0
8957-THMOA,Big Bear City,Female,No,No,Yes,50,Two year,Credit card (automatic),20.15,970.85,No,27,,0,19.417,0,0,35.075,1007.4999999999999,0
2251-PYLPB,Big Bear Lake,Male,No,Yes,No,72,Two year,Credit card (automatic),79.55,5810.9,No,55,,0,80.70694444444445,0,0,75.775,5727.599999999999,1
5555-RNPGT,Bloomington,Male,No,No,Yes,10,Month-to-month,Credit card (automatic),24.8,223.9,No,36,,0,22.39,2,0,17.4,248,0
1057-FOGLZ,Calimesa,Female,No,No,No,18,Month-to-month,Mailed check,19.65,391.7,No,20,,0,21.76111111111111,2,0,18.825,353.7,0
8087-LGYHQ,Crestline,Male,No,No,No,9,Month-to-month,Electronic check,94.05,811.65,No,42,,0,90.18333333333334,2,1,51.525,846.4499999999999,0
4137-BTIKL,Daggett,Male,No,No,No,2,Month-to-month,Mailed check,90.75,174.75,No,60,,0,87.375,2,0,46.375,181.5,0
2190-BCXEC,Death Valley,Female,No,Yes,No,40,Month-to-month,Credit card (automatic),78.85,3126.85,No,45,,0,78.17125,2,0,59.425,3154,1
6227-FBDXH,Essex,Male,No,Yes,No,69,One year,Bank transfer (automatic),99.5,6841.45,No,56,,0,99.15144927536231,1,0,84.25,6865.5,1
2911-WDXMV,Fontana,Male,No,No,Yes,18,Month-to-month,Credit card (automatic),80.55,1406.65,No,37,,0,78.14722222222223,2,0,49.275,1449.8999999999999,0
7206-PQBBZ,Fontana,Male,Yes,Yes,No,11,Month-to-month,Electronic check,70.2,834.7,No,29,,0,75.88181818181819,2,1,40.6,772.2,0
4547-FZJWE,Forest Falls,Male,No,Yes,No,55,One year,Credit card (automatic),59.45,3157,No,77,,0,57.4,1,0,57.225,3269.75,1
7422-WNBTY,Green Valley Lake,Male,No,Yes,No,33,Month-to-month,Electronic check,93.35,3092,No,40,,0,93.6969696969697,2,1,63.175,3080.5499999999997,1
0842-IWYCP,Helendale,Female,No,No,No,46,Month-to-month,Bank transfer (automatic),44.95,2168.9,No,44,,0,47.15,2,0,45.475,2067.7000000000003,1
3521-HTQTV,Hesperia,Male,No,No,No,34,Two year,Bank transfer (automatic),26.1,980.35,No,46,,0,28.833823529411767,0,0,30.05,887.4000000000001,0
3744-ZBHON,Highland,Female,No,No,No,3,Month-to-month,Electronic check,20.2,65.95,No,24,,0,21.983333333333334,2,1,11.6,60.599999999999994,0
3373-DIUUN,Hinkley,Male,No,Yes,Yes,30,Two year,Mailed check,21.25,711.9,No,70,,0,23.73,0,0,25.625,637.5,0
8383-SGHJU,Lake Arrowhead,Female,No,No,No,33,One year,Electronic check,59.4,1952.8,No,38,,0,59.17575757575757,1,1,46.2,1960.2,0
7607-QKKTJ,Loma Linda,Male,No,Yes,Yes,45,One year,Credit card (automatic),95,4368.85,No,27,,0,97.08555555555556,1,0,70,4275,1
7707-PYBBH,Lucerne Valley,Male,No,No,No,40,Month-to-month,Mailed check,61.9,2647.1,No,52,,0,66.1775,2,0,50.95,2476,1
8984-HPEMB,Lytle Creek,Female,No,No,No,71,Two year,Electronic check,118.65,8477.6,No,73,,0,119.40281690140846,0,1,94.825,8424.15,1
4139-DETXS,Needles,Female,No,Yes,No,72,Two year,Bank transfer (automatic),64.45,4528,No,45,,0,62.888888888888886,0,0,68.225,4640.400000000001,1
9779-DPNEJ,Nipton,Female,No,Yes,Yes,22,Month-to-month,Electronic check,80.15,1790.65,No,42,,0,81.39318181818182,2,1,51.075,1763.3000000000002,0
9805-FILKB,Newberry Springs,Male,No,Yes,No,46,One year,Bank transfer (automatic),20.2,845.6,No,68,,0,18.382608695652173,1,0,33.1,929.1999999999999,0
5793-YOLJN,Oro Grande,Female,No,Yes,Yes,55,Two year,Mailed check,21,1210.3,No,24,,0,22.005454545454544,0,0,38,1155,0
0673-IGUQO,Phelan,Male,No,No,No,1,Month-to-month,Mailed check,20.45,20.45,No,38,,0,20.45,2,0,10.725,20.45,0
4123-FCVCB,Pinon Hills,Female,No,No,No,12,One year,Mailed check,75.85,854.45,No,70,,0,71.20416666666667,1,0,43.925,910.1999999999999,0
8819-IMISP,Redlands,Male,No,No,No,31,Month-to-month,Electronic check,80.45,2429.1,No,49,,0,78.35806451612903,2,1,55.725,2493.9500000000003,1
8311-UEUAB,Rialto,Female,No,Yes,No,67,Two year,Electronic check,75.5,5229.45,No,69,,0,78.05149253731344,0,1,71.25,5058.5,1
5858-EAFCZ,Rialto,Male,No,No,No,1,Month-to-month,Mailed check,44.45,44.45,No,74,,0,44.45,2,0,22.725,44.45,0
1163-ONYEY,Shoshone,Male,No,Yes,Yes,41,Month-to-month,Credit card (automatic),74.55,3023.55,No,61,,0,73.74512195121952,2,0,57.775,3056.5499999999997,1
5656-MJEFC,Victorville,Male,No,Yes,No,42,Two year,Credit card (automatic),48.15,2032.3,No,25,,0,48.38809523809524,0,0,45.075,2022.3,1
6082-OQFBA,Victorville,Male,No,Yes,No,23,One year,Mailed check,19.65,436.9,No,70,,0,18.995652173913044,1,0,21.325,451.95,0
8974-OVACP,Yermo,Female,No,No,No,1,Month-to-month,Mailed check,20.15,20.15,No,31,,0,20.15,2,0,10.575,20.15,0
4010-YLMVT,Yucaipa,Female,No,No,No,56,Month-to-month,Credit card (automatic),106.6,5893.95,No,80,,0,105.24910714285714,2,0,81.3,5969.599999999999,1
1379-FRVEB,San Bernardino,Male,No,No,Yes,15,Month-to-month,Electronic check,91,1430.05,No,48,,0,95.33666666666666,2,1,53,1365,0
8612-GXIDD,San Bernardino,Male,No,Yes,Yes,12,Two year,Bank transfer (automatic),25.4,313,No,71,,0,26.083333333333332,0,0,18.7,304.79999999999995,0
6288-CHQJB,San Bernardino,Female,No,Yes,No,54,Two year,Bank transfer (automatic),69.95,3871.85,No,57,,0,71.70092592592593,0,0,61.975,3777.3,1
8160-HOWOX,San Bernardino,Female,No,No,No,7,Month-to-month,Electronic check,66.85,458.1,No,43,,0,65.44285714285715,2,1,36.925,467.94999999999993,0
6648-INWPS,San Bernardino,Male,No,Yes,Yes,16,Month-to-month,Electronic check,20.15,341.35,No,58,,0,21.334375,2,1,18.075,322.4,0
4223-BKEOR,San Bernardino,Female,No,No,No,21,One year,Mailed check,64.85,1336.8,No,51,,0,63.65714285714286,1,0,42.925,1361.85,0
4079-VTGLK,Riverside,Male,Yes,Yes,No,30,Two year,Electronic check,74.85,2181.75,No,27,,0,72.725,0,1,52.425,2245.5,1
1763-WQFUK,Riverside,Male,No,No,No,3,Month-to-month,Mailed check,50.5,147.75,No,43,,0,49.25,2,0,26.75,151.5,0
1391-UBDAR,Riverside,Male,No,No,No,11,Month-to-month,Electronic check,72.9,818.45,No,71,,0,74.40454545454546,2,1,41.95,801.9000000000001,0
8894-JVDCV,Riverside,Female,No,No,No,62,One year,Credit card (automatic),115.05,7133.45,No,43,,0,115.05564516129031,1,0,88.525,7133.099999999999,1
2023-VQFDL,Riverside,Male,No,No,No,18,Month-to-month,Electronic check,19,348.8,No,39,,0,19.37777777777778,2,1,18.5,342,0
1345-GKDZZ,Riverside,Male,No,No,Yes,6,Month-to-month,Mailed check,19.55,128.6,No,69,,0,21.433333333333334,2,0,12.775,117.30000000000001,0
2014-MKGMH,Riverside,Female,No,No,No,46,One year,Electronic check,101.1,4674.4,No,54,,0,101.61739130434782,1,1,73.55,4650.599999999999,1
5628-FCGYG,Riverside,Male,No,No,No,21,Month-to-month,Electronic check,84.1,1737.45,No,69,,0,82.7357142857143,2,1,52.55,1766.1,0
2560-WBWXF,March Air Reserve Base,Male,No,No,No,68,Two year,Bank transfer (automatic),24.15,1498.85,No,70,,0,22.04191176470588,0,0,46.075,1642.1999999999998,0
0248-IPDFW,Lake Elsinore,Female,No,No,No,1,Month-to-month,Electronic check,50.1,50.1,No,57,,0,50.1,2,1,25.55,50.1,0
7978-DKUQH,Lake Elsinore,Female,No,Yes,No,25,Month-to-month,Electronic check,74.6,1797.75,No,35,,0,71.91,2,1,49.8,1864.9999999999998,0
4335-UPJSI,Aguanga,Female,No,No,Yes,24,Two year,Mailed check,19.75,498.1,No,43,,0,20.754166666666666,0,0,21.875,474,0
1784-EZDKJ,Hemet,Male,No,Yes,No,51,One year,Bank transfer (automatic),106.8,5498.8,No,33,,0,107.81960784313726,1,0,78.9,5446.8,1
9297-FVVDH,Hemet,Female,No,Yes,No,57,Two year,Electronic check,84.5,4845.4,No,41,,0,85.00701754385965,0,1,70.75,4816.5,1
8007-YYPWD,Homeland,Female,No,No,No,15,Two year,Bank transfer (automatic),25.05,369.1,No,43,,0,24.60666666666667,0,0,20.025,375.75,0
7101-HRBLJ,Idyllwild,Female,No,Yes,No,72,Two year,Bank transfer (automatic),83.7,6096.9,No,36,,0,84.67916666666666,0,0,77.85,6026.400000000001,1
6635-CPNUN,Moreno Valley,Male,No,Yes,No,28,Month-to-month,Credit card (automatic),96.6,2684.35,No,43,,0,95.86964285714285,2,0,62.3,2704.7999999999997,1
5453-YBTWV,Moreno Valley,Male,No,Yes,Yes,70,Two year,Credit card (automatic),101.1,6994.8,No,62,,0,99.92571428571429,0,0,85.55,7077,1
5039-LZRQT,Mountain Center,Female,No,No,No,13,One year,Mailed check,20.2,273.25,No,34,,0,21.01923076923077,1,0,16.6,262.59999999999997,0
2931-VUVJN,Murrieta,Female,Yes,Yes,No,59,One year,Electronic check,94.05,5483.9,No,30,,0,92.94745762711864,1,1,76.525,5548.95,1
6418-PIQSP,Perris,Female,No,Yes,No,62,Two year,Mailed check,81,4985.9,No,31,,0,80.41774193548386,0,0,71.5,5022,1
8220-OCUFY,Perris,Female,No,No,No,21,One year,Electronic check,60.25,1258.35,No,25,,0,59.921428571428564,1,1,40.625,1265.25,0
3995-WFCSM,San Jacinto,Female,No,No,No,2,Month-to-month,Electronic check,60.85,111.4,No,54,,0,55.7,2,1,31.425,121.7,0
1895-QTKDO,San Jacinto,Female,No,No,No,1,Month-to-month,Credit card (automatic),43.95,43.95,No,20,,0,43.95,2,0,22.475,43.95,0
2038-OEQZH,Menifee,Male,No,No,No,4,Month-to-month,Electronic check,86.05,308.1,No,55,,0,77.025,2,1,45.025,344.2,0
1178-PZGAB,Sun City,Female,No,No,No,19,One year,Credit card (automatic),20.25,383.65,No,78,,0,20.192105263157895,1,0,19.625,384.75,0
2626-VEEWG,Sun City,Male,No,Yes,Yes,67,Two year,Credit card (automatic),19.4,1284.2,No,70,,0,19.16716417910448,0,0,43.2,1299.8,0
2878-RMWXY,Temecula,Male,Yes,Yes,No,72,Two year,Credit card (automatic),102.65,7550.3,No,66,,0,104.86527777777778,0,0,87.325,7390.8,1
1657-DYMBM,Temecula,Male,No,Yes,No,53,Two year,Credit card (automatic),19.9,1110.05,No,61,,0,20.944339622641508,0,0,36.45,1054.6999999999998,0
7311-MQJCH,Temecula,Female,No,No,No,5,One year,Electronic check,19.55,99.6,No,47,,0,19.919999999999998,1,1,12.275,97.75,0
7375-WMVMT,Wildomar,Male,Yes,Yes,No,71,Two year,Credit card (automatic),95.5,6707.15,No,80,,0,94.4669014084507,0,0,83.25,6780.5,1
1136-XGEQU,Winchester,Female,No,Yes,No,50,One year,Credit card (automatic),84.15,4164.4,No,43,,0,83.288,1,0,67.075,4207.5,1
2530-FMFXO,Irvine,Male,No,Yes,Yes,56,Two year,Electronic check,103.2,5873.75,No,55,,0,104.88839285714286,0,1,79.6,5779.2,1
6844-DZKRF,Irvine,Male,No,No,No,2,Month-to-month,Credit card (automatic),50.2,109.25,No,59,,0,54.625,2,0,26.1,100.4,0
5970-GHJAW,Irvine,Male,No,Yes,Yes,46,Two year,Credit card (automatic),19.95,862.4,No,75,,0,18.747826086956522,0,0,32.975,917.6999999999999,0
8879-XUAHX,Irvine,Male,No,Yes,No,71,Two year,Electronic check,116.25,8564.75,No,47,,0,120.63028169014085,0,1,93.625,8253.75,1
3689-MOZGR,Irvine,Female,No,No,No,29,Month-to-month,Electronic check,31.2,926.2,No,39,,0,31.93793103448276,2,1,30.1,904.8,0
4195-PNGZS,Irvine,Male,No,Yes,Yes,69,Two year,Bank transfer (automatic),24.45,1718.2,No,39,,0,24.90144927536232,0,0,46.725,1687.05,0
5003-XZWWO,Capistrano Beach,Male,No,Yes,No,71,Two year,Credit card (automatic),84.2,5956.85,No,33,,0,83.8992957746479,0,0,77.6,5978.2,1
7622-FWGEW,Costa Mesa,Male,Yes,Yes,No,56,Two year,Bank transfer (automatic),85.65,4824.45,No,70,,0,86.15089285714285,0,0,70.825,4796.400000000001,1
6922-NCEDI,Costa Mesa,Male,No,No,No,56,One year,Mailed check,21.2,1238.65,No,23,,0,22.118750000000002,1,0,38.6,1187.2,0
9891-NQDBD,Lake Forest,Female,No,Yes,No,28,One year,Mailed check,25.55,672.2,No,39,,0,24.00714285714286,1,0,26.775,715.4,0
6131-IUNXN,Huntington Beach,Female,No,Yes,Yes,19,Month-to-month,Mailed check,20.2,382.2,No,64,,0,20.11578947368421,2,0,19.6,383.8,0
8548-AWOFC,Huntington Beach,Male,No,Yes,No,66,Month-to-month,Electronic check,63.85,4264.6,No,72,,0,64.61515151515152,2,1,64.925,4214.1,1
9798-DRYDS,Huntington Beach,Female,No,Yes,No,17,One year,Mailed check,61.95,1070.7,No,27,,0,62.98235294117647,1,0,39.475,1053.15,0
8532-UEFWH,Huntington Beach,Male,No,Yes,Yes,52,Two year,Mailed check,25.75,1345.85,No,21,,0,25.881730769230767,0,0,38.875,1339,0
3606-TWKGI,Rowland Heights,Male,Yes,No,No,13,Month-to-month,Electronic check,106.9,1364.3,Yes,84,Extra data charges,1,104.94615384615385,2,1,59.95,1389.7,0
6296-DDOOR,Laguna Beach,Female,No,No,No,19,One year,Electronic check,58.2,1045.25,No,73,,0,55.01315789473684,1,1,38.6,1105.8,0
7951-VRDVK,Laguna Hills,Female,No,No,No,36,One year,Bank transfer (automatic),85.85,3003.55,No,64,,0,83.43194444444445,1,0,60.925,3090.6,1
4815-YOSUK,Aliso Viejo,Male,No,Yes,Yes,72,One year,Credit card (automatic),104.9,7537.5,No,35,,0,104.6875,1,0,88.45,7552.8,1
0380-NEAVX,Newport Beach,Male,Yes,No,No,34,One year,Electronic check,99.85,3343.15,No,71,,0,98.32794117647059,1,1,66.925,3394.8999999999996,1
4365-MSDYN,San Clemente,Male,No,Yes,No,8,Month-to-month,Bank transfer (automatic),19.55,161.15,No,31,,0,20.14375,2,0,13.775,156.4,0
7036-TYDEC,San Clemente,Female,No,No,No,69,Two year,Electronic check,104,7028.5,No,63,,0,101.8623188405797,0,1,86.5,7176,1
5802-ADBRC,San Juan Capistrano,Female,No,Yes,No,50,One year,Mailed check,104.4,5232.9,No,26,,0,104.65799999999999,1,0,77.2,5220,1
5197-YPYBZ,Laguna Niguel,Female,No,Yes,Yes,12,Two year,Credit card (automatic),25.25,274.7,No,49,,0,22.891666666666666,0,0,18.625,303,0
4312-GVYNH,Westminster,Female,No,Yes,No,70,Two year,Bank transfer (automatic),49.85,3370.2,No,26,,0,48.145714285714284,0,0,59.925,3489.5,1
8495-LJDFO,Rancho Santa Margarita,Female,Yes,No,No,64,Month-to-month,Bank transfer (automatic),108.95,7111.3,No,26,,0,111.1140625,2,0,86.475,6972.8,1
0839-JTCUD,Mission Viejo,Female,No,Yes,No,66,Two year,Credit card (automatic),89.9,5958.85,No,20,,0,90.28560606060607,0,0,77.95,5933.400000000001,1
5494-WOZRZ,Mission Viejo,Female,No,Yes,No,71,Two year,Credit card (automatic),82,5999.85,No,72,,0,84.5049295774648,0,0,76.5,5822,1
1302-UHBDD,Ladera Ranch,Male,Yes,No,No,20,Month-to-month,Electronic check,89.95,1648.45,No,33,,0,82.4225,2,1,54.975,1799,0
2234-EOFPT,Santa Ana,Male,No,Yes,No,72,Two year,Bank transfer (automatic),79.35,5753.25,No,55,,0,79.90625,0,0,75.675,5713.2,1
8619-IJNDK,Santa Ana,Female,No,Yes,No,71,Two year,Credit card (automatic),64.05,4492.9,No,71,,0,63.28028169014084,0,0,67.525,4547.55,1
8378-LKJAF,Santa Ana,Male,No,Yes,Yes,38,Month-to-month,Credit card (automatic),101.15,3956.7,No,34,,0,104.1236842105263,2,0,69.575,3843.7000000000003,1
1153-GNOLC,Santa Ana,Male,No,No,No,33,One year,Electronic check,39.1,1309,No,40,,0,39.666666666666664,1,1,36.05,1290.3,0
3298-QEICA,Fountain Valley,Female,No,Yes,No,23,Two year,Mailed check,34.6,813.45,No,73,,0,35.36739130434783,0,0,28.8,795.8000000000001,0
0788-DXBFY,Tustin,Male,No,Yes,No,58,One year,Electronic check,19.55,1108.8,No,72,,0,19.117241379310343,1,1,38.775,1133.9,0
3597-YASZG,Tustin,Female,Yes,Yes,No,70,Two year,Bank transfer (automatic),104.45,7349.35,No,27,,0,104.99071428571429,0,0,87.225,7311.5,1
3496-LFSZU,Anaheim,Male,No,Yes,No,4,Month-to-month,Electronic check,70.5,294.2,No,68,,0,73.55,2,1,37.25,282,0
5242-UOWHD,Anaheim,Male,No,Yes,Yes,45,Two year,Mailed check,20.35,929.2,No,62,,0,20.64888888888889,0,0,32.675,915.7500000000001,0
6479-SZPLM,Anaheim,Male,No,Yes,Yes,36,Two year,Credit card (automatic),19.45,754.5,No,39,,0,20.958333333333332,0,0,27.725,700.1999999999999,0
8097-VBQTZ,Anaheim,Male,No,No,No,54,Month-to-month,Mailed check,69.9,3883.3,No,65,,0,71.91296296296296,2,0,61.95,3774.6000000000004,1
4500-HKANN,Anaheim,Male,No,Yes,No,23,Two year,Mailed check,59.7,1414.2,No,49,,0,61.48695652173913,0,0,41.35,1373.1000000000001,0
9917-KWRBE,Anaheim,Female,No,Yes,No,41,One year,Credit card (automatic),78.35,3211.2,No,44,,0,78.32195121951219,1,0,59.675,3212.35,1
3420-ZDBMA,Brea,Male,Yes,No,No,5,Month-to-month,Mailed check,71.45,371.6,No,36,,0,74.32000000000001,2,0,38.225,357.25,0
2212-LYASK,Brea,Male,No,Yes,No,27,One year,Credit card (automatic),45.85,1246.4,No,49,,0,46.162962962962965,1,0,36.425,1237.95,0
1393-IMKZG,Fullerton,Female,No,No,No,1,Month-to-month,Electronic check,95.85,95.85,No,23,,0,95.85,2,1,48.425,95.85,0
8069-RHUXK,Fullerton,Female,No,Yes,No,67,Two year,Credit card (automatic),35.7,2545.7,No,25,,0,37.9955223880597,0,0,51.35,2391.9,1
3398-GCPMU,Fullerton,Female,Yes,Yes,No,72,Two year,Credit card (automatic),89.55,6448.85,No,25,,0,89.56736111111111,0,0,80.775,6447.599999999999,1
2908-WGAXL,Fullerton,Female,No,Yes,Yes,56,Two year,Credit card (automatic),24.95,1468.9,No,76,,0,26.230357142857144,0,0,40.475,1397.2,0
3378-AJRAO,Garden Grove,Male,No,Yes,No,44,One year,Electronic check,24.85,1013.6,No,58,,0,23.036363636363635,1,1,34.425,1093.4,0
1013-QCWAM,Garden Grove,Female,Yes,Yes,No,66,Month-to-month,Electronic check,100.8,6690.75,No,32,,0,101.375,2,1,83.4,6652.8,1
6050-FFXES,Garden Grove,Female,No,Yes,No,69,Two year,Bank transfer (automatic),105.35,7240.65,No,34,,0,104.93695652173912,0,0,87.175,7269.15,1
0362-RAOQO,Norco,Female,No,No,No,40,Two year,Credit card (automatic),19.65,830.25,No,75,,0,20.75625,0,0,29.825,786,0
9554-DFKIC,Villa Park,Male,No,Yes,Yes,30,Month-to-month,Bank transfer (automatic),54.45,1588.7,No,38,,0,52.95666666666667,2,0,42.225,1633.5,0
5527-ACHSO,Orange,Female,No,No,No,11,Month-to-month,Mailed check,70.5,829.3,No,75,,0,75.39090909090909,2,0,40.75,775.5,0
0829-DDVLK,Orange,Female,No,No,No,15,One year,Credit card (automatic),20.1,302.45,No,71,,0,20.163333333333334,1,0,17.55,301.5,0
1399-UBQIU,Orange,Male,No,No,No,11,Month-to-month,Electronic check,69.35,712.25,No,47,,0,64.75,2,1,40.175,762.8499999999999,0
1813-JLKWR,Orange,Female,No,Yes,No,64,One year,Bank transfer (automatic),19.8,1336.65,No,31,,0,20.88515625,1,0,41.9,1267.2,0
0336-PIKEI,Orange,Male,Yes,Yes,No,72,Two year,Bank transfer (automatic),74.4,5360.75,No,58,,0,74.45486111111111,0,0,73.2,5356.8,1
7322-OCWHC,Placentia,Male,Yes,Yes,No,72,Two year,Bank transfer (automatic),93.05,6735.05,No,39,,0,93.54236111111112,0,0,82.525,6699.599999999999,1
9537-VHDTA,Corona,Female,No,No,Yes,1,Month-to-month,Mailed check,51.2,51.2,No,51,,0,51.2,2,0,26.1,51.2,0
4957-TIALW,Corona,Female,No,No,No,15,One year,Credit card (automatic),65.6,1010,No,28,,0,67.33333333333333,1,0,40.3,983.9999999999999,0
2054-PJOCK,Corona,Female,No,No,No,60,One year,Credit card (automatic),80.55,4847.05,No,52,,0,80.78416666666666,1,0,70.275,4833,1
9150-HEPMB,Corona,Male,No,No,No,56,One year,Mailed check,52.7,3019.7,No,63,,0,53.92321428571428,1,0,54.35,2951.2000000000003,1
9030-QGZNL,Corona,Female,No,No,No,8,Two year,Mailed check,20.85,161.65,No,23,,0,20.20625,0,0,14.425,166.8,0
1790-NESIO,Concord,Female,No,No,No,13,Two year,Mailed check,20.4,261.3,No,76,,0,20.1,0,0,16.7,265.2,0
3126-WQMGH,Yorba Linda,Female,No,Yes,No,49,Month-to-month,Credit card (automatic),52.15,2583.75,No,40,,0,52.72959183673469,2,0,50.575,2555.35,1
7176-WRTNX,Ventura,Male,No,No,No,70,Two year,Bank transfer (automatic),114.95,7711.25,No,26,,0,110.16071428571429,0,0,92.475,8046.5,1
5732-IKGQH,Camarillo,Male,Yes,Yes,No,52,One year,Bank transfer (automatic),104.45,5481.25,No,78,,0,105.40865384615384,1,0,78.225,5431.400000000001,1
9239-GZHZE,Carpinteria,Female,No,Yes,No,72,Two year,Credit card (automatic),113.65,8124.2,No,79,,0,112.83611111111111,0,0,92.825,8182.8,1
7205-BAIAD,Fillmore,Female,No,No,No,40,Two year,Bank transfer (automatic),20.6,827.3,No,27,,0,20.682499999999997,0,0,30.3,824,0
0093-EXYQL,Ojai,Female,Yes,No,No,40,Month-to-month,Electronic check,91.55,3673.6,No,59,,0,91.84,2,1,65.775,3662,1
8064-RAVOH,Oxnard,Male,No,No,Yes,1,Month-to-month,Electronic check,49.85,49.85,No,49,,0,49.85,2,1,25.425,49.85,0
0219-QAERP,Oxnard,Male,No,Yes,No,30,One year,Credit card (automatic),19.8,576.65,No,74,,0,19.221666666666668,1,0,24.9,594,0
9168-INPSZ,Port Hueneme,Female,Yes,Yes,No,44,Month-to-month,Electronic check,104.15,4495.65,No,32,,0,102.17386363636363,2,1,74.075,4582.6,1
0015-UOCOJ,Simi Valley,Female,Yes,No,No,7,Month-to-month,Electronic check,48.2,340.35,No,34,,0,48.621428571428574,2,1,27.6,337.40000000000003,0
5334-AFQJB,Simi Valley,Male,Yes,No,No,72,Two year,Credit card (automatic),25.1,1789.9,No,74,,0,24.859722222222224,0,0,48.55,1807.2,0
2754-SDJRD,Somis,Female,Yes,No,No,8,Month-to-month,Credit card (automatic),100.15,908.55,No,42,,0,113.56875,2,0,54.075,801.2,0
8963-JLGJT,Santa Barbara,Male,No,No,Yes,3,Month-to-month,Mailed check,55.9,157.55,No,36,,0,52.51666666666667,2,0,29.45,167.7,0
1465-LNTLJ,Santa Barbara,Male,Yes,Yes,No,8,Month-to-month,Credit card (automatic),64.4,581.7,No,78,,0,72.7125,2,0,36.2,515.2,0
2135-DQWAQ,Santa Barbara,Female,No,No,No,5,Month-to-month,Mailed check,85.3,420.45,No,67,,0,84.09,2,0,45.15,426.5,0
4056-QHXHZ,Goleta,Female,No,Yes,Yes,72,Two year,Mailed check,107.45,7576.7,No,28,,0,105.23194444444444,0,0,89.725,7736.400000000001,1
7401-JIXNM,Arvin,Female,No,Yes,No,54,Two year,Credit card (automatic),91.3,4965,No,27,,0,91.94444444444444,0,0,72.65,4930.2,1
9339-FIIJL,Avenal,Male,No,Yes,No,72,Two year,Bank transfer (automatic),85.95,6151.9,No,62,,0,85.44305555555555,0,0,78.975,6188.400000000001,1
4706-DGAHW,California Hot Springs,Male,Yes,No,No,1,Month-to-month,Electronic check,45.2,45.2,No,44,,0,45.2,2,1,23.1,45.2,0
6670-MFRPK,Coalinga,Male,No,Yes,Yes,69,Two year,Credit card (automatic),79.2,5420.65,No,63,,0,78.56014492753623,0,0,74.1,5464.8,1
6177-PEVRA,Corcoran,Female,No,No,No,48,Two year,Credit card (automatic),55.5,2627.35,No,48,,0,54.73645833333333,0,0,51.75,2664,1
4813-HQMGZ,Ducor,Female,No,Yes,No,8,Month-to-month,Electronic check,90.25,743.75,No,76,,0,92.96875,2,1,49.125,722,0
7579-KKLOE,Earlimart,Male,No,Yes,No,71,Two year,Mailed check,91.25,6589.6,No,30,,0,92.8112676056338,0,0,81.125,6478.75,1
8402-EIVQS,Frazier Park,Male,No,Yes,No,67,One year,Credit card (automatic),100.9,6733.15,No,31,,0,100.49477611940299,1,0,83.95,6760.3,1
4947-DSMXK,Farmersville,Male,No,Yes,Yes,34,Month-to-month,Bank transfer (automatic),97.7,3410,No,39,,0,100.29411764705883,2,0,65.85,3321.8,1
7245-NIIWQ,Fellows,Female,No,No,No,3,Month-to-month,Electronic check,69.85,199.85,No,40,,0,66.61666666666666,2,1,36.425,209.54999999999998,0
0002-ORFBO,Frazier Park,Female,No,Yes,No,9,One year,Mailed check,65.6,593.3,No,65,,0,65.92222222222222,1,0,37.3,590.4,0
3324-OIRTO,Glennville,Male,No,Yes,Yes,71,One year,Bank transfer (automatic),104.65,7288.4,No,74,,0,102.65352112676055,1,0,87.825,7430.150000000001,1
5414-OFQCB,Hanford,Male,No,No,No,57,Two year,Credit card (automatic),90.45,5229.8,No,24,,0,91.75087719298246,0,0,73.725,5155.650000000001,1
4967-WPNCF,Huron,Male,No,No,No,72,Two year,Bank transfer (automatic),63.7,4464.8,No,46,,0,62.01111111111111,0,0,67.85,4586.400000000001,1
8552-OBVRU,Ivanhoe,Female,Yes,Yes,Yes,48,Month-to-month,Electronic check,104.5,5068.05,No,71,,0,105.58437500000001,2,1,76.25,5016,1
8499-BRXTD,Kernville,Male,No,No,No,18,One year,Mailed check,20.1,401.85,No,57,,0,22.325000000000003,1,0,19.05,361.8,0
7026-YMSBE,Berkeley,Male,No,No,No,30,One year,Mailed check,19.7,625.05,No,59,,0,20.834999999999997,1,0,24.85,591,0
9154-QDGTH,Kettleman City,Male,No,Yes,Yes,43,One year,Credit card (automatic),104.3,4451.85,No,60,,0,103.53139534883722,1,0,73.65,4484.9,1
8197-BFWVU,Lake Isabella,Female,No,Yes,No,72,Two year,Bank transfer (automatic),93.25,6688.95,No,28,,0,92.90208333333334,0,0,82.625,6714,1
2577-GVSIL,Lamont,Male,No,Yes,No,35,One year,Bank transfer (automatic),73.45,2661.1,No,66,,0,76.03142857142856,1,0,54.225,2570.75,1
9367-OIUXP,Laton,Male,No,No,No,4,Month-to-month,Mailed check,20.7,73.05,No,76,,0,18.2625,2,0,12.35,82.8,0
6770-UAYGJ,Lebec,Female,No,Yes,Yes,49,Two year,Mailed check,25.25,1211.65,No,35,,0,24.727551020408164,0,0,37.125,1237.25,0
6463-HHXJR,Lemon Cove,Female,No,Yes,Yes,71,Two year,Bank transfer (automatic),100.5,7030.65,No,41,,0,99.02323943661972,0,0,85.75,7135.5,1
7928-VJYAB,Lemoore,Male,No,Yes,Yes,11,Month-to-month,Electronic check,90.6,1020.2,No,65,,0,92.74545454545455,2,1,50.8,996.5999999999999,0
1187-WILMM,Lindsay,Male,No,Yes,No,63,Two year,Credit card (automatic),89.4,5597.65,No,80,,0,88.8515873015873,0,0,76.2,5632.200000000001,1
9776-OJUZI,Lost Hills,Female,Yes,No,No,65,Month-to-month,Bank transfer (automatic),95.45,6223.3,No,62,,0,95.74307692307693,2,0,80.225,6204.25,1
1306-RPWXZ,Mc Farland,Female,No,No,Yes,49,Two year,Credit card (automatic),20.45,1024.65,No,20,,0,20.91122448979592,0,0,34.725,1002.05,0
3097-PYWXL,New Cuyama,Female,No,Yes,Yes,4,Month-to-month,Electronic check,19.95,82.9,No,26,,0,20.725,2,1,11.975,79.8,0
2266-SJNAT,Onyx,Female,No,Yes,No,72,One year,Credit card (automatic),109.15,7789.6,No,46,,0,108.1888888888889,1,0,90.575,7858.8,1
0869-PAPRP,Pixley,Female,Yes,Yes,No,26,Month-to-month,Credit card (automatic),85.7,2067,No,23,,0,79.5,2,0,55.85,2228.2000000000003,1
4238-JSSWH,Porterville,Female,Yes,Yes,No,35,Month-to-month,Bank transfer (automatic),102.05,3452.55,No,35,,0,98.64428571428572,2,0,68.525,3571.75,1
2972-YDYUW,Posey,Female,No,No,No,57,One year,Electronic check,94.7,5468.95,No,70,,0,95.94649122807017,1,1,75.85,5397.900000000001,1
1104-FEJAM,Richgrove,Male,No,Yes,Yes,28,Month-to-month,Electronic check,64.4,1802.15,No,48,,0,64.3625,2,1,46.2,1803.2000000000003,0
2809-ILCYT,Sequoia National Park,Female,No,Yes,No,25,One year,Mailed check,26.8,733.55,No,78,,0,29.342,1,0,25.9,670,0
5499-ECUTN,Shafter,Female,No,Yes,No,47,One year,Credit card (automatic),66.05,3021.45,No,73,,0,64.28617021276595,1,0,56.525,3104.35,1
4981-FLTMF,Springville,Female,No,Yes,Yes,57,Month-to-month,Bank transfer (automatic),65.2,3687.85,No,76,,0,64.69912280701755,2,0,61.1,3716.4,1
9121-PHQSR,Stratford,Male,Yes,Yes,No,16,Month-to-month,Credit card (automatic),85.05,1391.15,No,80,,0,86.946875,2,0,50.525,1360.8,0
3113-IWHLC,Strathmore,Male,No,No,No,5,Month-to-month,Mailed check,55.8,274.35,No,69,,0,54.870000000000005,2,0,30.4,279,0
4277-BWBML,Three Rivers,Male,No,Yes,Yes,72,Two year,Bank transfer (automatic),19.95,1322.85,No,56,,0,18.372916666666665,0,0,45.975,1436.3999999999999,0
0234-TEVTT,Tulare,Female,No,Yes,Yes,48,One year,Credit card (automatic),45,2196.3,No,21,,0,45.75625,1,0,46.5,2160,1
4304-TSPVK,Tupman,Female,No,Yes,No,68,Two year,Bank transfer (automatic),114.9,7843.55,No,77,,0,115.34632352941176,0,0,91.45,7813.200000000001,1
1552-AAGRX,Visalia,Female,No,No,No,30,Month-to-month,Bank transfer (automatic),106.4,3211.9,No,35,,0,107.06333333333333,2,0,68.2,3192,1
2637-FKFSY,Wasco,Female,No,Yes,No,3,Month-to-month,Mailed check,46.1,130.15,No,39,,0,43.38333333333333,2,0,24.55,138.3,0
9796-MVYXX,Weldon,Female,Yes,No,No,14,Two year,Mailed check,39.7,692.35,No,47,,0,49.45357142857143,0,0,26.85,555.8000000000001,0
7874-ECPQJ,Wofford Heights,Female,No,No,Yes,4,Month-to-month,Bank transfer (automatic),20.05,85.5,No,57,,0,21.375,2,0,12.025,80.2,0
0020-INWCK,Woodlake,Female,No,Yes,Yes,71,Two year,Credit card (automatic),95.75,6849.4,No,26,,0,96.47042253521126,0,0,83.375,6798.25,1
7089-RKVSZ,Woody,Male,No,Yes,No,8,One year,Mailed check,24.4,203.95,No,35,,0,25.49375,1,0,16.2,195.2,0
2683-JXWQQ,Visalia,Male,No,Yes,Yes,61,Month-to-month,Bank transfer (automatic),33.6,2117.2,No,64,,0,34.708196721311474,2,0,47.3,2049.6,1
9548-ZMVTX,Visalia,Male,No,Yes,Yes,72,Two year,Bank transfer (automatic),90.45,6565.85,No,35,,0,91.19236111111111,0,0,81.225,6512.400000000001,1
8739-XNIKG,Bakersfield,Female,No,No,No,5,Month-to-month,Electronic check,84,424.75,No,54,,0,84.95,2,1,44.5,420,0
9755-JHNMN,Bakersfield,Female,No,No,No,49,Two year,Bank transfer (automatic),67.4,3306.85,No,66,,0,67.48673469387755,0,0,58.2,3302.6000000000004,1
3981-QSVQI,Bakersfield,Male,No,No,No,8,Month-to-month,Bank transfer (automatic),19.7,168.9,No,22,,0,21.1125,2,0,13.85,157.6,0
2789-HQBOU,Bakersfield,Male,No,No,No,3,Month-to-month,Electronic check,80.35,253.8,No,51,,0,84.60000000000001,2,1,41.675,241.04999999999998,0
9424-CMPOG,Bakersfield,Male,No,Yes,Yes,9,Two year,Mailed check,19.6,197.4,No,65,,0,21.933333333333334,0,0,14.3,176.4,0
5067-WJEUN,Bakersfield,Male,No,Yes,Yes,67,Two year,Bank transfer (automatic),54.2,3838.2,No,57,,0,57.286567164179104,0,0,60.6,3631.4,1
3450-WXOAT,Bakersfield,Male,No,No,No,46,Month-to-month,Credit card (automatic),45.2,2065.15,No,75,,0,44.8945652173913,2,0,45.6,2079.2000000000003,1
9251-WNSOD,Bakersfield,Female,No,Yes,No,67,One year,Mailed check,75.1,5064.45,No,25,,0,75.58880597014925,1,0,71.05,5031.7,1
6974-DAFLI,Bakersfield,Female,No,Yes,No,55,One year,Electronic check,19.7,1140.05,No,28,,0,20.728181818181817,1,1,37.35,1083.5,0
2616-UUTFK,Bakersfield,Male,No,Yes,No,33,Month-to-month,Bank transfer (automatic),72.75,2447.45,No,75,,0,74.1651515151515,2,0,52.875,2400.75,1
7064-JHXCE,San Luis Obispo,Male,No,Yes,Yes,62,Two year,Credit card (automatic),20.05,1263.9,No,63,,0,20.385483870967743,0,0,41.025,1243.1000000000001,0
7989-AWGEH,San Luis Obispo,Male,No,Yes,Yes,49,Month-to-month,Electronic check,39.2,1838.15,No,39,,0,37.51326530612245,2,1,44.1,1920.8000000000002,0
4373-VVHQL,Arroyo Grande,Male,No,No,No,1,Month-to-month,Electronic check,44.75,44.75,No,59,,0,44.75,2,1,22.875,44.75,0
4559-UWIHT,Atascadero,Male,No,Yes,No,14,Month-to-month,Electronic check,82.65,1185,No,79,,0,84.64285714285714,2,1,48.325,1157.1000000000001,0
7268-IGMFD,Avila Beach,Male,Yes,No,No,18,Month-to-month,Bank transfer (automatic),93.9,1743.9,No,47,,0,96.88333333333334,2,0,55.95,1690.2,0
6650-BWFRT,Cambria,Female,No,Yes,No,72,Two year,Credit card (automatic),117.15,8529.5,No,41,,0,118.46527777777777,0,0,94.575,8434.800000000001,1
9570-KYEUA,Casmalia,Male,No,No,No,64,Two year,Credit card (automatic),99.25,6549.45,No,59,,0,102.33515625,0,0,81.625,6352,1
6993-YGFJV,Cayucos,Male,No,Yes,No,69,Two year,Bank transfer (automatic),112.55,7806.5,No,52,,0,113.1376811594203,0,0,90.775,7765.95,1
2712-SYWAY,Creston,Female,No,No,No,1,Month-to-month,Electronic check,25.7,25.7,No,54,,0,25.7,2,1,13.35,25.7,0
0730-BGQGF,Grover Beach,Male,No,Yes,Yes,71,Two year,Credit card (automatic),90.3,6287.3,No,63,,0,88.55352112676057,0,0,80.65,6411.3,1
5498-IBWPI,Guadalupe,Female,No,Yes,Yes,66,One year,Credit card (automatic),49.4,3251.85,No,59,,0,49.27045454545454,1,0,57.7,3260.4,1
9101-NTIXF,Lompoc,Male,No,No,No,2,Month-to-month,Mailed check,19.4,50.6,No,56,,0,25.3,2,0,10.7,38.8,0
0013-SMEOE,Lompoc,Female,Yes,Yes,No,71,Two year,Bank transfer (automatic),109.7,7904.25,No,26,,0,111.3274647887324,0,0,90.35,7788.7,1
9314-QDMDW,Los Alamos,Male,No,No,No,11,One year,Electronic check,61.25,729.95,No,58,,0,66.35909090909091,1,1,36.125,673.75,0
9308-ANMVE,Los Olivos,Male,No,No,Yes,47,Month-to-month,Electronic check,55.3,2654.05,No,52,,0,56.469148936170214,2,1,51.15,2599.1,1
3413-DHLPB,Oceano,Male,No,Yes,Yes,60,Month-to-month,Bank transfer (automatic),103.75,5969.95,No,53,,0,99.49916666666667,2,0,81.875,6225,1
7649-PHJVR,Paso Robles,Male,No,No,No,11,One year,Mailed check,19.5,226.8,No,28,,0,20.61818181818182,1,0,15.25,214.5,0
6114-TCFID,Pismo Beach,Female,No,No,No,29,One year,Credit card (automatic),39.5,1082.75,No,29,,0,37.33620689655172,1,0,34.25,1145.5,0
3787-TRIAL,San Ardo,Male,No,Yes,Yes,21,Month-to-month,Electronic check,26.05,565.75,No,44,,0,26.94047619047619,2,1,23.525,547.0500000000001,0
2573-GYRUU,San Miguel,Male,Yes,Yes,No,48,Month-to-month,Credit card (automatic),91.05,4370.75,No,60,,0,91.05729166666667,2,0,69.525,4370.4,1
5156-UMKOW,San Simeon,Female,No,No,Yes,3,Month-to-month,Mailed check,29.65,90.05,No,69,,0,30.016666666666666,2,0,16.325,88.94999999999999,0
1247-QBVSH,Santa Margarita,Female,No,Yes,Yes,43,Month-to-month,Mailed check,50.2,2169.4,No,49,,0,50.45116279069768,2,0,46.6,2158.6,1
6734-GMPVK,Santa Maria,Male,No,No,No,5,Month-to-month,Electronic check,105.3,550.6,No,66,,0,110.12,2,1,55.15,526.5,0
9822-OAOVB,Santa Maria,Female,No,No,No,1,Month-to-month,Electronic check,55.45,55.45,No,45,,0,55.45,2,1,28.225,55.45,0
6161-ERDGD,Santa Maria,Male,No,Yes,Yes,71,One year,Electronic check,85.45,6300.85,No,32,,0,88.7443661971831,1,1,78.225,6066.95,1
1226-JZNKR,Santa Ynez,Female,No,Yes,No,8,One year,Electronic check,19.8,160.05,No,51,,0,20.00625,1,1,13.9,158.4,0
7318-EIVKO,Shandon,Male,No,No,No,8,Month-to-month,Electronic check,59.25,436.6,No,54,,0,54.575,2,1,33.625,474,0
3771-PZOBW,Solvang,Male,No,No,No,20,Month-to-month,Credit card (automatic),90.7,1781.35,No,77,,0,89.0675,2,0,55.35,1814,0
8231-BSWXX,Mojave,Male,No,No,No,71,One year,Credit card (automatic),79.05,5552.5,No,38,,0,78.20422535211267,1,0,75.025,5612.55,1
6486-LHTMA,California City,Female,Yes,Yes,No,31,One year,Electronic check,90.7,2835.5,No,34,,0,91.46774193548387,1,1,60.85,2811.7000000000003,1
4083-BFNYK,Acton,Female,Yes,Yes,No,38,One year,Credit card (automatic),95,3591.25,No,71,,0,94.50657894736842,1,0,66.5,3610,1
7389-KBFIT,Big Pine,Female,No,Yes,Yes,2,Month-to-month,Mailed check,30.25,63.75,No,61,,0,31.875,2,0,16.125,60.5,0
7176-WIONM,Bishop,Female,No,Yes,No,12,Month-to-month,Bank transfer (automatic),49.85,617.15,No,24,,0,51.42916666666667,2,0,30.925,598.2,0
5141-ZUVBH,Boron,Female,No,No,Yes,9,Month-to-month,Bank transfer (automatic),93,870.25,No,40,,0,96.69444444444444,2,0,51,837,0
1089-HDMKP,Bridgeport,Male,Yes,No,Yes,11,Month-to-month,Electronic check,54.55,601.25,No,40,,0,54.65909090909091,2,1,32.775,600.05,0
7623-HKYRK,Caliente,Male,No,No,Yes,6,Month-to-month,Mailed check,19.7,111.65,No,44,,0,18.608333333333334,2,0,12.85,118.19999999999999,0
0310-SUCIN,Darwin,Female,No,Yes,No,71,One year,Bank transfer (automatic),84.8,6046.1,No,28,,0,85.15633802816902,1,0,77.9,6020.8,1
5197-PYEPU,Edwards,Female,No,Yes,Yes,42,One year,Credit card (automatic),94.45,3923.8,No,63,,0,93.42380952380952,1,0,68.225,3966.9,1
6619-RPLQZ,June Lake,Female,No,Yes,Yes,45,Two year,Mailed check,20.85,892.15,No,32,,0,19.825555555555557,0,0,32.925,938.2500000000001,0
3275-RHRNE,Keeler,Male,No,Yes,Yes,28,One year,Credit card (automatic),60,1682.05,No,80,,0,60.073214285714286,1,0,44,1680,0
3503-TYDAY,Keene,Female,No,Yes,No,43,Month-to-month,Electronic check,80.45,3398.9,No,35,,0,79.04418604651163,2,1,61.725,3459.35,1
6901-GOGZG,Lake Hughes,Male,No,No,Yes,60,Two year,Electronic check,84.95,4984.85,No,41,,0,83.08083333333335,0,1,72.475,5097,1
7021-XSNYE,Lancaster,Male,No,Yes,Yes,7,Two year,Credit card (automatic),49.65,305.55,No,60,,0,43.65,0,0,28.325,347.55,0
9621-OUPYD,Lancaster,Female,No,Yes,No,25,One year,Bank transfer (automatic),20.2,507.9,No,23,,0,20.316,1,0,22.6,505,0
8982-NHAVY,Littlerock,Male,No,No,No,27,One year,Bank transfer (automatic),100.5,2673.45,No,50,,0,99.01666666666667,1,0,63.75,2713.5,1
4307-KWMXE,Llano,Male,No,No,No,10,Month-to-month,Electronic check,35.75,389.8,No,59,,0,38.980000000000004,2,1,22.875,357.5,0
0141-YEAYS,Lone Pine,Female,Yes,No,No,27,Month-to-month,Bank transfer (automatic),86.45,2401.05,No,77,,0,88.92777777777779,2,0,56.725,2334.15,1
2450-ZKEED,Mammoth Lakes,Female,No,No,No,11,One year,Bank transfer (automatic),53.8,651.55,No,27,,0,59.23181818181818,1,0,32.4,591.8,0
3694-DELSO,Olancha,Male,No,Yes,Yes,4,Month-to-month,Credit card (automatic),38.55,156.1,No,40,,0,39.025,2,0,21.275,154.2,0
3893-JRNFS,Palmdale,Male,No,No,No,68,Month-to-month,Bank transfer (automatic),39.9,2796.35,No,69,,0,41.12279411764706,2,0,53.95,2713.2,1
9603-OAIHC,Palmdale,Male,Yes,No,No,1,Month-to-month,Electronic check,70.05,70.05,No,51,,0,70.05,2,1,35.525,70.05,0
1133-KXCGE,Palmdale,Female,No,No,No,18,One year,Mailed check,20.1,407.05,No,55,,0,22.61388888888889,1,0,19.05,361.8,0
0142-GVYSN,Randsburg,Male,No,No,No,26,Month-to-month,Electronic check,20.3,511.25,No,68,,0,19.66346153846154,2,1,23.15,527.8000000000001,0
1049-FYSYG,Ridgecrest,Female,No,Yes,No,17,Month-to-month,Credit card (automatic),35.65,646.05,No,38,,0,38.002941176470586,2,0,26.325,606.05,0
8406-LNMHF,Trona,Male,Yes,Yes,No,59,One year,Credit card (automatic),82.95,4903.15,No,61,,0,83.1042372881356,1,0,70.975,4894.05,1
1821-BUCWY,Valyermo,Male,No,No,No,30,Two year,Mailed check,55.65,1653.85,No,70,,0,55.12833333333333,0,0,42.825,1669.5,0
0023-UYUPN,Ahwahnee,Female,Yes,Yes,No,50,One year,Electronic check,25.2,1306.3,No,61,,0,26.125999999999998,1,1,37.6,1260,0
8314-DPQHL,Auberry,Male,No,No,No,9,One year,Mailed check,50.8,463.6,No,47,,0,51.51111111111111,1,0,29.9,457.2,0
1465-WCZVT,Badger,Female,No,Yes,Yes,3,Month-to-month,Mailed check,19.65,60.65,No,31,,0,20.216666666666665,2,0,11.325,58.949999999999996,0
9481-SFCQY,Bass Lake,Female,No,No,Yes,14,Month-to-month,Credit card (automatic),59.8,824.85,No,51,,0,58.917857142857144,2,0,36.9,837.1999999999999,0
6360-SVNWV,Big Creek,Female,Yes,No,No,31,Month-to-month,Credit card (automatic),73.55,2094.65,No,39,,0,67.56935483870969,2,0,52.275,2280.0499999999997,1
0567-GGCAC,Biola,Female,No,No,No,7,Month-to-month,Electronic check,61.4,438.9,No,71,,0,62.699999999999996,2,1,34.2,429.8,0
8884-MRNSU,Caruthers,Male,No,Yes,No,17,One year,Bank transfer (automatic),19.9,329.75,No,63,,0,19.397058823529413,1,0,18.45,338.29999999999995,0
2171-UDMFD,Chowchilla,Male,No,Yes,Yes,32,Month-to-month,Credit card (automatic),19.45,674.55,No,42,,0,21.0796875,2,0,25.725,622.4,0
9050-IKDZA,Clovis,Female,Yes,No,No,2,Month-to-month,Mailed check,81.5,162.55,No,59,,0,81.275,2,0,41.75,163,0
0187-WZNAB,Del Rey,Female,No,Yes,Yes,27,Month-to-month,Mailed check,74.4,1972.35,No,57,,0,73.05,2,0,50.7,2008.8000000000002,1
1475-VWVDO,Dos Palos,Male,No,No,No,7,Month-to-month,Electronic check,74.9,490.55,No,52,,0,70.07857142857144,2,1,40.95,524.3000000000001,0
1357-MVDOZ,Firebaugh,Male,No,Yes,Yes,11,Month-to-month,Bank transfer (automatic),59.65,683.25,No,71,,0,62.11363636363637,2,0,35.325,656.15,0
7602-MVRMB,Fish Camp,Female,No,Yes,Yes,72,Two year,Bank transfer (automatic),110.45,8058.85,No,41,,0,111.92847222222223,0,0,91.225,7952.400000000001,1
1197-BVMVG,Friant,Female,Yes,No,No,4,Month-to-month,Electronic check,74.45,294.45,No,50,,0,73.6125,2,1,39.225,297.8,0
5406-KGRMX,Helm,Female,No,No,No,71,Two year,Electronic check,24.55,1719.15,No,74,,0,24.213380281690142,0,1,47.775,1743.05,0
5968-HYJRZ,Kerman,Male,No,Yes,Yes,47,Two year,Mailed check,24.55,1160.45,No,78,,0,24.690425531914894,0,0,35.775,1153.8500000000001,0
5198-EFNBM,Kingsburg,Male,Yes,Yes,No,57,One year,Electronic check,90.65,5199.8,No,23,,0,91.22456140350877,1,1,73.825,5167.05,1
7516-GMHUV,Lakeshore,Male,Yes,Yes,No,50,Two year,Credit card (automatic),105.05,5163.3,No,40,,0,103.266,0,0,77.525,5252.5,1
7140-ADSMJ,Los Banos,Male,No,No,No,8,Month-to-month,Credit card (automatic),20.45,162.3,No,24,,0,20.2875,2,0,14.225,163.6,0
2230-XTUWL,Madera,Female,No,Yes,Yes,48,Two year,Mailed check,19.55,883.35,No,68,,0,18.403125,0,0,33.775,938.4000000000001,0
7706-YLMQA,Madera,Female,No,No,No,70,One year,Bank transfer (automatic),19.7,1341.5,No,72,,0,19.164285714285715,1,0,44.85,1379,0
2585-KTFRE,Mendota,Male,No,No,Yes,1,Month-to-month,Bank transfer (automatic),70.45,70.45,No,53,,0,70.45,2,0,35.725,70.45,0
7994-UYIVZ,Miramonte,Male,No,Yes,No,8,Month-to-month,Bank transfer (automatic),85.65,659.45,No,72,,0,82.43125,2,0,46.825,685.2,0
7717-BICXI,O Neals,Male,No,Yes,Yes,60,Two year,Mailed check,20.55,1205.05,No,47,,0,20.084166666666665,0,0,40.275,1233,0
6559-RAKOZ,Orange Cove,Male,No,Yes,Yes,49,One year,Electronic check,97.95,4917.9,No,53,,0,100.36530612244897,1,1,73.475,4799.55,1
4716-MRVEN,Parlier,Female,No,No,No,29,One year,Mailed check,20,599.3,No,65,,0,20.66551724137931,1,0,24.5,580,0
2143-LJULT,Fresno,Female,No,Yes,No,67,Two year,Credit card (automatic),25.25,1733.15,No,32,,0,25.867910447761194,0,0,46.125,1691.75,0
3200-MNQTF,Raisin City,Male,No,Yes,No,67,Two year,Credit card (automatic),70.9,4677.1,No,80,,0,69.80746268656716,0,0,68.95,4750.3,1
6164-HXUGH,Raymond,Female,No,Yes,Yes,6,Month-to-month,Mailed check,19.85,119.3,No,31,,0,19.883333333333333,2,0,12.925,119.10000000000001,0
5630-IXDXV,Reedley,Female,No,No,No,47,Month-to-month,Electronic check,106.35,4849.1,No,74,,0,103.17234042553193,2,1,76.675,4998.45,1
0320-DWVTU,Riverdale,Female,No,No,No,53,Two year,Mailed check,99.5,5424.25,No,23,,0,102.34433962264151,0,0,76.25,5273.5,1
9135-MGVPY,Sanger,Male,No,Yes,No,69,Two year,Mailed check,84.7,5878.9,No,70,,0,85.20144927536231,0,0,76.85,5844.3,1
1212-GLHMD,San Joaquin,Male,No,No,No,3,Month-to-month,Mailed check,86.05,244.85,No,37,,0,81.61666666666666,2,0,44.525,258.15,0
7878-JGDKK,Selma,Male,No,No,No,4,Month-to-month,Mailed check,44.55,220.75,No,45,,0,55.1875,2,0,24.275,178.2,0
1088-AUUZZ,Shaver Lake,Male,No,Yes,Yes,56,Two year,Credit card (automatic),75.85,4261.2,No,52,,0,76.09285714285714,0,0,65.925,4247.599999999999,1
6614-YWYSC,Sultana,Male,Yes,Yes,No,61,Two year,Bank transfer (automatic),25,1501.75,No,78,,0,24.618852459016395,0,0,43,1525,0
9588-OZDMQ,Tollhouse,Female,No,Yes,No,2,Month-to-month,Electronic check,45,89.75,No,60,,0,44.875,2,1,23.5,90,0
6476-EPYZR,Wishon,Male,No,Yes,Yes,12,Month-to-month,Mailed check,20.5,255.5,No,65,,0,21.291666666666668,2,0,16.25,246,0
1174-FGIFN,Squaw Valley,Female,No,Yes,Yes,28,One year,Electronic check,90.45,2509.25,No,74,,0,89.61607142857143,1,1,59.225,2532.6,1
6620-HVDUJ,Fresno,Male,No,No,No,24,Month-to-month,Bank transfer (automatic),60.45,1440.75,No,56,,0,60.03125,2,0,42.225,1450.8000000000002,0
1032-MAELW,Fresno,Female,No,Yes,Yes,68,One year,Electronic check,78.45,5333.35,No,67,,0,78.43161764705883,1,1,73.225,5334.6,1
7641-TQFHN,Fresno,Male,No,No,Yes,39,Two year,Mailed check,100.55,3895.35,No,71,,0,99.88076923076923,0,0,69.775,3921.45,1
1552-TKMXS,Fresno,Female,No,Yes,No,42,Month-to-month,Credit card (automatic),20.35,869.9,No,69,,0,20.711904761904762,2,0,31.175,854.7,0
8622-ZLFKO,Fresno,Female,No,Yes,No,6,Month-to-month,Electronic check,90.75,512.25,No,54,,0,85.375,2,1,48.375,544.5,0
6188-UXBBR,Fresno,Female,No,Yes,No,38,One year,Credit card (automatic),20.25,814.75,No,25,,0,21.44078947368421,1,0,29.125,769.5,0
2333-KWEWW,Fresno,Male,No,No,No,18,Two year,Credit card (automatic),20.05,388.6,No,20,,0,21.58888888888889,0,0,19.025,360.90000000000003,0
5702-SKUOB,Fresno,Female,No,Yes,No,4,Month-to-month,Mailed check,19.6,93.45,No,66,,0,23.3625,2,0,11.8,78.4,0
1134-YWTYF,Fresno,Male,No,Yes,No,27,Month-to-month,Electronic check,53.8,1389.85,No,66,,0,51.47592592592592,2,1,40.4,1452.6,0
6061-GWWAV,Fresno,Male,No,No,Yes,41,One year,Mailed check,70.2,2894.55,No,56,,0,70.59878048780489,1,0,55.6,2878.2000000000003,1
0679-TDGAK,Fresno,Male,No,Yes,Yes,50,One year,Electronic check,75.5,4025.6,No,21,,0,80.512,1,1,62.75,3775,1
6585-WCEWR,Fresno,Male,No,Yes,Yes,72,Two year,Electronic check,20.35,1354.4,No,41,,0,18.811111111111114,0,1,46.175,1465.2,0
9067-YGSCA,Salinas,Female,No,No,No,70,One year,Credit card (automatic),26.05,1856.4,No,21,,0,26.52,1,0,48.025,1823.5,0
9067-SQTNS,Salinas,Male,No,Yes,Yes,44,One year,Bank transfer (automatic),20.6,926,No,44,,0,21.045454545454547,1,0,32.3,906.4000000000001,0
1776-SPBWV,Salinas,Female,No,Yes,Yes,34,One year,Bank transfer (automatic),20.1,682.1,No,21,,0,20.061764705882354,1,0,27.05,683.4000000000001,0
8735-SDUFN,Salinas,Female,Yes,Yes,No,72,Two year,Bank transfer (automatic),24.3,1778.7,No,55,,0,24.704166666666666,0,0,48.15,1749.6000000000001,0
9668-PUGNU,Big Sur,Male,No,Yes,No,71,Two year,Electronic check,24.5,1816.2,No,38,,0,25.580281690140847,0,1,47.75,1739.5,0
9405-GPBBG,Carmel By The Sea,Female,No,No,No,64,Two year,Credit card (automatic),110.5,7069.25,No,64,,0,110.45703125,0,0,87.25,7072,1
1926-QUZNN,Carmel,Female,No,Yes,No,72,Two year,Bank transfer (automatic),25.25,1841.2,No,36,,0,25.572222222222223,0,0,48.625,1818,0
7016-NVRIC,Chualar,Male,Yes,Yes,No,29,One year,Bank transfer (automatic),90.1,2656.7,No,55,,0,91.6103448275862,1,0,59.55,2612.8999999999996,1
5829-NVSQN,Gonzales,Female,No,Yes,No,23,One year,Bank transfer (automatic),68.75,1689.45,No,34,,0,73.45434782608696,1,0,45.875,1581.25,0
9565-AXSMR,Greenfield,Male,No,Yes,Yes,52,Two year,Mailed check,19.2,1054.75,No,78,,0,20.283653846153847,0,0,35.6,998.4,0
8869-LIHMK,King City,Female,No,No,No,64,Two year,Bank transfer (automatic),115.1,7334.05,No,78,,0,114.59453125,0,0,89.55,7366.4,1
0447-RXSGD,Monterey,Male,No,No,No,24,Month-to-month,Bank transfer (automatic),99.65,2404.85,No,47,,0,100.20208333333333,2,0,61.825,2391.6000000000004,1
4927-WWOOZ,Pacific Grove,Male,No,Yes,No,2,Month-to-month,Electronic check,91.45,171.45,No,32,,0,85.725,2,1,46.725,182.9,0
5788-YPOEG,Pebble Beach,Female,No,Yes,Yes,34,Two year,Mailed check,84.75,2839.45,No,51,,0,83.51323529411764,0,0,59.375,2881.5,1
0661-KBKPA,Seaside,Male,No,Yes,Yes,53,One year,Mailed check,78.75,3942.45,No,73,,0,74.38584905660377,1,0,65.875,4173.75,1
9081-WWXKP,Soledad,Female,No,Yes,Yes,47,Two year,Credit card (automatic),20.25,873.4,No,38,,0,18.582978723404256,0,0,33.625,951.75,0
0784-ZQJZX,Spreckels,Male,No,No,Yes,72,Two year,Credit card (automatic),19.9,1529.65,No,72,,0,21.24513888888889,0,0,45.95,1432.8,0
3133-PZNSR,Belmont,Male,No,Yes,Yes,72,Two year,Credit card (automatic),97.75,6991.6,No,46,,0,97.10555555555555,0,0,84.875,7038,1
0722-SVSFK,Half Moon Bay,Female,No,No,No,7,Month-to-month,Electronic check,100.4,715,No,56,,0,102.14285714285714,2,1,53.7,702.8000000000001,0
3612-YVGSJ,La Honda,Female,No,Yes,No,71,Two year,Credit card (automatic),24.45,1681.6,No,77,,0,23.68450704225352,0,0,47.725,1735.95,0
9825-YCXWZ,Loma Mar,Female,Yes,No,No,41,One year,Bank transfer (automatic),101.1,4016.2,No,38,,0,97.9560975609756,1,0,71.05,4145.099999999999,1
5397-NSKQG,Los Altos,Male,No,Yes,Yes,67,Two year,Credit card (automatic),50.9,3281.65,No,62,,0,48.97985074626866,0,0,58.95,3410.2999999999997,1
8565-HBFNN,Los Altos,Male,No,Yes,No,69,One year,Credit card (automatic),107.2,7317.1,No,51,,0,106.0449275362319,1,0,88.1,7396.8,1
2000-DHJUY,Menlo Park,Female,Yes,Yes,No,70,Two year,Bank transfer (automatic),92.2,6474.45,No,44,,0,92.49214285714285,0,0,81.1,6454,1
8670-ERCJH,Portola Valley,Male,No,No,No,72,Two year,Bank transfer (automatic),113.4,8164.1,No,56,,0,113.39027777777778,0,0,92.7,8164.8,1
7758-UJWYS,Millbrae,Male,No,Yes,Yes,34,Two year,Electronic check,40.55,1325.85,No,31,,0,38.995588235294115,0,1,37.275,1378.6999999999998,0
2050-ONYDQ,Montara,Female,No,Yes,Yes,65,Two year,Credit card (automatic),26,1654.85,No,72,,0,25.459230769230768,0,0,45.5,1690,0
7055-JCGNI,Moss Beach,Female,No,No,No,70,Two year,Credit card (automatic),111.95,7795.95,No,25,,0,111.37071428571429,0,0,90.975,7836.5,1
0739-UUAJR,Mountain View,Female,No,Yes,Yes,72,Two year,Credit card (automatic),53.8,3952.45,No,28,,0,54.89513888888889,0,0,62.9,3873.6,1
4826-DXMUP,Mountain View,Male,No,No,Yes,35,One year,Mailed check,72.1,2495.15,No,45,,0,71.29,1,0,53.55,2523.5,1
7285-KLOTR,Pacifica,Female,No,Yes,No,12,One year,Electronic check,78.85,876.75,No,55,,0,73.0625,1,1,45.425,946.1999999999999,0
0654-PQKDW,Pescadero,Female,No,Yes,Yes,62,One year,Bank transfer (automatic),70.75,4263.45,No,24,,0,68.76532258064516,1,0,66.375,4386.5,1
7175-NTIXE,Redwood City,Female,No,No,No,25,Month-to-month,Credit card (automatic),76.15,1992.95,No,32,,0,79.718,2,0,50.575,1903.7500000000002,0
7963-SHNDT,Redwood City,Female,No,No,No,52,Two year,Mailed check,39.1,1982.1,No,52,,0,38.11730769230769,0,0,45.55,2033.2,1
9796-BPKIW,Redwood City,Male,Yes,No,No,8,Month-to-month,Credit card (automatic),69.95,562.7,No,47,,0,70.3375,2,0,38.975,559.6,0
0188-GWFLE,Redwood City,Male,No,No,No,2,Month-to-month,Mailed check,20.05,33.7,No,59,,0,16.85,2,0,11.025,40.1,0
8129-GMVGI,San Bruno,Female,No,Yes,Yes,56,Two year,Mailed check,20.05,1090.1,No,59,,0,19.46607142857143,0,0,38.025,1122.8,0
2882-DDZPG,San Carlos,Female,No,No,No,12,Month-to-month,Bank transfer (automatic),19.45,227.45,No,76,,0,18.954166666666666,2,0,15.725,233.39999999999998,0
1429-UYJSV,San Jose,Female,No,No,No,12,One year,Mailed check,19.7,260.9,No,62,,0,21.741666666666664,1,0,15.85,236.39999999999998,0
3547-LQRIK,San Gregorio,Female,No,Yes,No,47,One year,Electronic check,26.9,1250.85,No,47,,0,26.613829787234042,1,1,36.95,1264.3,0
9137-NOQKA,South San Francisco,Male,Yes,No,No,2,Month-to-month,Electronic check,19.2,37.2,No,24,,0,18.6,2,1,10.6,38.4,0
5843-TTHGI,Sunnyvale,Female,No,No,No,18,Month-to-month,Mailed check,50,892.7,No,49,,0,49.59444444444445,2,0,34,900,0
1849-RJYIG,Sunnyvale,Female,No,No,No,8,Month-to-month,Electronic check,60,487.75,No,29,,0,60.96875,2,1,34,480,0
8868-GAGIO,Sunnyvale,Male,No,Yes,No,45,Month-to-month,Mailed check,84.55,3713.95,No,44,,0,82.53222222222222,2,0,64.775,3804.75,1
4061-UKJWL,San Francisco,Male,No,No,No,3,Month-to-month,Mailed check,45.45,141.7,No,72,,0,47.23333333333333,2,0,24.225,136.35000000000002,0
5380-XPJNZ,San Francisco,Female,No,No,No,38,One year,Mailed check,20.05,678.2,No,27,,0,17.847368421052632,1,0,29.025,761.9,0
8263-QMNTJ,San Francisco,Male,No,Yes,No,72,Two year,Electronic check,115.55,8425.3,No,58,,0,117.01805555555555,0,1,93.775,8319.6,1
3230-JCNZS,San Francisco,Female,No,Yes,Yes,71,Two year,Credit card (automatic),99,7061.65,No,74,,0,99.45985915492957,0,0,85,7029,1
0277-ORXQS,San Francisco,Male,No,Yes,Yes,66,Two year,Bank transfer (automatic),50.55,3364.55,No,30,,0,50.97803030303031,0,0,58.275,3336.2999999999997,1
7996-BPXHY,San Francisco,Female,No,Yes,Yes,13,Two year,Bank transfer (automatic),25,332.5,No,21,,0,25.576923076923077,0,0,19,325,0
3227-WLKLI,San Francisco,Female,No,Yes,Yes,65,Two year,Bank transfer (automatic),91.55,5963.95,No,26,,0,91.75307692307692,0,0,78.275,5950.75,1
2266-FUBDZ,San Francisco,Male,No,Yes,Yes,15,Two year,Mailed check,19.35,278.85,No,54,,0,18.59,0,0,17.175,290.25,0
8237-ULIXL,San Francisco,Female,No,Yes,No,72,Two year,Credit card (automatic),24.85,1871.85,No,78,,0,25.997916666666665,0,0,48.425,1789.2,0
8216-AZUUZ,San Francisco,Female,No,Yes,Yes,42,Two year,Electronic check,100.4,4303.65,No,76,,0,102.46785714285713,0,1,71.2,4216.8,1
9153-BTBVV,San Francisco,Female,No,Yes,No,71,Two year,Bank transfer (automatic),25,1753,No,79,,0,24.690140845070424,0,0,48,1775,0
5186-PEIZU,San Francisco,Female,No,No,No,35,Month-to-month,Bank transfer (automatic),19.25,617.65,No,67,,0,17.647142857142857,2,0,27.125,673.75,0
1074-AMIOH,San Francisco,Female,No,Yes,Yes,53,Month-to-month,Bank transfer (automatic),108.25,5935.1,No,73,,0,111.98301886792453,2,0,80.625,5737.25,1
4361-FEBGN,San Francisco,Male,No,No,No,48,Two year,Credit card (automatic),20.15,982.95,No,43,,0,20.478125000000002,0,0,34.075,967.1999999999999,0
7748-UMTRK,San Francisco,Female,Yes,No,Yes,30,Month-to-month,Electronic check,101.3,2974.5,No,34,,0,99.15,2,1,65.65,3039,1
0380-ZCSBI,San Francisco,Male,No,No,No,10,Month-to-month,Credit card (automatic),20,198.7,No,66,,0,19.869999999999997,2,0,15,200,0
7145-FEJWU,San Francisco,Female,No,No,Yes,12,Month-to-month,Electronic check,105.3,1275.65,No,72,,0,106.30416666666667,2,1,58.65,1263.6,0
6463-MVYRY,Palo Alto,Female,Yes,No,No,57,Two year,Bank transfer (automatic),69.85,4003,No,72,,0,70.2280701754386,0,0,63.425,3981.45,1
3969-JQABI,Palo Alto,Female,No,Yes,No,58,Month-to-month,Credit card (automatic),65.25,3791.6,No,64,,0,65.37241379310345,2,0,61.625,3784.5,1
9624-EGDEQ,Palo Alto,Female,No,No,No,37,Two year,Mailed check,19.8,813.3,No,61,,0,21.98108108108108,0,0,28.4,732.6,0
1051-EQPZR,Stanford,Female,No,Yes,Yes,44,Month-to-month,Mailed check,19.6,780.25,No,36,,0,17.732954545454547,2,0,31.8,862.4000000000001,0
5849-ASHZJ,Palo Alto,Male,No,No,Yes,27,One year,Credit card (automatic),20.05,552.9,No,65,,0,20.477777777777778,1,0,23.525,541.35,0
5780-INQIK,San Mateo,Female,No,No,No,8,Month-to-month,Electronic check,49.4,408.25,No,48,,0,51.03125,2,1,28.7,395.2,0
4526-ZJJTM,San Mateo,Female,Yes,Yes,No,25,Month-to-month,Bank transfer (automatic),88.4,2191.15,No,51,,0,87.646,2,0,56.7,2210,1
8384-FZBJK,San Mateo,Female,No,Yes,Yes,57,Month-to-month,Electronic check,100.6,5611.7,No,48,,0,98.45087719298245,2,1,78.8,5734.2,1
3750-RNQKR,Alameda,Female,No,No,No,12,Month-to-month,Mailed check,19.45,246.25,No,33,,0,20.520833333333332,2,0,15.725,233.39999999999998,0
0962-CQPWQ,Alameda,Female,No,Yes,Yes,62,Two year,Bank transfer (automatic),20.3,1296.15,No,56,,0,20.905645161290323,0,0,41.15,1258.6000000000001,0
3096-YXENJ,Danville,Female,No,Yes,No,65,Two year,Bank transfer (automatic),107.65,7082.85,No,25,,0,108.96692307692308,0,0,86.325,6997.25,1
1265-BCFEO,Alamo,Female,No,Yes,No,71,Two year,Bank transfer (automatic),80.45,5662.25,No,75,,0,79.75,0,0,75.725,5711.95,1
5837-LXSDN,Angwin,Female,No,Yes,Yes,21,One year,Credit card (automatic),58.85,1215.45,No,25,,0,57.87857142857143,1,0,39.925,1235.8500000000001,0
5945-AZYHT,Antioch,Male,No,Yes,No,71,One year,Electronic check,109.6,7854.15,No,22,,0,110.6218309859155,1,1,90.3,7781.599999999999,1
8325-QRPZR,Benicia,Female,No,No,No,7,Month-to-month,Electronic check,75.15,525,No,50,,0,75,2,1,41.075,526.0500000000001,0
6384-VMJHP,Bethel Island,Female,No,No,No,72,Two year,Credit card (automatic),73,5265.2,No,80,,0,73.12777777777778,0,0,72.5,5256,1
2262-SLNVK,Birds Landing,Female,No,No,No,1,Month-to-month,Electronic check,70.1,70.1,No,74,,0,70.1,2,1,35.55,70.1,0
7730-CLDSV,Brentwood,Female,No,Yes,Yes,72,Two year,Bank transfer (automatic),98.65,7129.45,No,78,,0,99.02013888888888,0,0,85.325,7102.8,1
1135-HIORI,Byron,Female,No,Yes,Yes,64,One year,Electronic check,111.45,7266.95,No,74,,0,113.54609375,1,1,87.725,7132.8,1
0164-APGRB,Calistoga,Female,No,No,No,72,Two year,Electronic check,114.9,8496.7,No,69,,0,118.00972222222224,0,1,93.45,8272.800000000001,1
6481-ESCNL,Clayton,Female,No,No,No,29,Month-to-month,Bank transfer (automatic),100.55,2878.75,No,53,,0,99.26724137931035,2,0,64.775,2915.95,1
1550-EENBN,Concord,Female,No,No,No,31,Month-to-month,Electronic check,104.35,3205.6,No,78,,0,103.40645161290323,2,1,67.675,3234.85,1
8198-RKSZG,El Cerrito,Female,No,Yes,Yes,14,Month-to-month,Credit card (automatic),80.45,1137.05,No,26,,0,81.21785714285714,2,0,47.225,1126.3,0
9297-EONCV,Fremont,Female,No,No,No,72,Two year,Bank transfer (automatic),91.35,6697.2,No,52,,0,93.01666666666667,0,0,81.675,6577.2,1
1069-QJOEE,Hayward,Male,No,Yes,Yes,25,One year,Electronic check,19.9,505.45,No,76,,0,20.218,1,1,22.45,497.49999999999994,0
7799-DSEWS,Hayward,Male,No,No,No,18,Month-to-month,Electronic check,68.35,1299.8,No,47,,0,72.21111111111111,2,1,43.175,1230.3,0
8766-PAFNE,Hayward,Male,No,Yes,No,71,Two year,Credit card (automatic),79.1,5564.85,No,29,,0,78.3781690140845,0,0,75.05,5616.099999999999,1
5315-CKEQK,Castro Valley,Male,Yes,Yes,Yes,28,One year,Electronic check,51,1381.8,No,44,,0,49.35,1,1,39.5,1428,0
3130-ICDUP,Hercules,Female,No,No,Yes,2,Month-to-month,Credit card (automatic),80.55,188.1,No,40,,0,94.05,2,0,41.275,161.1,0
0820-FNRNX,Lafayette,Male,No,Yes,Yes,17,Month-to-month,Mailed check,66.7,1077.05,No,46,,0,63.35588235294117,2,0,41.85,1133.9,0
0880-FVFWF,Livermore,Male,No,No,No,56,Month-to-month,Electronic check,86.4,4922.4,No,64,,0,87.89999999999999,2,1,71.2,4838.400000000001,1
4611-ANLQC,Castro Valley,Female,No,Yes,No,60,One year,Electronic check,50.05,2911.5,No,65,,0,48.525,1,1,55.025,3003,1
4213-HKBJO,Martinez,Female,No,No,No,33,Two year,Credit card (automatic),25.7,826.1,No,39,,0,25.033333333333335,0,0,29.35,848.1,0
2792-LSHWX,Fremont,Female,No,No,No,1,Month-to-month,Mailed check,83.4,83.4,No,26,,0,83.4,2,0,42.2,83.4,0
0014-BMAQU,Napa,Male,No,Yes,No,63,Two year,Credit card (automatic),84.65,5377.8,No,49,,0,85.36190476190477,0,0,73.825,5332.950000000001,1
9018-PCIOK,Newark,Female,No,No,No,55,Two year,Mailed check,64.75,3617.1,No,36,,0,65.76545454545455,0,0,59.875,3561.25,1
4837-QUSFT,Oakley,Female,No,Yes,No,65,One year,Bank transfer (automatic),100.15,6643.5,No,72,,0,102.20769230769231,1,0,82.575,6509.75,1
9953-ZMKSM,Pinole,Male,No,No,No,63,Two year,Mailed check,25.25,1559.3,No,79,,0,24.75079365079365,0,0,44.125,1590.75,0
0907-HQNTS,Pittsburg,Female,Yes,Yes,No,70,Two year,Credit card (automatic),113,7987.6,No,47,,0,114.10857142857144,0,0,91.5,7910,1
7665-NKLAV,Pleasanton,Female,No,Yes,Yes,36,Two year,Credit card (automatic),40.65,1547.35,No,44,,0,42.981944444444444,0,0,38.325,1463.3999999999999,0
4391-LNRXK,Port Costa,Male,No,No,No,22,Month-to-month,Bank transfer (automatic),94.95,2142.8,No,28,,0,97.4,2,0,58.475,2088.9,1
8250-ZNGGW,Rio Vista,Female,Yes,No,No,5,Month-to-month,Credit card (automatic),59.9,287.85,No,35,,0,57.57000000000001,2,0,32.45,299.5,0
8562-GHPPI,San Leandro,Female,No,No,No,1,Month-to-month,Credit card (automatic),19.8,19.8,No,22,,0,19.8,2,0,10.4,19.8,0
5893-PYOLZ,San Leandro,Male,No,No,No,56,Two year,Credit card (automatic),81.8,4534.45,No,75,,0,80.97232142857142,0,0,68.9,4580.8,1
4986-MXSFP,San Leandro,Female,No,No,No,2,Month-to-month,Mailed check,20,40.9,No,39,,0,20.45,2,0,11,40,0
6131-FOYAS,San Lorenzo,Male,No,No,No,35,Month-to-month,Electronic check,59.6,2094.9,No,27,,0,59.854285714285716,2,1,47.3,2086,1
3027-YNWZU,San Ramon,Female,No,Yes,No,64,Two year,Credit card (automatic),25,1584.8,No,61,,0,24.7625,0,0,44.5,1600,0
5609-IMCGG,Suisun City,Female,No,No,No,15,Month-to-month,Credit card (automatic),84.35,1302.65,No,35,,0,86.84333333333333,2,0,49.675,1265.25,0
4727-MCYZG,Union City,Male,No,No,No,1,Month-to-month,Mailed check,55.55,55.55,No,35,,0,55.55,2,0,28.275,55.55,0
9481-WHGWY,Pleasanton,Female,No,Yes,Yes,70,Two year,Credit card (automatic),75.35,5437.75,No,64,,0,77.68214285714286,0,0,72.675,5274.5,1
4328-VUFWD,Vallejo,Female,No,No,No,39,One year,Electronic check,59.3,2209.15,No,42,,0,56.6448717948718,1,1,49.15,2312.7,1
3301-LSLWQ,Vallejo,Female,No,No,No,29,Month-to-month,Electronic check,66.1,1912.15,No,72,,0,65.93620689655172,2,1,47.55,1916.8999999999999,0
7473-ZBDSN,Walnut Creek,Female,No,Yes,Yes,14,Two year,Mailed check,18.8,255.55,No,28,,0,18.25357142857143,0,0,16.4,263.2,0
3166-PNEOF,Walnut Creek,Female,No,No,No,61,Two year,Credit card (automatic),86.45,5175.3,No,74,,0,84.84098360655739,0,0,73.725,5273.45,1
5639-NTUPK,Walnut Creek,Male,No,No,Yes,13,Month-to-month,Credit card (automatic),52.1,670.65,No,34,,0,51.58846153846154,2,0,32.55,677.3000000000001,0
8780-YRMTT,Yountville,Female,No,No,No,66,Two year,Mailed check,47.4,3177.25,No,27,,0,48.140151515151516,0,0,56.7,3128.4,1
5140-FOMCQ,Oakland,Female,No,Yes,No,59,One year,Credit card (automatic),109.15,6557.75,No,67,,0,111.14830508474576,1,0,84.075,6439.85,1
6242-SGYTS,Oakland,Male,No,Yes,Yes,62,One year,Credit card (automatic),94.95,5791.85,No,27,,0,93.41693548387097,1,0,78.475,5886.900000000001,1
8166-ORCHU,Oakland,Male,Yes,Yes,No,33,One year,Electronic check,93.55,3055.5,No,21,,0,92.5909090909091,1,1,63.275,3087.15,1
8414-OOEEL,Oakland,Male,No,No,Yes,66,Two year,Credit card (automatic),79.5,5196.1,No,66,,0,78.72878787878788,0,0,72.75,5247,1
8454-AATJP,Oakland,Female,No,No,No,72,Two year,Credit card (automatic),115.05,8405,No,46,,0,116.73611111111111,0,0,93.525,8283.6,1
4531-AUZNK,Oakland,Female,No,Yes,Yes,51,One year,Mailed check,95.15,5000.05,No,21,,0,98.04019607843138,1,0,73.075,4852.650000000001,1
4191-XOVOM,Oakland,Male,No,No,No,63,Month-to-month,Electronic check,105.4,6713.2,No,66,,0,106.55873015873016,2,1,84.2,6640.200000000001,1
2150-OEGBV,Oakland,Male,No,No,No,27,One year,Bank transfer (automatic),20.1,562.6,No,28,,0,20.83703703703704,1,0,23.55,542.7,0
1855-CFULU,Oakland,Female,Yes,No,No,4,Month-to-month,Mailed check,20.05,91.45,No,20,,0,22.8625,2,0,12.025,80.2,0
4878-BUNFV,Oakland,Male,No,Yes,Yes,42,Two year,Mailed check,20.7,828.85,No,76,,0,19.73452380952381,0,0,31.35,869.4,0
1872-EBWSC,Berkeley,Female,No,No,No,29,One year,Mailed check,20.35,617.35,No,66,,0,21.28793103448276,1,0,24.675,590.1500000000001,0
6997-UVGOX,Albany,Male,No,Yes,Yes,71,Two year,Bank transfer (automatic),85.45,6029.9,No,44,,0,84.9281690140845,0,0,78.225,6066.95,1
9674-EHPPG,Berkeley,Male,No,Yes,No,46,Two year,Credit card (automatic),40.4,1842.7,No,44,,0,40.05869565217392,0,0,43.2,1858.3999999999999,0
5440-VHLUL,Berkeley,Male,No,No,No,69,One year,Bank transfer (automatic),105.2,7386.05,No,47,,0,107.04420289855072,1,0,87.1,7258.8,1
5781-BKHOP,Richmond,Female,No,Yes,No,72,Two year,Bank transfer (automatic),100.65,7334.05,No,20,,0,101.86180555555556,0,0,86.325,7246.8,1
5213-TWWJU,Richmond,Male,No,No,No,28,Month-to-month,Electronic check,91,2626.15,No,66,,0,93.79107142857143,2,1,59.5,2548,1
8628-MFKAX,San Pablo,Female,Yes,Yes,No,72,Two year,Credit card (automatic),116.75,8277.05,No,68,,0,114.95902777777776,0,0,94.375,8406,1
7629-WIXZF,San Rafael,Female,No,No,No,7,One year,Electronic check,59.1,369.25,No,29,,0,52.75,1,1,33.05,413.7,0
5445-GLVOT,Greenbrae,Female,No,No,No,22,Month-to-month,Electronic check,49.8,1049.05,No,29,,0,47.684090909090905,2,1,35.9,1095.6,0
3976-HXHCE,Belvedere Tiburon,Male,No,No,No,72,Two year,Bank transfer (automatic),19.3,1414.8,No,42,,0,19.65,0,0,45.65,1389.6000000000001,0
2466-NEJOJ,Bodega,Male,No,Yes,Yes,8,Month-to-month,Credit card (automatic),19.65,169.75,No,38,,0,21.21875,2,0,13.825,157.2,0
0254-KCJGT,Bodega Bay,Male,No,Yes,No,52,One year,Credit card (automatic),81.4,4354.45,No,64,,0,83.73942307692307,1,0,66.7,4232.8,1
5472-CVMDX,Bolinas,Female,No,No,No,68,Two year,Mailed check,38.9,2719.2,No,45,,0,39.98823529411764,0,0,53.45,2645.2,1
6461-SZMCV,Corte Madera,Female,No,Yes,No,71,Two year,Bank transfer (automatic),87.95,6365.35,No,71,,0,89.65281690140846,0,0,79.475,6244.45,1
8150-QUDFX,Rohnert Park,Male,No,No,No,2,Month-to-month,Mailed check,19.85,51.6,No,64,,0,25.8,2,0,10.925,39.7,0
9508-ILZDG,Dillon Beach,Female,Yes,No,No,34,Month-to-month,Electronic check,96.35,3190.25,No,32,,0,93.83088235294117,2,1,65.175,3275.8999999999996,1
2346-DJQTB,Fairfax,Female,No,No,No,35,Month-to-month,Electronic check,24.15,812.5,No,75,,0,23.214285714285715,2,1,29.575,845.25,0
1697-LYYYX,Cotati,Female,No,Yes,Yes,61,One year,Credit card (automatic),19.1,1143.8,No,57,,0,18.750819672131147,1,0,40.05,1165.1000000000001,0
1942-OQFRW,Forest Knolls,Male,No,No,No,1,Month-to-month,Electronic check,44,44,No,61,,0,44,2,1,22.5,44,0
9640-ZSLDC,Lagunitas,Female,No,Yes,Yes,53,One year,Credit card (automatic),60.6,3297,No,38,,0,62.20754716981132,1,0,56.8,3211.8,1
4231-LZUYM,Larkspur,Female,No,Yes,No,72,Two year,Bank transfer (automatic),25.65,1887,No,22,,0,26.208333333333332,0,0,48.825,1846.8,0
6128-AQBMT,Nicasio,Male,Yes,Yes,No,41,Month-to-month,Electronic check,53.95,2215.4,No,46,,0,54.03414634146342,2,1,47.475,2211.9500000000003,1
3594-BDSOA,Novato,Female,No,Yes,No,24,One year,Credit card (automatic),20.4,482.8,No,79,,0,20.116666666666667,1,0,22.2,489.59999999999997,0
5133-VRSAB,Olema,Male,No,No,No,8,Month-to-month,Mailed check,29.35,216.45,No,59,,0,27.05625,2,0,18.675,234.8,0
5996-DAOQL,Penngrove,Male,No,No,No,1,Month-to-month,Mailed check,20.45,20.45,No,80,,0,20.45,2,0,10.725,20.45,0
6838-YAUVY,Petaluma,Female,No,No,No,54,Two year,Bank transfer (automatic),95.1,5064.85,No,67,,0,93.79351851851852,0,0,74.55,5135.4,1
0484-JPBRU,Petaluma,Male,No,No,No,41,Month-to-month,Bank transfer (automatic),25.25,996.45,No,40,,0,24.303658536585367,2,0,33.125,1035.25,0
7883-ROJOC,Point Reyes Station,Female,No,Yes,No,19,Month-to-month,Mailed check,44.9,839.65,No,76,,0,44.19210526315789,2,0,31.95,853.1,0
0244-LGNFY,San Anselmo,Female,No,Yes,Yes,72,Two year,Bank transfer (automatic),92.65,6733,No,75,,0,93.51388888888889,0,0,82.325,6670.8,1
7274-CGTOD,San Geronimo,Male,No,No,No,62,Two year,Bank transfer (automatic),43.7,2618.3,No,58,,0,42.230645161290326,0,0,52.85,2709.4,1
4295-YURET,San Quentin,Female,Yes,Yes,Yes,56,Two year,Credit card (automatic),72.6,4084.35,No,79,,0,72.93482142857142,0,0,64.3,4065.5999999999995,1
4635-EJYPD,Tomales,Male,No,Yes,Yes,32,Two year,Mailed check,18.95,613.95,No,49,,0,19.1859375,0,0,25.475,606.4,0
1866-ZSLJM,Valley Ford,Male,No,No,No,21,Month-to-month,Credit card (automatic),20.5,402.85,No,75,,0,19.183333333333334,2,0,20.75,430.5,0
4636-TVXVG,Woodacre,Male,No,Yes,Yes,62,One year,Bank transfer (automatic),19.95,1244.8,No,32,,0,20.07741935483871,1,0,40.975,1236.8999999999999,0
4236-UJPWO,Alviso,Female,No,No,No,2,Month-to-month,Electronic check,24.5,46.4,No,54,,0,23.2,2,1,13.25,49,0
9392-XBGTD,Aptos,Male,No,No,Yes,27,Two year,Mailed check,20.6,581.85,No,56,,0,21.55,0,0,23.8,556.2,0
6402-SSEJG,Ben Lomond,Female,No,No,No,25,One year,Electronic check,61.05,1540.2,No,76,,0,61.608000000000004,1,1,43.025,1526.25,0
1169-SAOCL,Brookdale,Male,No,No,No,49,One year,Bank transfer (automatic),106.65,5168.1,No,27,,0,105.47142857142858,1,0,77.825,5225.85,1
1110-KYLGQ,Campbell,Female,No,No,No,63,Month-to-month,Credit card (automatic),108.25,6780.1,No,39,,0,107.62063492063493,2,0,85.625,6819.75,1
9929-PLVPA,Capitola,Female,No,No,Yes,4,Month-to-month,Credit card (automatic),20.4,94.5,No,65,,0,23.625,2,0,12.2,81.6,0
3518-PZXZQ,Castroville,Female,No,Yes,No,1,Month-to-month,Mailed check,55.3,55.3,No,37,,0,55.3,2,0,28.15,55.3,0
2371-JUNGC,Cupertino,Male,No,No,No,11,Month-to-month,Mailed check,20.25,208,No,33,,0,18.90909090909091,2,0,15.625,222.75,0
7693-QPEFS,Davenport,Male,Yes,No,No,52,Month-to-month,Bank transfer (automatic),72.95,3829.75,No,72,,0,73.64903846153847,2,0,62.475,3793.4,1
0924-BJCRC,Felton,Female,Yes,Yes,No,60,Month-to-month,Electronic check,89.45,5294.6,No,44,,0,88.24333333333334,2,1,74.725,5367,1
5074-FBGHB,Freedom,Male,No,No,No,64,One year,Credit card (automatic),104.65,6889.8,No,80,,0,107.653125,1,0,84.325,6697.6,1
2351-BKRZW,Gilroy,Female,No,Yes,Yes,43,Two year,Bank transfer (automatic),75.2,3254.35,No,23,,0,75.68255813953488,0,0,59.1,3233.6,1
4455-BFSPD,Hollister,Female,No,Yes,No,61,One year,Bank transfer (automatic),101.15,6383.9,No,79,,0,104.65409836065574,1,0,81.075,6170.150000000001,1
3948-KXDUF,Los Gatos,Male,No,No,No,66,Two year,Bank transfer (automatic),68.75,4447.55,No,60,,0,67.38712121212122,0,0,67.375,4537.5,1
2323-ARSVR,Milpitas,Male,No,Yes,No,67,Two year,Electronic check,111.05,7321.05,No,67,,0,109.26940298507463,0,1,89.025,7440.349999999999,1
0815-MFZGM,Morgan Hill,Female,No,Yes,No,42,Two year,Credit card (automatic),99,4135,No,76,,0,98.45238095238095,0,0,70.5,4158,1
5480-XTFFL,Mount Hermon,Female,No,Yes,Yes,31,Two year,Mailed check,21,697.7,No,24,,0,22.506451612903227,0,0,26,651,0
8295-FHIVV,Paicines,Male,No,No,No,7,Month-to-month,Mailed check,19.4,168.65,No,56,,0,24.092857142857145,2,0,13.2,135.79999999999998,0
9086-YJYXS,San Martin,Male,No,Yes,Yes,34,One year,Bank transfer (automatic),77.2,2753.8,No,58,,0,80.99411764705883,1,0,55.6,2624.8,1
1179-INLAT,Santa Clara,Male,No,No,No,3,One year,Mailed check,19.45,69.25,No,32,,0,23.083333333333332,1,0,11.225,58.349999999999994,0
7909-FIOIY,Santa Clara,Female,No,Yes,Yes,19,Month-to-month,Mailed check,24.85,434.8,No,39,,0,22.88421052631579,2,0,21.925,472.15000000000003,0
6351-SCJKT,Santa Cruz,Male,No,No,No,3,Month-to-month,Mailed check,41.35,107.25,No,46,,0,35.75,2,0,22.175,124.05000000000001,0
5468-BPMMO,Santa Cruz,Male,No,Yes,No,46,Month-to-month,Electronic check,19.6,851.2,No,59,,0,18.504347826086956,2,1,32.8,901.6,0
0197-PNKNK,Scotts Valley,Female,No,Yes,Yes,69,One year,Bank transfer (automatic),84.45,5848.6,No,49,,0,84.76231884057971,1,0,76.725,5827.05,1
2439-QKJUL,Saratoga,Male,No,No,No,5,Month-to-month,Mailed check,20.25,109.8,No,44,,0,21.96,2,0,12.625,101.25,0
1194-SPVSP,Soquel,Male,No,No,No,1,Month-to-month,Bank transfer (automatic),19.65,19.65,No,79,,0,19.65,2,0,10.325,19.65,0
9534-NSXEM,Watsonville,Male,No,No,No,26,One year,Credit card (automatic),20.65,595.5,No,79,,0,22.903846153846153,1,0,23.325,536.9,0
8929-KSWIH,San Jose,Male,No,No,No,25,Two year,Bank transfer (automatic),99.3,2513.5,No,23,,0,100.54,0,0,62.15,2482.5,1
2250-IVBWA,San Jose,Male,No,Yes,Yes,64,Month-to-month,Electronic check,81.05,5135.35,No,48,,0,80.23984375,2,1,72.525,5187.2,1
1810-MVMAI,San Jose,Male,No,Yes,Yes,30,Month-to-month,Electronic check,67.6,2000.2,No,33,,0,66.67333333333333,2,1,48.8,2027.9999999999998,1
9506-UXUSK,San Jose,Male,No,No,No,13,Month-to-month,Electronic check,70.15,931.75,No,30,,0,71.67307692307692,2,1,41.575,911.95,0
1229-RCALF,San Jose,Female,No,Yes,No,64,One year,Electronic check,115,7396.15,No,45,,0,115.56484375,1,1,89.5,7360,1
3572-UOLYZ,San Jose,Female,No,No,Yes,46,Month-to-month,Bank transfer (automatic),84.8,3958.85,No,39,,0,86.06195652173913,2,0,65.4,3900.7999999999997,1
6366-XIVKZ,San Jose,Female,No,Yes,Yes,13,Month-to-month,Mailed check,63.15,816.8,No,46,,0,62.83076923076923,2,0,38.075,820.9499999999999,0
3470-OBUET,San Jose,Female,No,Yes,Yes,67,Two year,Credit card (automatic),74,4868.4,No,35,,0,72.66268656716417,0,0,70.5,4958,1
2770-NSVDG,San Jose,Male,No,Yes,No,24,Month-to-month,Electronic check,29.1,688,No,33,,0,28.666666666666668,2,1,26.55,698.4000000000001,0
9375-MHRRS,San Jose,Male,No,No,No,6,Month-to-month,Mailed check,50.05,288.35,No,34,,0,48.05833333333334,2,0,28.025,300.29999999999995,0
4860-YZGZM,San Jose,Male,No,No,No,10,Month-to-month,Electronic check,20,185.4,No,63,,0,18.54,2,1,15,200,0
6599-GZWCM,San Jose,Female,No,No,No,13,One year,Mailed check,74.65,966.25,No,40,,0,74.32692307692308,1,0,43.825,970.45,0
5533-NHFRF,San Jose,Male,Yes,No,No,7,Month-to-month,Electronic check,44.4,265.8,No,77,,0,37.971428571428575,2,1,25.7,310.8,0
7037-MTYVW,San Jose,Male,No,Yes,Yes,38,Two year,Bank transfer (automatic),85.4,3297,No,51,,0,86.76315789473684,0,0,61.7,3245.2000000000003,1
4760-THGOT,San Jose,Female,No,Yes,No,43,Month-to-month,Electronic check,94.1,4107.3,No,71,,0,95.51860465116279,2,1,68.55,4046.2999999999997,1
4016-BJKTZ,San Jose,Female,No,No,No,25,Two year,Electronic check,108.9,2809.05,No,80,,0,112.36200000000001,0,1,66.95,2722.5,1
6584-VQMYT,San Jose,Male,No,No,Yes,27,One year,Mailed check,56.2,1567.55,No,42,,0,58.0574074074074,1,0,41.6,1517.4,0
9838-BFCQT,San Jose,Male,No,Yes,Yes,72,Two year,Mailed check,26.1,1851.45,No,41,,0,25.714583333333334,0,0,49.05,1879.2,0
2790-XUYMV,Mount Hamilton,Male,No,No,Yes,71,One year,Credit card (automatic),85.45,6028.95,No,48,,0,84.91478873239437,1,0,78.225,6066.95,1
0581-MDMPW,San Jose,Female,No,No,No,24,Month-to-month,Credit card (automatic),88.95,2072.75,No,37,,0,86.36458333333333,2,0,56.475,2134.8,1
1023-BQXZE,Stockton,Male,No,No,No,57,Two year,Bank transfer (automatic),74.35,4317.35,No,71,,0,75.74298245614035,0,0,65.675,4237.95,1
9163-GHAYE,Stockton,Female,No,No,No,15,Month-to-month,Electronic check,48.85,736.8,No,62,,0,49.12,2,1,31.925,732.75,0
3904-UKFRE,Stockton,Male,No,No,No,4,Month-to-month,Electronic check,80.1,336.15,No,67,,0,84.0375,2,1,42.05,320.4,0
5353-WILCI,Stockton,Female,No,No,No,28,Month-to-month,Electronic check,56.05,1522.65,No,47,,0,54.38035714285714,2,1,42.025,1569.3999999999999,0
0058-EVZWM,Stockton,Female,No,Yes,No,55,Month-to-month,Bank transfer (automatic),89.8,4959.6,No,42,,0,90.17454545454547,2,0,72.4,4939,1
7009-PCARS,Stockton,Male,No,No,Yes,55,One year,Bank transfer (automatic),19.1,1001.5,No,66,,0,18.20909090909091,1,0,37.05,1050.5,0
0519-DRGTI,Stockton,Female,No,Yes,Yes,20,Month-to-month,Mailed check,20.35,442.6,No,49,,0,22.130000000000003,2,0,20.175,407,0
1017-FBQMM,Acampo,Female,No,Yes,Yes,62,One year,Credit card (automatic),106.05,6703.5,No,69,,0,108.12096774193549,1,0,84.025,6575.099999999999,1
1985-MBRYP,Arnold,Female,No,No,No,43,Two year,Bank transfer (automatic),19.65,779.25,No,41,,0,18.122093023255815,0,0,31.325,844.9499999999999,0
9372-TXXPS,Burson,Female,No,Yes,No,60,Two year,Bank transfer (automatic),59.85,3483.45,No,54,,0,58.0575,0,0,59.925,3591,1
3259-QMXUN,Campo Seco,Male,No,Yes,No,58,Two year,Electronic check,86.1,4890.5,No,33,,0,84.31896551724138,0,1,72.05,4993.799999999999,1
1015-JPFYW,Clements,Male,No,No,Yes,7,One year,Mailed check,19.45,136.75,No,29,,0,19.535714285714285,1,0,13.225,136.15,0
6645-MXQJT,Copperopolis,Male,No,Yes,Yes,2,Month-to-month,Electronic check,97.1,184.15,No,43,,0,92.075,2,1,49.55,194.2,0
4360-QRAVE,Farmington,Male,Yes,No,No,37,Month-to-month,Electronic check,36.65,1315,No,72,,0,35.54054054054054,2,1,36.825,1356.05,0
8433-WPJTV,French Camp,Female,Yes,Yes,Yes,65,One year,Bank transfer (automatic),103.9,6767.1,No,75,,0,104.10923076923078,1,0,84.45,6753.5,1
5804-JMYIO,Glencoe,Female,No,Yes,Yes,39,Two year,Mailed check,19.75,757.95,No,61,,0,19.434615384615388,0,0,29.375,770.25,0
6484-LATFU,Linden,Male,No,No,No,68,Two year,Mailed check,24.55,1657.4,No,31,,0,24.373529411764707,0,0,46.275,1669.4,0
7599-NTMDP,Lockeford,Female,No,Yes,Yes,62,Two year,Bank transfer (automatic),48.7,3008.55,No,26,,0,48.525000000000006,0,0,55.35,3019.4,1
0536-ACXIP,Lodi,Female,No,Yes,No,72,Two year,Electronic check,109.55,8165.1,No,53,,0,113.40416666666667,0,1,90.775,7887.599999999999,1
0936-NQLJU,Mokelumne Hill,Female,No,Yes,No,41,Two year,Credit card (automatic),20.65,875.55,No,79,,0,21.35487804878049,0,0,30.825,846.65,0
1575-KRZZE,Murphys,Female,No,No,No,4,Month-to-month,Electronic check,55.2,220.65,No,74,,0,55.1625,2,1,29.6,220.8,0
3251-YMVWZ,San Andreas,Male,No,No,No,53,One year,Bank transfer (automatic),24.05,1301.9,No,20,,0,24.56415094339623,1,0,38.525,1274.65,0
4884-LEVMQ,Valley Springs,Male,No,Yes,No,39,Two year,Bank transfer (automatic),20.45,790,No,80,,0,20.256410256410255,0,0,29.725,797.55,0
8857-CUPFQ,Wallace,Male,No,Yes,No,63,Two year,Mailed check,19.25,1237.65,No,20,,0,19.645238095238096,0,0,41.125,1212.75,0
7610-TVOPG,West Point,Male,No,No,No,15,Month-to-month,Electronic check,26.35,378.6,No,73,,0,25.240000000000002,2,1,20.675,395.25,0
3638-DIMPH,Wilseyville,Female,No,Yes,No,13,One year,Electronic check,43.8,592.65,No,40,,0,45.58846153846154,1,1,28.4,569.4,0
1845-ZLLIG,Woodbridge,Male,No,No,No,1,Month-to-month,Mailed check,50.15,50.15,No,50,,0,50.15,2,0,25.575,50.15,0
8559-WNQZS,Atwater,Male,No,No,No,1,Two year,Mailed check,20.45,20.45,No,27,,0,20.45,0,0,10.725,20.45,0
1699-UOTXU,Big Oak Flat,Male,No,No,No,60,Two year,Electronic check,61.4,3638.25,No,40,,0,60.6375,0,1,60.7,3684,1
0635-WKOLD,Ceres,Male,No,Yes,No,40,One year,Credit card (automatic),70.75,2921.75,No,32,,0,73.04375,1,0,55.375,2830,1
5993-JSUWV,Columbia,Female,No,No,No,66,Two year,Bank transfer (automatic),61.15,4017.45,No,66,,0,60.87045454545454,0,0,63.575,4035.9,1
4518-FZBSX,Coulterville,Male,No,Yes,Yes,42,One year,Mailed check,20.25,854.9,No,64,,0,20.354761904761904,1,0,31.125,850.5,0
5387-ASZNZ,Cressey,Female,Yes,No,No,66,One year,Credit card (automatic),63.85,4174.35,No,80,,0,63.247727272727275,1,0,64.925,4214.1,1
6988-CJEYV,Crows Landing,Male,No,No,No,49,Month-to-month,Electronic check,98.7,4920.55,No,79,,0,100.41938775510205,2,1,73.85,4836.3,1
3097-FQTVJ,Denair,Female,No,No,No,41,Two year,Mailed check,20,810.3,No,21,,0,19.76341463414634,0,0,30.5,820,0
5465-BUBFA,El Nido,Female,No,Yes,Yes,41,Two year,Bank transfer (automatic),19.3,772.4,No,40,,0,18.839024390243903,0,0,30.15,791.3000000000001,0
7299-GNVPL,El Portal,Female,No,Yes,Yes,23,Month-to-month,Mailed check,84.4,1936.85,No,54,,0,84.2108695652174,2,0,53.7,1941.2,0
9743-DQKQW,Escalon,Male,No,No,No,3,Month-to-month,Electronic check,25.1,79.8,No,58,,0,26.599999999999998,2,1,14.05,75.30000000000001,0
1215-VFYVK,Groveland,Female,No,No,No,4,Month-to-month,Mailed check,48.25,202.25,No,30,,0,50.5625,2,0,26.125,193,0
9371-BITHB,Gustine,Female,No,Yes,Yes,52,Two year,Mailed check,19.85,1070.5,No,43,,0,20.58653846153846,0,0,35.925,1032.2,0
9093-FPDLG,Hilmar,Female,No,No,No,11,Month-to-month,Electronic check,94.2,999.9,No,52,,0,90.89999999999999,2,1,52.6,1036.2,0
0541-FITGH,Hornitos,Female,No,Yes,No,2,Month-to-month,Mailed check,62.15,113.1,No,34,,0,56.55,2,0,32.075,124.3,0
6985-HAYWX,Hughson,Female,No,Yes,No,26,Month-to-month,Bank transfer (automatic),79.3,2015.8,No,54,,0,77.53076923076922,2,0,52.65,2061.7999999999997,1
7508-KBIMB,Jamestown,Male,No,Yes,Yes,24,One year,Credit card (automatic),56.25,1454.25,No,52,,0,60.59375,1,0,40.125,1350,0
6838-HVLXG,Keyes,Female,No,No,No,12,Month-to-month,Mailed check,20.3,246.7,No,27,,0,20.558333333333334,2,0,16.15,243.60000000000002,0
2277-DJJDL,La Grange,Male,Yes,Yes,No,60,Month-to-month,Electronic check,99,6017.9,No,40,,0,100.29833333333333,2,1,79.5,5940,1
1897-OKVMW,Lathrop,Female,No,Yes,Yes,64,Two year,Mailed check,90.6,5817.45,No,43,,0,90.89765625,0,0,77.3,5798.4,1
5485-ITNPC,Le Grand,Male,No,Yes,No,66,Two year,Bank transfer (automatic),85.9,5595.3,No,24,,0,84.77727272727273,0,0,75.95,5669.400000000001,1
0233-FTHAV,Livingston,Female,No,No,No,60,One year,Bank transfer (automatic),79.2,4765,No,49,,0,79.41666666666667,1,0,69.6,4752,1
4644-PIZRT,Long Barn,Male,No,Yes,Yes,17,One year,Bank transfer (automatic),70.35,1201.65,No,35,,0,70.68529411764706,1,0,43.675,1195.9499999999998,0
8922-NPKBJ,Manteca,Male,No,Yes,Yes,42,Two year,Mailed check,19.35,867.3,No,21,,0,20.65,0,0,30.675,812.7,0
2740-TVLFN,Manteca,Male,No,No,No,1,Month-to-month,Electronic check,50.15,50.15,No,80,,0,50.15,2,1,25.575,50.15,0
7771-CFQRQ,Mariposa,Female,No,Yes,Yes,47,Two year,Bank transfer (automatic),63.8,3007.25,No,45,,0,63.984042553191486,0,0,55.4,2998.6,1
9512-PHSMG,Merced,Female,No,Yes,No,10,Month-to-month,Mailed check,20.55,252.75,No,71,,0,25.275,2,0,15.275,205.5,0
6963-EZQEE,Midpines,Male,Yes,Yes,No,70,Two year,Credit card (automatic),88.55,6306.5,No,37,,0,90.09285714285714,0,0,79.275,6198.5,1
2452-KDRRH,Mi Wuk Village,Male,Yes,No,No,67,Month-to-month,Credit card (automatic),101.4,6841.05,No,28,,0,102.10522388059702,2,0,84.2,6793.8,1
4146-SVFUD,Modesto,Male,No,No,No,1,Month-to-month,Mailed check,44.6,44.6,No,77,,0,44.6,2,0,22.8,44.6,0
1564-HJUVY,Modesto,Male,No,No,No,4,Month-to-month,Bank transfer (automatic),63.75,226.2,No,59,,0,56.55,2,0,33.875,255,0
3617-XLSGQ,Modesto,Female,No,Yes,Yes,66,Two year,Bank transfer (automatic),109.25,7082.5,No,28,,0,107.31060606060606,0,0,87.625,7210.5,1
0895-LNKRC,El Monte,Male,No,Yes,Yes,6,One year,Mailed check,19.45,113.5,No,43,,0,18.916666666666668,1,0,12.725,116.69999999999999,0
7517-LDMPS,Modesto,Female,No,No,No,12,Month-to-month,Electronic check,84.6,1017.35,No,75,,0,84.77916666666667,2,1,48.3,1015.1999999999999,0
7244-KXYZN,Modesto,Female,No,No,No,24,One year,Credit card (automatic),20.45,527.35,No,20,,0,21.972916666666666,1,0,22.225,490.79999999999995,0
5226-NOZFC,Modesto,Male,No,No,No,26,Month-to-month,Electronic check,85.75,2146.5,No,64,,0,82.5576923076923,2,1,55.875,2229.5,1
1400-WIVLL,Oakdale,Male,No,Yes,No,57,Two year,Electronic check,107.95,5969.85,No,24,,0,104.73421052631579,0,1,82.475,6153.150000000001,1
8148-NLEGT,Pinecrest,Female,No,Yes,Yes,42,Two year,Electronic check,22.95,1014.25,No,24,,0,24.148809523809526,0,1,32.475,963.9,0
8347-GDTMP,Ripon,Female,No,Yes,No,64,Two year,Credit card (automatic),19.45,1225.65,No,78,,0,19.15078125,0,0,41.725,1244.8,0
6746-WAUWT,Salida,Male,No,No,No,19,One year,Credit card (automatic),19.7,386.5,No,41,,0,20.342105263157894,1,0,19.35,374.3,0
0428-IKYCP,Sonora,Male,No,Yes,No,22,Month-to-month,Bank transfer (automatic),87,1850.65,No,49,,0,84.12045454545455,2,0,54.5,1914,0
2187-PKZAY,Stevinson,Male,No,No,No,12,Month-to-month,Bank transfer (automatic),79.95,1043.4,No,71,,0,86.95,2,0,45.975,959.4000000000001,0
4003-OCTMP,Tracy,Female,No,Yes,No,31,One year,Electronic check,64,1910.75,No,24,,0,61.63709677419355,1,1,47.5,1984,0
6652-YFFJO,Tuolumne,Female,No,No,No,11,Month-to-month,Electronic check,64.9,716.1,No,80,,0,65.10000000000001,2,1,37.95,713.9000000000001,0
7225-IILWY,Turlock,Male,No,Yes,Yes,68,Two year,Mailed check,25.75,1686.15,No,26,,0,24.796323529411765,0,0,46.875,1751,0
5248-RPYWW,Turlock,Female,Yes,Yes,Yes,72,Two year,Bank transfer (automatic),90.15,6716.45,No,49,,0,93.28402777777778,0,0,81.075,6490.8,1
7923-IYJWY,Twain Harte,Male,Yes,No,No,67,Two year,Credit card (automatic),116.1,7839.85,No,60,,0,117.01268656716418,0,0,91.55,7778.7,1
3170-GWYKC,Vernalis,Female,No,No,No,60,Month-to-month,Bank transfer (automatic),104.95,6236.75,No,62,,0,103.94583333333334,2,0,82.475,6297,1
9830-ECLEN,Winton,Male,No,Yes,Yes,58,One year,Mailed check,50,2919.85,No,45,,0,50.342241379310344,1,0,54,2900,1
2668-TZSPS,Santa Rosa,Male,No,No,No,1,Month-to-month,Mailed check,20.45,20.45,No,51,,0,20.45,2,0,10.725,20.45,0
7446-SFAOA,Santa Rosa,Female,No,Yes,No,37,One year,Bank transfer (automatic),19.85,717.5,No,20,,0,19.39189189189189,1,0,28.425,734.45,0
9522-ZSINC,Santa Rosa,Male,No,No,No,13,One year,Electronic check,19.95,253.8,No,24,,0,19.523076923076925,1,1,16.475,259.34999999999997,0
8234-GSZYK,Albion,Male,No,No,No,43,Two year,Bank transfer (automatic),26.45,1110.05,No,51,,0,25.815116279069766,0,0,34.725,1137.35,0
6505-OZNPG,Annapolis,Female,No,No,No,6,Two year,Mailed check,63.4,348.8,No,48,,0,58.13333333333333,0,0,34.7,380.4,0
6164-HAQTX,Boonville,Male,No,No,No,71,Two year,Bank transfer (automatic),53.95,3888.65,No,76,,0,54.76971830985916,0,0,62.475,3830.4500000000003,1
7765-LWVVH,Caspar,Female,No,Yes,Yes,72,Two year,Electronic check,95.1,6843.15,No,25,,0,95.04374999999999,0,1,83.55,6847.2,1
1658-TJVOA,Cazadero,Female,Yes,No,No,6,Month-to-month,Electronic check,74.1,450.9,No,79,,0,75.14999999999999,2,1,40.05,444.59999999999997,0
0953-LGOVU,Clearlake,Male,No,Yes,Yes,12,Month-to-month,Mailed check,35.5,432.25,No,75,,0,36.020833333333336,2,0,23.75,426,0
4692-NNQRU,Cloverdale,Female,No,Yes,No,21,One year,Electronic check,79.2,1742.45,No,24,,0,82.97380952380952,1,1,50.1,1663.2,0
7742-MYPGI,Cobb,Female,No,Yes,Yes,6,Month-to-month,Mailed check,48.8,297.35,No,45,,0,49.55833333333334,2,0,27.4,292.79999999999995,0
9619-GSATL,Dos Rios,Female,No,No,No,43,One year,Electronic check,55.45,2444.25,No,48,,0,56.843023255813954,1,1,49.225,2384.35,1
5622-UEJFI,Duncans Mills,Female,No,Yes,Yes,35,Two year,Credit card (automatic),25.4,949.8,No,38,,0,27.137142857142855,0,0,30.2,889,0
0674-DGMAQ,Elk,Male,Yes,Yes,No,32,Month-to-month,Electronic check,93.5,2970.8,No,77,,0,92.8375,2,1,62.75,2992,1
6203-HBZPA,Forestville,Male,No,No,No,52,Two year,Credit card (automatic),63.9,3334.95,No,36,,0,64.13365384615385,0,0,57.95,3322.7999999999997,1
0484-FFVBJ,Fort Bragg,Male,No,No,No,32,One year,Bank transfer (automatic),64.85,2010.95,No,29,,0,62.8421875,1,0,48.425,2075.2,1
0301-FIDRB,Fulton,Female,No,Yes,Yes,72,Two year,Bank transfer (automatic),63.8,4684.3,No,32,,0,65.05972222222222,0,0,67.9,4593.599999999999,1
4139-JPIAM,Geyserville,Male,No,No,No,51,Month-to-month,Credit card (automatic),44.45,2181.55,No,62,,0,42.77549019607844,2,0,47.725,2266.9500000000003,1
2181-TIDSV,Glen Ellen,Male,No,Yes,Yes,68,Two year,Bank transfer (automatic),19.95,1303.25,No,70,,0,19.165441176470587,0,0,43.975,1356.6,0
2761-XECQW,Glenhaven,Male,Yes,Yes,No,8,Month-to-month,Mailed check,43.35,371.4,No,68,,0,46.425,2,0,25.675,346.8,0
1936-CZAKF,Graton,Male,No,Yes,No,49,Two year,Credit card (automatic),49.65,2409.9,No,29,,0,49.18163265306123,0,0,49.325,2432.85,1
9453-PATOS,Gualala,Female,No,Yes,No,72,Two year,Mailed check,85.1,6155.4,No,39,,0,85.49166666666666,0,0,78.55,6127.2,1
4402-FTBXC,Hopland,Male,No,No,No,54,Month-to-month,Mailed check,89.8,4667,No,67,,0,86.42592592592592,2,0,71.9,4849.2,1
2931-XIQBR,Kelseyville,Female,No,Yes,Yes,50,One year,Mailed check,103.05,5153.5,No,72,,0,103.07,1,0,76.525,5152.5,1
0106-UGRDO,Kenwood,Female,No,Yes,No,69,Two year,Electronic check,116,8182.85,No,37,,0,118.59202898550726,0,1,92.5,8004,1
5542-TBBWB,Lakeport,Male,No,No,No,1,Month-to-month,Electronic check,69.9,69.9,No,26,,0,69.9,2,1,35.45,69.9,0
1930-QPBVZ,Laytonville,Male,No,Yes,Yes,68,Two year,Bank transfer (automatic),95.1,6683.4,No,38,,0,98.28529411764706,0,0,81.55,6466.799999999999,1
2606-PKWJB,Little River,Male,No,No,Yes,40,One year,Mailed check,40.25,1564.05,No,30,,0,39.10125,1,0,40.125,1610,0
5322-ZSMZY,Lower Lake,Male,No,Yes,Yes,31,Two year,Mailed check,25.75,755.6,No,32,,0,24.374193548387098,0,0,28.375,798.25,0
8059-UDZFY,Lucerne,Female,Yes,No,Yes,33,Month-to-month,Bank transfer (automatic),105.35,3465.05,No,58,,0,105.00151515151515,2,0,69.175,3476.5499999999997,1
7740-BTPUX,Manchester,Male,Yes,Yes,No,55,Two year,Electronic check,113.6,6292.7,No,56,,0,114.41272727272727,0,1,84.3,6248,1
5220-AGAAX,Mendocino,Male,No,Yes,Yes,68,Two year,Bank transfer (automatic),24,1664.3,No,57,,0,24.474999999999998,0,0,46,1632,0
0208-BPQEJ,Middletown,Female,No,Yes,Yes,12,Month-to-month,Bank transfer (automatic),19.4,198.1,No,29,,0,16.508333333333333,2,0,15.7,232.79999999999998,0
9435-JMLSX,Monte Rio,Male,No,Yes,No,71,Two year,Bank transfer (automatic),86.1,6045.9,No,52,,0,85.15352112676055,0,0,78.55,6113.099999999999,1
3352-ALMCK,Navarro,Male,No,No,No,40,Month-to-month,Mailed check,102.65,4108.15,No,52,,0,102.70374999999999,2,0,71.325,4106,1
5312-IRCFR,Nice,Female,No,Yes,Yes,64,One year,Electronic check,92.85,5980.75,No,58,,0,93.44921875,1,1,78.425,5942.4,1
5294-IMHHT,Occidental,Male,No,Yes,No,53,One year,Bank transfer (automatic),97.75,5043.2,No,41,,0,95.15471698113207,1,0,75.375,5180.75,1
6176-YJWAS,Potter Valley,Male,No,Yes,No,72,Two year,Credit card (automatic),97.95,7114.25,No,22,,0,98.80902777777777,0,0,84.975,7052.400000000001,1
5310-NOOVA,Redwood Valley,Male,No,No,No,46,Two year,Electronic check,19.95,907.05,No,55,,0,19.718478260869563,0,1,32.975,917.6999999999999,0
4526-EXKKN,Rio Nido,Male,No,No,No,40,Two year,Mailed check,24.6,973.95,No,65,,0,24.348750000000003,0,0,32.3,984,0
5311-IHLEI,Sebastopol,Male,No,No,No,12,Month-to-month,Bank transfer (automatic),50.95,605.75,No,73,,0,50.479166666666664,2,0,31.475,611.4000000000001,0
3987-KQDDU,Sonoma,Male,No,No,No,9,Month-to-month,Electronic check,75.6,661.55,No,30,,0,73.50555555555555,2,1,42.3,680.4,0
3404-JNXAX,Ukiah,Female,No,Yes,Yes,51,Month-to-month,Electronic check,80.75,4116.9,No,36,,0,80.7235294117647,2,1,65.875,4118.25,1
5131-PONJI,Upper Lake,Male,No,Yes,Yes,49,Month-to-month,Credit card (automatic),90.4,4494.65,No,72,,0,91.72755102040816,2,0,69.7,4429.6,1
3489-VSFRD,Willits,Female,No,No,No,56,One year,Credit card (automatic),60.25,3282.75,No,40,,0,58.620535714285715,1,0,58.125,3374,1
3345-JHUEO,Windsor,Male,No,No,No,4,Month-to-month,Electronic check,20.2,55.7,No,45,,0,13.925,2,1,12.1,80.8,0
5815-HGGHV,Witter Springs,Male,No,Yes,No,20,One year,Mailed check,64.15,1274.45,No,61,,0,63.722500000000004,1,0,42.075,1283,0
5260-UMPWX,Yorkville,Female,No,Yes,Yes,26,Month-to-month,Credit card (automatic),20.25,493.95,No,43,,0,18.998076923076923,2,0,23.125,526.5,0
5649-RXQTV,Alderpoint,Male,No,No,No,51,Month-to-month,Electronic check,99,5038.15,No,78,,0,98.78725490196078,2,1,75,5049,1
2674-MIAHT,Blocksburg,Female,No,No,No,4,Month-to-month,Mailed check,80.3,324.2,No,70,,0,81.05,2,0,42.15,321.2,0
2576-HXMPA,Mckinleyville,Female,No,No,No,1,Month-to-month,Credit card (automatic),19.55,19.55,No,38,,0,19.55,2,0,10.275,19.55,0
7587-AOVVU,Arcata,Male,No,Yes,Yes,27,Month-to-month,Electronic check,100.75,2793.55,No,31,,0,103.46481481481482,2,1,63.875,2720.25,1
6898-MDLZW,Blue Lake,Male,No,No,No,12,Month-to-month,Mailed check,53.75,648.65,No,28,,0,54.05416666666667,2,0,32.875,645,0
4707-YNOQA,Burnt Ranch,Female,No,Yes,Yes,34,One year,Credit card (automatic),25.6,917.15,No,43,,0,26.974999999999998,1,0,29.8,870.4000000000001,0
9357-UJRUN,Carlotta,Male,No,Yes,No,24,One year,Electronic check,58.35,1346.9,No,45,,0,56.12083333333334,1,1,41.175,1400.4,0
8648-PFRMP,Ferndale,Female,Yes,No,No,14,Month-to-month,Electronic check,46.35,672.7,No,44,,0,48.050000000000004,2,1,30.175,648.9,0
7663-CUXZB,Fields Landing,Male,No,Yes,No,59,Two year,Electronic check,113.75,6561.25,No,23,,0,111.20762711864407,0,1,86.375,6711.25,1
0258-NOKBL,Fortuna,Male,No,No,No,3,Month-to-month,Electronic check,90.4,268.45,No,61,,0,89.48333333333333,2,1,46.7,271.20000000000005,0
1163-VIPRI,Garberville,Female,No,Yes,Yes,65,Two year,Electronic check,109.3,7337.55,No,51,,0,112.88538461538462,0,1,87.15,7104.5,1
9348-ROUAI,Honeydew,Female,No,Yes,Yes,59,Two year,Credit card (automatic),90.3,5194.05,No,53,,0,88.03474576271186,0,0,74.65,5327.7,1
9443-JUBUO,Hoopa,Male,No,Yes,Yes,72,Two year,Credit card (automatic),65.25,4478.85,No,67,,0,62.206250000000004,0,0,68.625,4698,1
3043-TYBNO,Kneeland,Male,No,No,No,3,Month-to-month,Mailed check,60.65,196.9,No,22,,0,65.63333333333334,2,0,31.825,181.95,0
4830-FAXFM,Korbel,Male,No,No,Yes,19,Month-to-month,Credit card (automatic),24.1,439.2,No,35,,0,23.11578947368421,2,0,21.55,457.90000000000003,0
5906-BFOZT,Loleta,Male,No,No,No,1,Month-to-month,Mailed check,19.5,19.5,No,21,,0,19.5,2,0,10.25,19.5,0
2960-NKRSO,Mad River,Male,No,No,No,24,Month-to-month,Electronic check,85.95,2107.15,No,52,,0,87.79791666666667,2,1,54.975,2062.8,1
8996-ZROXE,Miranda,Male,Yes,No,No,57,One year,Electronic check,53.5,3035.8,No,58,,0,53.25964912280702,1,1,55.25,3049.5,1
6323-AYBRX,Ontario,Male,No,No,No,59,Two year,Mailed check,19.35,1099.6,Yes,83,Price too high,1,18.63728813559322,0,0,39.175,1141.65,0
5598-IKHQQ,Myers Flat,Female,No,No,No,72,Two year,Credit card (automatic),25.45,1866.45,No,42,,0,25.922916666666666,0,0,48.725,1832.3999999999999,0
0397-ZXWQF,Orick,Male,No,No,No,67,Two year,Bank transfer (automatic),20.5,1430.95,No,45,,0,21.357462686567164,0,0,43.75,1373.5,0
5266-PFRQK,Orleans,Male,No,Yes,Yes,52,One year,Credit card (automatic),20.85,1071.6,No,56,,0,20.607692307692307,1,0,36.425,1084.2,0
4674-HGNUA,Petrolia,Male,No,Yes,Yes,71,Two year,Credit card (automatic),89.9,6457.15,No,57,,0,90.94577464788732,0,0,80.45,6382.900000000001,1
6765-MBQNU,Phillipsville,Female,No,Yes,No,26,One year,Mailed check,26,684.05,No,20,,0,26.309615384615384,1,0,26,676,0
9786-IJYDL,Redway,Female,No,No,No,35,Two year,Mailed check,113.2,3914.05,No,76,,0,111.83,0,0,74.1,3962,1
1303-SRDOK,Rio Dell,Female,No,Yes,Yes,55,Two year,Credit card (automatic),69.05,3842.6,No,67,,0,69.86545454545454,0,0,62.025,3797.75,1
3769-MHZNV,Salyer,Female,No,Yes,Yes,33,Two year,Mailed check,20.1,670.35,No,25,,0,20.313636363636363,0,0,26.55,663.3000000000001,0
6295-OSINB,Samoa,Male,No,Yes,No,72,Two year,Electronic check,109.65,7880.25,No,25,,0,109.44791666666667,0,1,90.825,7894.8,1
3308-MHOOC,Scotia,Male,No,No,Yes,1,Month-to-month,Mailed check,19.2,19.2,No,76,,0,19.2,2,0,10.1,19.2,0
2207-QPJED,Somes Bar,Female,Yes,Yes,No,37,Month-to-month,Electronic check,90,3371.75,No,62,,0,91.12837837837837,2,1,63.5,3330,1
4177-JPDFU,Redcrest,Male,No,No,No,12,Month-to-month,Mailed check,34,442.45,No,39,,0,36.87083333333333,2,0,23,408,0
2239-CFOUJ,Trinidad,Male,No,Yes,Yes,1,One year,Mailed check,20.4,20.4,No,54,,0,20.4,1,0,10.7,20.4,0
8046-DNVTL,Weott,Male,No,Yes,No,62,Two year,Credit card (automatic),38.6,2345.55,No,45,,0,37.83145161290323,0,0,50.3,2393.2000000000003,1
2209-XADXF,Willow Creek,Female,No,No,No,1,Month-to-month,Bank transfer (automatic),25.25,25.25,No,28,,0,25.25,2,0,13.125,25.25,0
6620-JDYNW,Leggett,Female,No,No,No,18,Month-to-month,Mailed check,60.6,1156.35,No,74,,0,64.24166666666666,2,0,39.3,1090.8,0
4770-UEZOX,Whitethorn,Male,No,No,No,2,Month-to-month,Electronic check,74.75,144.8,No,34,,0,72.4,2,1,38.375,149.5,0
1038-RQOST,Zenia,Male,No,Yes,Yes,19,Month-to-month,Mailed check,20.6,414.95,No,32,,0,21.839473684210525,2,0,19.8,391.40000000000003,0
4568-TTZRT,Auburn,Male,No,No,No,9,Month-to-month,Mailed check,20.4,181.8,No,21,,0,20.200000000000003,2,0,14.7,183.6,0
9513-DXHDA,Auburn,Male,No,No,No,27,One year,Electronic check,81.7,2212.55,No,39,,0,81.9462962962963,1,1,54.35,2205.9,1
0516-QREYC,Capay,Female,Yes,No,No,24,Month-to-month,Mailed check,20.3,459.95,No,71,,0,19.164583333333333,2,0,22.15,487.20000000000005,0
8084-OIVBS,Clarksburg,Female,No,No,No,11,One year,Mailed check,20,211.95,No,53,,0,19.268181818181816,1,0,15.5,220,0
8896-BQTTI,Cool,Male,No,No,No,1,Month-to-month,Mailed check,25,25,No,53,,0,25,2,0,13,25,0
3865-QBWSJ,Courtland,Male,Yes,No,Yes,38,Month-to-month,Mailed check,80.45,3162.65,No,41,,0,83.22763157894737,2,0,59.225,3057.1,1
3352-RICWQ,Davis,Female,No,Yes,Yes,9,Two year,Mailed check,19.75,210.65,No,24,,0,23.405555555555555,0,0,14.375,177.75,0
2160-GPFXD,Davis,Male,No,Yes,Yes,54,Two year,Credit card (automatic),65.65,3566.7,No,49,,0,66.05,0,0,59.825,3545.1000000000004,1
2065-MMKGR,Diamond Springs,Female,No,No,No,29,One year,Credit card (automatic),71,2080.1,No,32,,0,71.72758620689655,1,0,50,2059,1
5857-TYBCJ,Dixon,Male,Yes,Yes,No,44,Month-to-month,Electronic check,89.2,4040.2,No,36,,0,91.82272727272726,2,1,66.6,3924.8,1
1498-NHTLT,Citrus Heights,Male,No,Yes,Yes,59,Two year,Electronic check,86.75,5186,No,21,,0,87.89830508474576,0,1,72.875,5118.25,1
1402-PTHGN,Elk Grove,Female,No,Yes,Yes,18,One year,Mailed check,61.5,1087.45,No,67,,0,60.41388888888889,1,0,39.75,1107,0
4176-RELJR,Elmira,Male,Yes,No,No,67,Two year,Credit card (automatic),25.1,1672.15,No,26,,0,24.957462686567165,0,0,46.05,1681.7,0
5199-FPUSP,Esparto,Male,No,No,Yes,33,One year,Credit card (automatic),34.05,1113.95,No,73,,0,33.75606060606061,1,0,33.525,1123.6499999999999,0
6377-KSLXC,Fair Oaks,Male,No,No,No,5,Month-to-month,Mailed check,19.95,107.05,No,20,,0,21.41,2,0,12.475,99.75,0
1796-JANOW,Fiddletown,Female,No,No,No,2,Month-to-month,Mailed check,19.95,38.15,No,40,,0,19.075,2,0,10.975,39.9,0
0238-WHBIQ,Folsom,Male,No,Yes,Yes,72,Two year,Credit card (automatic),89.7,6339.3,No,50,,0,88.04583333333333,0,0,80.85,6458.400000000001,1
8735-NBLWT,Foresthill,Male,No,No,Yes,9,Month-to-month,Mailed check,20.4,184.1,No,67,,0,20.455555555555556,2,0,14.7,183.6,0
6651-RLGGM,Galt,Male,No,Yes,Yes,67,Two year,Mailed check,26.3,1688.9,No,52,,0,25.207462686567165,0,0,46.65,1762.1000000000001,0
1614-JBEBI,Georgetown,Female,No,No,No,8,Month-to-month,Mailed check,20.7,137.6,No,49,,0,17.2,2,0,14.35,165.6,0
5696-EXCYS,Hood,Male,No,No,No,17,Two year,Credit card (automatic),19.45,369.05,No,29,,0,21.708823529411767,0,0,18.225,330.65,0
5795-KTGUD,Ione,Female,No,Yes,No,68,Two year,Bank transfer (automatic),110.8,7553.6,No,67,,0,111.08235294117648,0,0,89.4,7534.4,1
7924-GJZFI,Jackson,Female,Yes,Yes,No,25,Month-to-month,Electronic check,69.3,1813.1,No,50,,0,72.524,2,1,47.15,1732.5,0
4385-GZQXV,Ontario,Female,Yes,No,No,16,Month-to-month,Electronic check,94.45,1511.2,Yes,81,Product dissatisfaction,1,94.45,2,1,55.225,1511.2,0
4702-HDRKD,Knights Landing,Male,No,No,No,67,One year,Bank transfer (automatic),49.35,3321.35,No,33,,0,49.57238805970149,1,0,58.175,3306.4500000000003,1
8512-WIWYV,Kirkwood,Male,No,No,No,32,One year,Credit card (automatic),20.35,707.5,No,40,,0,22.109375,1,0,26.175,651.2,0
5897-ZYEKH,Lincoln,Female,Yes,Yes,No,67,One year,Electronic check,105.6,7112.15,No,45,,0,106.15149253731343,1,1,86.3,7075.2,1
5456-ITGIC,Loomis,Male,Yes,Yes,No,72,Two year,Credit card (automatic),64.45,4641.1,No,68,,0,64.45972222222223,0,0,68.225,4640.400000000001,1
1406-PUQVY,Madison,Male,No,No,Yes,1,Month-to-month,Electronic check,49.9,49.9,No,39,,0,49.9,2,1,25.45,49.9,0
9114-AAFQH,North Highlands,Female,No,Yes,No,48,One year,Electronic check,65.65,3094.65,No,67,,0,64.471875,1,1,56.825,3151.2000000000003,1
8715-KKTFG,Roseville,Female,No,Yes,No,61,One year,Bank transfer (automatic),103.3,6518.35,No,27,,0,106.85819672131149,1,0,82.15,6301.3,1
1728-BQDMA,Penryn,Female,No,No,No,2,Month-to-month,Electronic check,44.45,82.7,No,26,,0,41.35,2,1,23.225,88.9,0
5117-ZSMHQ,Pioneer,Female,No,Yes,Yes,71,Two year,Bank transfer (automatic),89.9,6342.7,No,54,,0,89.33380281690141,0,0,80.45,6382.900000000001,1
5151-HQRDG,Placerville,Male,No,Yes,No,37,Month-to-month,Mailed check,55.05,2030.75,No,26,,0,54.88513513513514,2,0,46.025,2036.85,1
0960-HUWBM,Pleasant Grove,Male,No,Yes,Yes,65,Two year,Bank transfer (automatic),104.1,6700.05,No,25,,0,103.07769230769232,0,0,84.55,6766.5,1
6465-GSRCL,Plymouth,Female,No,No,Yes,67,One year,Bank transfer (automatic),106.6,7244.7,No,65,,0,108.12985074626866,1,0,86.8,7142.2,1
0263-FJTQO,Rescue,Male,No,Yes,Yes,50,Two year,Credit card (automatic),70.5,3486.65,No,60,,0,69.733,0,0,60.25,3525,1
7319-ZNRTR,Rio Linda,Male,No,Yes,Yes,25,One year,Electronic check,19.6,411.15,No,51,,0,16.445999999999998,1,1,22.3,490.00000000000006,0
7503-EPSZW,River Pines,Female,No,Yes,Yes,64,Two year,Mailed check,24.05,1559.15,No,55,,0,24.36171875,0,0,44.025,1539.2,0
7089-XXAYG,Rocklin,Male,No,Yes,No,25,One year,Credit card (automatic),38.1,970.4,No,72,,0,38.816,1,0,31.55,952.5,0
8070-AAWZP,Sheridan,Male,Yes,Yes,No,24,Month-to-month,Mailed check,34.25,828.2,No,63,,0,34.50833333333333,2,0,29.125,822,0
1666-JXLKU,Shingle Springs,Female,No,No,No,37,Month-to-month,Electronic check,100.05,3810.55,No,52,,0,102.98783783783784,2,1,68.525,3701.85,1
7855-DIWPO,Sloughhouse,Female,No,No,No,21,Month-to-month,Electronic check,68.65,1493.2,No,21,,0,71.1047619047619,2,1,44.825,1441.65,0
5133-POWUA,Somerset,Male,No,No,No,1,Month-to-month,Mailed check,45.8,45.8,No,30,,0,45.8,2,0,23.4,45.8,0
5652-MSDEY,Sutter Creek,Female,No,No,No,10,Month-to-month,Mailed check,75.75,777.3,No,52,,0,77.72999999999999,2,0,42.875,757.5,0
1810-BOHSY,Vacaville,Male,No,Yes,No,51,One year,Credit card (automatic),96.4,4911.05,No,26,,0,96.29509803921569,1,0,73.7,4916.400000000001,1
1784-BXEFA,Vacaville,Female,No,No,No,10,Month-to-month,Mailed check,20.55,187.35,No,43,,0,18.735,2,0,15.275,205.5,0
7351-MHQVU,Volcano,Female,No,No,No,6,Month-to-month,Credit card (automatic),50.95,307.6,No,79,,0,51.26666666666667,2,0,28.475,305.70000000000005,0
9224-VTYID,Walnut Grove,Male,No,Yes,Yes,47,Two year,Mailed check,90.5,4318.35,No,30,,0,91.87978723404257,0,0,68.75,4253.5,1
9500-IWPXQ,West Sacramento,Female,No,Yes,Yes,61,One year,Electronic check,79.4,4820.55,No,74,,0,79.02540983606558,1,1,70.2,4843.400000000001,1
5762-TJXGK,Wheatland,Female,No,No,No,52,Two year,Bank transfer (automatic),58.75,3038.55,No,21,,0,58.43365384615385,0,0,55.375,3055,1
4504-YOULA,Wilton,Female,No,Yes,Yes,35,Month-to-month,Credit card (automatic),59.45,2136.9,No,49,,0,61.05428571428572,2,0,47.225,2080.75,1
5569-IDSEY,Winters,Male,No,Yes,No,71,One year,Bank transfer (automatic),105.7,7472.15,No,20,,0,105.24154929577465,1,0,88.35,7504.7,1
7284-ZZLOH,Alta,Male,No,Yes,No,45,Two year,Credit card (automatic),53.3,2296.25,No,79,,0,51.02777777777778,0,0,49.15,2398.5,1
1777-JYQPJ,Colfax,Male,No,No,No,2,Month-to-month,Mailed check,24.3,38.45,No,77,,0,19.225,2,0,13.15,48.6,0
3401-URHDA,Emigrant Gap,Male,No,No,No,51,One year,Credit card (automatic),59.9,3043.6,No,42,,0,59.67843137254902,1,0,55.45,3054.9,1
1599-EAHXY,Gold Run,Male,No,Yes,Yes,60,One year,Credit card (automatic),23.95,1506.4,No,71,,0,25.10666666666667,1,0,41.975,1437,0
8631-XVRZL,Kyburz,Male,No,No,No,9,One year,Mailed check,20.15,163.7,No,70,,0,18.188888888888886,1,0,14.575,181.35,0
3853-LYGAM,Meadow Vista,Male,No,No,No,17,Month-to-month,Bank transfer (automatic),95.65,1640,No,49,,0,96.47058823529412,2,0,56.325,1626.0500000000002,0
5751-USDBL,Soda Springs,Male,No,Yes,Yes,46,Two year,Mailed check,81,3846.35,No,57,,0,83.61630434782609,0,0,63.5,3726,1
5680-LQOGP,Twin Bridges,Female,No,No,No,68,Two year,Credit card (automatic),82.45,5646.6,No,70,,0,83.03823529411765,0,0,75.225,5606.6,1
8189-DUKMV,Rancho Cordova,Female,No,Yes,No,4,One year,Bank transfer (automatic),20.5,79.05,No,80,,0,19.7625,1,0,12.25,82,0
9931-DCEZH,Roseville,Male,No,No,Yes,28,One year,Credit card (automatic),54.4,1516.6,No,74,,0,54.16428571428571,1,0,41.2,1523.2,0
1898-JSNDC,Elk Grove,Female,No,No,No,39,One year,Credit card (automatic),58.6,2224.5,No,46,,0,57.03846153846154,1,0,48.8,2285.4,1
0315-LVCRK,El Dorado Hills,Male,No,No,No,11,Month-to-month,Electronic check,84.8,888.75,No,60,,0,80.79545454545455,2,1,47.9,932.8,0
3911-RSNHI,Rocklin,Female,No,Yes,No,71,Two year,Credit card (automatic),61.4,4310.35,No,37,,0,60.70915492957747,0,0,66.2,4359.4,1
2410-CIYFZ,Woodland,Male,No,No,Yes,2,Month-to-month,Mailed check,20.4,42.9,No,77,,0,21.45,2,0,11.2,40.8,0
5505-OVWQW,Sacramento,Female,No,No,No,17,One year,Mailed check,20.15,353.65,No,48,,0,20.802941176470586,1,0,18.575,342.54999999999995,0
7271-AJDTL,Sacramento,Female,No,Yes,No,55,Month-to-month,Credit card (automatic),94.45,5073.1,No,55,,0,92.23818181818183,2,0,74.725,5194.75,1
1867-TJHTS,Sacramento,Female,No,No,No,58,Month-to-month,Bank transfer (automatic),79.8,4526.85,No,78,,0,78.0491379310345,2,0,68.9,4628.4,1
6860-YRJZP,Sacramento,Male,Yes,No,No,9,Month-to-month,Electronic check,74.05,678.45,No,51,,0,75.38333333333334,2,1,41.525,666.4499999999999,0
4429-WYGFR,Sacramento,Male,No,No,No,26,Month-to-month,Bank transfer (automatic),49.15,1237.3,No,54,,0,47.58846153846154,2,0,37.575,1277.8999999999999,0
2817-LVCPP,Sacramento,Female,No,No,No,50,Two year,Credit card (automatic),19.4,1023.95,No,41,,0,20.479,0,0,34.7,969.9999999999999,0
5038-ETMLM,Sacramento,Female,No,Yes,No,72,Two year,Bank transfer (automatic),113.65,8182.75,No,38,,0,113.64930555555556,0,0,92.825,8182.8,1
5056-FIMPT,Sacramento,Female,No,No,Yes,43,One year,Credit card (automatic),106,4532.3,No,76,,0,105.40232558139536,1,0,74.5,4558,1
4521-WFJAI,Sacramento,Male,No,No,No,56,Two year,Bank transfer (automatic),25.95,1444.05,No,40,,0,25.786607142857143,0,0,40.975,1453.2,0
6569-KTMDU,Sacramento,Female,No,No,No,1,Month-to-month,Mailed check,19.1,19.1,No,26,,0,19.1,2,0,10.05,19.1,0
8809-XKHMD,Sacramento,Male,No,Yes,No,72,Two year,Bank transfer (automatic),100.55,7325.1,No,54,,0,101.73750000000001,0,0,86.275,7239.599999999999,1
0396-YCHWO,Sacramento,Male,No,Yes,No,36,Month-to-month,Electronic check,95.4,3474.2,No,44,,0,96.50555555555555,2,1,65.7,3434.4,1
0867-LDTTC,Sacramento,Male,No,No,No,5,Month-to-month,Bank transfer (automatic),75.15,392.65,No,68,,0,78.53,2,0,40.075,375.75,0
9391-DXGGG,Sacramento,Female,Yes,No,No,44,One year,Credit card (automatic),89.15,3990.75,No,27,,0,90.69886363636364,1,0,66.575,3922.6000000000004,1
9844-FELAJ,Sacramento,Female,Yes,Yes,Yes,70,One year,Electronic check,107.9,7475.85,No,53,,0,106.79785714285715,1,1,88.95,7553,1
2122-SZZZD,Sacramento,Male,No,No,No,44,One year,Credit card (automatic),19.5,835.5,No,35,,0,18.988636363636363,1,0,31.75,858,0
3148-AOIQT,Sacramento,Female,No,Yes,No,69,Two year,Credit card (automatic),24.95,1718.35,No,45,,0,24.903623188405795,0,0,46.975,1721.55,0
8395-ETZKQ,Sacramento,Male,Yes,Yes,Yes,68,One year,Bank transfer (automatic),19.5,1193.55,No,51,,0,17.55220588235294,1,0,43.75,1326,0
6692-YQHXC,Sacramento,Male,No,No,No,16,Month-to-month,Credit card (automatic),69.95,1205.5,No,54,,0,75.34375,2,0,42.975,1119.2,0
3889-VWBID,Antelope,Male,No,Yes,Yes,68,Two year,Bank transfer (automatic),82.85,5776.45,No,42,,0,84.94779411764705,0,0,75.425,5633.799999999999,1
5222-JCXZT,Sacramento,Male,No,No,No,4,Month-to-month,Mailed check,19,78.9,No,55,,0,19.725,2,0,11.5,76,0
9754-CLVZW,Marysville,Female,No,Yes,Yes,26,Month-to-month,Credit card (automatic),38.85,1025.15,No,43,,0,39.42884615384616,2,0,32.425,1010.1,0
2739-CCZMB,Alleghany,Male,No,No,Yes,5,Month-to-month,Credit card (automatic),20.35,122,No,60,,0,24.4,2,0,12.675,101.75,0
7080-TNUWP,Arbuckle,Male,No,Yes,No,70,One year,Bank transfer (automatic),95,6602.9,No,65,,0,94.32714285714285,1,0,82.5,6650,1
0496-AHOOK,Bangor,Male,No,Yes,No,24,One year,Bank transfer (automatic),74.4,1712.9,No,68,,0,71.37083333333334,1,0,49.2,1785.6000000000001,0
8336-TAVKX,Berry Creek,Female,Yes,Yes,No,72,Two year,Bank transfer (automatic),78.45,5682.25,No,71,,0,78.92013888888889,0,0,75.225,5648.400000000001,1
2468-SJFLM,Biggs,Male,No,No,No,1,Month-to-month,Mailed check,74.3,74.3,No,64,,0,74.3,2,0,37.65,74.3,0
3181-VTHOE,Browns Valley,Male,No,Yes,No,70,One year,Bank transfer (automatic),51.05,3635.15,No,69,,0,51.93071428571429,1,0,60.525,3573.5,1
7168-HDQHG,Brownsville,Female,No,Yes,Yes,36,Month-to-month,Bank transfer (automatic),19.2,702.9,No,79,,0,19.525,2,0,27.6,691.1999999999999,0
4567-AKPIA,Canyon Dam,Female,No,Yes,Yes,41,One year,Bank transfer (automatic),109.1,4454.25,No,77,,0,108.64024390243902,1,0,75.05,4473.099999999999,1
7901-HXJVA,Chico,Male,No,No,No,14,Month-to-month,Electronic check,76.45,1117.55,No,52,,0,79.825,2,1,45.225,1070.3,0
5924-IFQTT,Crescent Mills,Male,No,Yes,Yes,13,Month-to-month,Electronic check,72.8,930.05,No,46,,0,71.54230769230769,2,1,42.9,946.4,0
7968-QUXNS,Dobbins,Male,No,No,No,6,Month-to-month,Mailed check,18.95,110.15,No,68,,0,18.358333333333334,2,0,12.475,113.69999999999999,0
8903-WMRNW,Durham,Female,No,Yes,No,15,Month-to-month,Electronic check,101.75,1669.4,No,50,,0,111.29333333333334,2,1,58.375,1526.25,0
2452-SNHFZ,Elk Creek,Female,No,No,No,47,Month-to-month,Credit card (automatic),75.45,3545.1,No,66,,0,75.42765957446808,2,0,61.225,3546.15,1
3629-WEAAM,Forbestown,Female,No,No,No,8,Month-to-month,Mailed check,64.1,504.05,No,25,,0,63.00625,2,0,36.05,512.8,0
6029-CSMJE,Forest Ranch,Male,No,No,No,17,Month-to-month,Mailed check,25.65,440.2,No,24,,0,25.894117647058824,2,0,21.325,436.04999999999995,0
7993-NQLJE,Glenn,Male,No,Yes,Yes,15,Month-to-month,Mailed check,75.1,1151.55,No,60,,0,76.77,2,0,45.05,1126.5,0
9909-DFRJA,Goodyears Bar,Female,No,No,No,26,One year,Bank transfer (automatic),95.85,2475.35,No,42,,0,95.20576923076922,1,0,60.925,2492.1,1
9099-FTUHS,Grass Valley,Female,No,No,No,23,Month-to-month,Electronic check,54.4,1249.25,No,22,,0,54.31521739130435,2,1,38.7,1251.2,0
0581-BXBUB,Penn Valley,Female,Yes,No,No,4,Month-to-month,Electronic check,72.75,317.75,No,50,,0,79.4375,2,1,38.375,291,0
4962-CHQPW,Greenville,Male,No,No,Yes,29,One year,Mailed check,19.85,535.05,No,26,,0,18.45,1,0,24.425,575.6500000000001,0
5150-ITWWB,Hamilton City,Male,Yes,No,No,3,Month-to-month,Electronic check,94.85,335.75,No,40,,0,111.91666666666667,2,1,48.925,284.54999999999995,0
2253-KPMNB,Live Oak,Female,No,Yes,Yes,69,Two year,Bank transfer (automatic),46.25,3121.4,No,33,,0,45.23768115942029,0,0,57.625,3191.25,1
1345-ZUKID,Magalia,Male,No,No,No,14,One year,Mailed check,19.35,324.8,No,39,,0,23.2,1,0,16.675,270.90000000000003,0
6429-SHBCB,Maxwell,Male,No,No,No,19,Month-to-month,Mailed check,69.6,1394.55,No,77,,0,73.39736842105263,2,0,44.3,1322.3999999999999,0
9281-OFDMF,Meadow Valley,Male,Yes,No,No,39,Month-to-month,Electronic check,90.7,3413.25,No,39,,0,87.51923076923077,2,1,64.85,3537.3,1
2603-HVKCG,Meridian,Male,No,No,No,31,Month-to-month,Electronic check,101.4,3143.65,No,72,,0,101.40806451612903,2,1,66.2,3143.4,1
1834-WULEG,Nevada City,Male,No,Yes,Yes,24,One year,Mailed check,20.25,439.75,No,58,,0,18.322916666666668,1,0,22.125,486,0
9097-ZUBYC,North San Juan,Male,No,Yes,No,14,Month-to-month,Bank transfer (automatic),48.8,664.4,No,77,,0,47.457142857142856,2,0,31.4,683.1999999999999,0
5148-ORICT,Olivehurst,Female,No,Yes,No,64,Two year,Mailed check,74.35,4759.55,No,80,,0,74.36796875,0,0,69.175,4758.4,1
4893-GYUJU,Oregon House,Female,No,No,No,50,One year,Mailed check,19.35,1033,No,39,,0,20.66,1,0,34.675,967.5000000000001,0
4578-PHJYZ,Orland,Male,No,Yes,Yes,52,One year,Electronic check,68.75,3482.85,No,51,,0,66.97788461538461,1,1,60.375,3575,1
7272-QDCKA,Oroville,Male,No,No,No,28,One year,Electronic check,100.2,2688.45,No,79,,0,96.01607142857142,1,1,64.1,2805.6,1
8908-SLFCJ,Oroville,Female,No,No,No,21,Two year,Credit card (automatic),20.85,435.25,No,35,,0,20.726190476190474,0,0,20.925,437.85,0
9766-HGEDE,Paradise,Female,No,Yes,No,17,One year,Mailed check,19.35,307,No,77,,0,18.058823529411764,1,0,18.175,328.95000000000005,0
6968-MHOMU,Princeton,Male,No,Yes,No,58,One year,Credit card (automatic),45,2689.35,No,55,,0,46.36810344827586,1,0,51.5,2610,1
5044-XDPYX,Chico,Female,No,Yes,No,51,Two year,Mailed check,25.5,1281.25,No,43,,0,25.122549019607842,0,0,38.25,1300.5,0
1814-WFGVS,Richvale,Male,No,Yes,Yes,72,Two year,Mailed check,48.9,3527,No,47,,0,48.986111111111114,0,0,60.45,3520.7999999999997,1
3721-WKIIL,Smartville,Female,No,No,No,27,Two year,Mailed check,19.6,561.15,No,21,,0,20.78333333333333,0,0,23.3,529.2,0
6734-CKRSM,Stirling City,Female,No,No,No,3,Month-to-month,Mailed check,20,63.6,No,65,,0,21.2,2,0,11.5,60,0
1265-ZFOSD,Stonyford,Female,No,Yes,No,64,Two year,Mailed check,81.3,5129.3,No,74,,0,80.1453125,0,0,72.65,5203.2,1
6568-POCUI,Strawberry Valley,Female,No,Yes,No,45,Two year,Credit card (automatic),95.2,4285.8,No,27,,0,95.24000000000001,0,0,70.1,4284,1
5197-LQXXH,Taylorsville,Female,No,Yes,No,71,Two year,Credit card (automatic),83.3,5894.5,No,24,,0,83.02112676056338,0,0,77.15,5914.3,1
3457-PQBYH,Washington,Female,No,Yes,Yes,58,Two year,Credit card (automatic),20.3,1160.75,No,66,,0,20.012931034482758,0,0,39.15,1177.4,0
7682-AZNDK,Williams,Male,No,Yes,Yes,34,Month-to-month,Electronic check,89.85,3091.75,No,45,,0,90.93382352941177,2,1,61.925,3054.8999999999996,1
5384-ZTTWP,Yuba City,Female,No,Yes,Yes,15,Month-to-month,Mailed check,19.8,272.95,No,34,,0,18.196666666666665,2,0,17.4,297,0
3745-HRPHI,Yuba City,Male,No,Yes,Yes,66,Two year,Bank transfer (automatic),54.65,3632,No,42,,0,55.03030303030303,0,0,60.325,3606.9,1
7636-OWBPG,Redding,Male,Yes,No,No,12,Month-to-month,Credit card (automatic),29.35,381.2,No,27,,0,31.766666666666666,2,0,20.675,352.20000000000005,0
1231-YNDEK,Redding,Male,No,No,No,58,Two year,Bank transfer (automatic),19.15,1035.5,No,25,,0,17.853448275862068,0,0,38.575,1110.6999999999998,0
1407-DIGZV,Redding,Female,No,Yes,Yes,3,Two year,Mailed check,19.1,52,No,30,,0,17.333333333333332,0,0,11.05,57.300000000000004,0
0570-BFQHT,Anderson,Female,No,No,No,9,Month-to-month,Electronic check,80.55,653.9,No,26,,0,72.65555555555555,2,1,44.775,724.9499999999999,0
4393-OBCRR,Bella Vista,Female,No,No,No,3,One year,Mailed check,20.25,71.2,No,31,,0,23.733333333333334,1,0,11.625,60.75,0
8564-LDKFL,Big Bar,Male,No,Yes,No,40,One year,Bank transfer (automatic),106,4178.65,No,77,,0,104.46624999999999,1,0,73,4240,1
3696-DFHHB,Big Bend,Female,No,No,No,68,Two year,Bank transfer (automatic),25.5,1821.8,No,37,,0,26.791176470588233,0,0,46.75,1734,0
4717-GHADL,Callahan,Female,No,No,No,50,Two year,Mailed check,79.6,4024.2,No,39,,0,80.484,0,0,64.8,3979.9999999999995,1
5501-TVMGM,Canby,Male,No,No,No,1,Month-to-month,Electronic check,55.25,55.25,No,49,,0,55.25,2,1,28.125,55.25,0
5879-HMFFH,Cassel,Female,No,Yes,No,72,Two year,Bank transfer (automatic),88.05,6520.8,No,42,,0,90.56666666666666,0,0,80.025,6339.599999999999,1
6772-WFQRD,Castella,Male,No,No,Yes,40,One year,Bank transfer (automatic),20.4,854.9,No,59,,0,21.3725,1,0,30.2,816,0
3810-DVDQQ,Shasta Lake,Female,No,Yes,Yes,72,Two year,Bank transfer (automatic),117.6,8308.9,No,54,,0,115.40138888888889,0,0,94.8,8467.199999999999,1
6972-SNKKW,Chester,Female,No,No,No,6,Month-to-month,Mailed check,20,109.2,No,53,,0,18.2,2,0,13,120,0
3694-GLTJM,Corning,Female,No,No,No,5,Month-to-month,Credit card (automatic),19.65,92.05,No,42,,0,18.41,2,0,12.325,98.25,0
8550-XSXUQ,Cottonwood,Male,No,Yes,No,48,One year,Credit card (automatic),70.55,3420.5,No,39,,0,71.26041666666667,1,0,59.275,3386.3999999999996,1
9055-MOJJJ,Douglas City,Female,No,Yes,Yes,64,One year,Mailed check,65.8,4068,No,57,,0,63.5625,1,0,64.9,4211.2,1
4359-INNWN,Dunsmuir,Female,No,No,No,17,One year,Credit card (automatic),20.05,337.9,No,70,,0,19.876470588235293,1,0,18.525,340.85,0
0585-EGDDA,Etna,Male,No,Yes,No,40,Month-to-month,Electronic check,80,3168.75,No,31,,0,79.21875,2,1,60,3200,1
4032-RMHCI,Fall River Mills,Female,No,Yes,Yes,41,One year,Credit card (automatic),35.4,1412.4,No,43,,0,34.44878048780488,1,0,38.2,1451.3999999999999,0
0549-CYCQN,Flournoy,Male,Yes,No,No,51,One year,Bank transfer (automatic),79.6,3974.7,No,59,,0,77.93529411764706,1,0,65.3,4059.6,1
3481-JHUZH,Forks Of Salmon,Male,No,Yes,No,41,Month-to-month,Electronic check,80.25,3439,No,49,,0,83.8780487804878,2,1,60.625,3290.25,1
3594-IVHJZ,French Gulch,Female,No,No,No,2,Month-to-month,Mailed check,20.45,42.45,No,56,,0,21.225,2,0,11.225,40.9,0
6869-FGJJC,Gazelle,Male,No,No,No,68,One year,Credit card (automatic),79.6,5461.45,No,20,,0,80.31544117647059,1,0,73.8,5412.799999999999,1
3896-ZVNET,Gerber,Female,No,Yes,Yes,24,Two year,Mailed check,24.7,571.75,No,56,,0,23.822916666666668,0,0,24.35,592.8,0
8205-VSLRB,Greenview,Male,No,Yes,No,70,Two year,Credit card (automatic),77.3,5498.2,No,23,,0,78.54571428571428,0,0,73.65,5411,1
5960-MVTUK,Grenada,Male,No,No,No,3,Month-to-month,Electronic check,29.75,96.85,No,55,,0,32.28333333333333,2,1,16.375,89.25,0
6817-WTYHE,Happy Camp,Male,No,No,No,2,Month-to-month,Bank transfer (automatic),44.9,111.05,No,26,,0,55.525,2,0,23.45,89.8,0
3082-VQXNH,Hat Creek,Male,No,Yes,No,3,Month-to-month,Credit card (automatic),29.8,94.4,No,32,,0,31.46666666666667,2,0,16.4,89.4,0
4931-TRZWN,Hornbrook,Female,No,No,No,13,Month-to-month,Electronic check,71.95,923.85,No,67,,0,71.06538461538462,2,1,42.475,935.35,0
0750-EKNGL,Hyampom,Male,No,No,No,7,Month-to-month,Mailed check,20.75,141.1,No,46,,0,20.157142857142855,2,0,13.875,145.25,0
7669-LCRSD,Igo,Male,No,Yes,Yes,12,Month-to-month,Mailed check,56.3,628.65,No,56,,0,52.387499999999996,2,0,34.15,675.5999999999999,0
3567-PQTSO,Junction City,Male,No,Yes,Yes,53,One year,Electronic check,105.25,5576.3,No,56,,0,105.21320754716982,1,1,79.125,5578.25,1
8043-PNYSD,Lakehead,Male,No,Yes,Yes,63,Two year,Mailed check,19.55,1245.6,No,36,,0,19.77142857142857,0,0,41.275,1231.65,0
9938-EKRGF,Lewiston,Female,No,No,No,15,Month-to-month,Mailed check,84.45,1287.85,No,46,,0,85.85666666666665,2,0,49.725,1266.75,0
2703-AMTUL,Lookout,Male,No,Yes,Yes,36,One year,Mailed check,53.65,1939.35,No,37,,0,53.87083333333333,1,0,44.825,1931.3999999999999,0
0928-JMXNP,Los Molinos,Male,Yes,Yes,No,4,Month-to-month,Electronic check,29.9,118.25,No,46,,0,29.5625,2,1,16.95,119.6,0
8173-RXAYP,Mcarthur,Female,No,Yes,Yes,24,Two year,Mailed check,19.7,452.55,No,42,,0,18.85625,0,0,21.85,472.79999999999995,0
4825-XJGDM,Mccloud,Female,No,No,No,61,One year,Credit card (automatic),43.7,2696.55,No,50,,0,44.205737704918036,1,0,52.35,2665.7000000000003,1
5402-HTOTQ,Macdoel,Male,No,No,No,16,Month-to-month,Electronic check,55.3,875.35,No,25,,0,54.709375,2,1,35.65,884.8,0
6734-JDTTV,Manton,Male,No,Yes,Yes,65,Two year,Credit card (automatic),19.85,1267.05,No,52,,0,19.493076923076924,0,0,42.425,1290.25,0
7850-THJMU,Mill Creek,Female,No,Yes,Yes,26,Two year,Credit card (automatic),19.65,494.9,No,37,,0,19.034615384615385,0,0,22.825,510.9,0
3890-RTCMS,Millville,Male,No,No,No,16,Month-to-month,Mailed check,49.45,799,No,49,,0,49.9375,2,0,32.725,791.2,0
3717-FDJFU,Montgomery Creek,Male,No,No,Yes,5,Two year,Mailed check,20.45,106.9,No,75,,0,21.380000000000003,0,0,12.725,102.25,0
3665-JATSN,Mount Shasta,Female,No,No,No,19,Month-to-month,Electronic check,39.7,710.05,No,65,,0,37.37105263157895,2,1,29.35,754.3000000000001,0
7966-YOTQW,Nubieber,Male,No,No,No,10,Month-to-month,Credit card (automatic),54.5,568.2,No,59,,0,56.82000000000001,2,0,32.25,545,0
8853-TZDGH,Palo Cedro,Female,No,No,No,72,Two year,Bank transfer (automatic),111.6,8012.75,No,59,,0,111.28819444444444,0,0,91.8,8035.2,1
4324-BZCKL,Paynes Creek,Female,No,Yes,Yes,10,Month-to-month,Mailed check,55.55,551.3,No,41,,0,55.129999999999995,2,0,32.775,555.5,0
6924-TDGMT,Platina,Male,No,Yes,No,11,One year,Mailed check,20.55,184.95,No,23,,0,16.813636363636363,1,0,15.775,226.05,0
1536-YHDOE,Round Mountain,Male,No,Yes,Yes,17,One year,Mailed check,62.1,1096.65,No,33,,0,64.50882352941177,1,0,39.55,1055.7,0
8123-QBNAZ,Scott Bar,Female,No,Yes,Yes,36,Month-to-month,Credit card (automatic),104.5,3684.95,No,49,,0,102.35972222222222,2,0,70.25,3762,1
3629-ZNKXA,Seiad Valley,Male,Yes,No,No,17,Month-to-month,Electronic check,101.8,1752.45,No,53,,0,103.08529411764707,2,1,59.4,1730.6,0
4827-LTQRJ,Shasta,Female,Yes,Yes,Yes,66,One year,Credit card (automatic),110.6,7210.85,No,67,,0,109.25530303030304,1,0,88.3,7299.599999999999,1
7711-YIJWC,Shingletown,Male,No,Yes,Yes,61,One year,Bank transfer (automatic),84.9,5264.5,No,72,,0,86.30327868852459,1,0,72.95,5178.900000000001,1
5482-VXSXJ,Tehama,Male,No,No,No,22,Month-to-month,Mailed check,93.2,2157.3,No,26,,0,98.05909090909091,2,0,57.6,2050.4,1
7365-BVCJH,Trinity Center,Male,No,No,No,1,Month-to-month,Electronic check,24.4,24.4,No,66,,0,24.4,2,1,12.7,24.4,0
9620-ENEJV,Vina,Female,No,No,No,6,Month-to-month,Credit card (automatic),70.55,433.95,No,52,,0,72.325,2,0,38.275,423.29999999999995,0
2378-YIZKA,Weed,Female,No,Yes,Yes,68,Two year,Credit card (automatic),85,5607.75,No,65,,0,82.46691176470588,0,0,76.5,5780,1
0689-DSXGL,Yreka,Female,No,Yes,Yes,52,Month-to-month,Bank transfer (automatic),85.8,4433.3,No,22,,0,85.25576923076923,2,0,68.9,4461.599999999999,1
6818-DJXAA,Alturas,Female,No,No,Yes,10,Month-to-month,Electronic check,91.1,964.35,No,50,,0,96.435,2,1,50.55,911,0
0464-WJTKO,Cedarville,Female,No,Yes,Yes,72,Two year,Bank transfer (automatic),20.1,1460.85,No,30,,0,20.289583333333333,0,0,46.05,1447.2,0
8902-ZEOVF,Chilcoot,Male,No,Yes,Yes,47,One year,Mailed check,20.05,951.55,No,64,,0,20.245744680851065,1,0,33.525,942.35,0
6778-EICRF,Clio,Male,No,Yes,Yes,24,One year,Mailed check,74.8,1821.2,No,52,,0,75.88333333333334,1,0,49.4,1795.1999999999998,0
2662-NNTDK,Coleville,Male,No,No,No,65,One year,Credit card (automatic),24.8,1600.95,No,76,,0,24.63,1,0,44.9,1612,0
4132-KALRO,Davis Creek,Female,No,No,No,4,Month-to-month,Mailed check,100.85,399.25,No,21,,0,99.8125,2,0,52.425,403.4,0
2874-YXVVA,Herlong,Female,No,No,No,34,Month-to-month,Electronic check,105.1,3634.8,No,68,,0,106.90588235294118,2,1,69.55,3573.3999999999996,1
1245-HARPS,Janesville,Female,No,Yes,No,14,Two year,Mailed check,20.4,292.4,No,73,,0,20.885714285714283,0,0,17.2,285.59999999999997,0
4323-ELYYB,Likely,Male,No,Yes,Yes,13,One year,Mailed check,20,218.55,No,27,,0,16.81153846153846,1,0,16.5,260,0
4293-ETKAP,Litchfield,Female,No,Yes,Yes,65,Two year,Bank transfer (automatic),79.4,5071.9,No,65,,0,78.02923076923076,0,0,72.2,5161,1
6064-PUPMC,Loyalton,Male,No,Yes,Yes,23,One year,Credit card (automatic),57.2,1423.35,No,69,,0,61.88478260869565,1,0,40.1,1315.6000000000001,0
6504-VBLFL,Madeline,Male,No,Yes,No,55,Two year,Electronic check,58.6,3068.6,No,49,,0,55.79272727272727,0,1,56.8,3223,1
6322-PJJDJ,Markleeville,Male,No,Yes,No,49,Two year,Electronic check,94.8,4690.65,No,29,,0,95.72755102040816,0,1,71.9,4645.2,1
0330-BGYZE,Milford,Male,No,Yes,No,60,One year,Bank transfer (automatic),102.5,6157.6,No,54,,0,102.62666666666668,1,0,81.25,6150,1
1085-LDWAM,Portola,Female,No,Yes,Yes,69,One year,Credit card (automatic),20.35,1442.65,No,26,,0,20.907971014492755,1,0,44.675,1404.15,0
7586-ZATGZ,Ravendale,Male,No,No,No,40,Month-to-month,Electronic check,84.9,3369.05,No,37,,0,84.22625000000001,2,1,62.45,3396,1
7197-VOJMM,Calpine,Male,No,Yes,No,67,Two year,Credit card (automatic),69.2,4671.65,No,43,,0,69.72611940298506,0,0,68.1,4636.400000000001,1
1843-TLSGD,Standish,Female,No,Yes,Yes,13,Two year,Mailed check,20.85,272.35,No,58,,0,20.950000000000003,0,0,16.925,271.05,0
9626-VFRGG,Susanville,Female,No,No,Yes,41,Month-to-month,Bank transfer (automatic),88.5,3645.05,No,27,,0,88.90365853658537,2,0,64.75,3628.5,1
7075-BNDVQ,Termo,Female,No,No,No,4,Month-to-month,Mailed check,35,135.75,No,70,,0,33.9375,2,0,19.5,140,0
9143-CANJF,Topaz,Female,No,Yes,Yes,24,Month-to-month,Electronic check,55.15,1319.85,No,80,,0,54.99375,2,1,39.575,1323.6,0
7284-BUYEC,Tulelake,Female,No,No,No,5,Month-to-month,Credit card (automatic),50.95,229.4,No,69,,0,45.88,2,0,27.975,254.75,0
2041-JIJCI,Wendel,Female,No,No,No,5,Month-to-month,Electronic check,64,370.25,No,75,,0,74.05,2,1,34.5,320,0
4900-MSOMT,Carnelian Bay,Female,No,Yes,Yes,72,Two year,Bank transfer (automatic),80.2,5714.2,No,24,,0,79.36388888888888,0,0,76.1,5774.400000000001,1
2229-VWQJH,Homewood,Female,No,No,No,24,Month-to-month,Credit card (automatic),49.3,1233.25,No,66,,0,51.385416666666664,2,0,36.65,1183.1999999999998,0
9194-GFVOI,Tahoma,Female,No,Yes,No,42,Two year,Credit card (automatic),84.35,3571.6,No,59,,0,85.03809523809524,0,0,63.175,3542.7,1
1336-EZFZY,Kings Beach,Female,No,No,No,4,Month-to-month,Mailed check,20.05,83.3,No,30,,0,20.825,2,0,12.025,80.2,0
4282-MSACW,Tahoe City,Male,No,No,No,68,One year,Credit card (automatic),117.2,8035.95,No,55,,0,118.17573529411764,1,0,92.6,7969.6,1
1403-LKLIK,Olympic Valley,Female,No,Yes,Yes,33,One year,Mailed check,20.1,579.4,No,62,,0,17.55757575757576,1,0,26.55,663.3000000000001,0
0136-IFMYD,Los Angeles,Male,Yes,Yes,No,69,Two year,Electronic check,109.95,7634.25,No,63,,0,110.6413043478261,0,1,89.475,7586.55,1
5144-TVGLP,Los Angeles,Male,Yes,No,No,38,Month-to-month,Electronic check,94.75,3653,No,71,,0,96.13157894736842,2,1,66.375,3600.5,1
9643-AVVWI,Los Angeles,Female,No,Yes,Yes,3,Month-to-month,Electronic check,80,241.3,No,76,,0,80.43333333333334,2,1,41.5,240,0
0253-ZTEOB,Los Angeles,Female,No,Yes,Yes,48,Two year,Electronic check,79.65,3870.3,No,50,,0,80.63125000000001,0,1,63.825,3823.2000000000003,1
2706-QZIHY,Los Angeles,Female,No,Yes,No,15,Two year,Mailed check,25.2,387.9,No,25,,0,25.86,0,0,20.1,378,0
6061-PQHMK,Los Angeles,Female,No,No,No,25,One year,Credit card (automatic),19.9,527.5,No,56,,0,21.1,1,0,22.45,497.49999999999994,0
6137-MFAJN,Los Angeles,Female,No,No,No,48,Month-to-month,Electronic check,44.8,2104.55,No,26,,0,43.84479166666667,2,1,46.4,2150.3999999999996,1
9122-UMROB,Los Angeles,Male,No,No,No,1,Month-to-month,Mailed check,20.3,20.3,No,80,,0,20.3,2,0,10.65,20.3,0
4232-JGKIY,Los Angeles,Male,No,No,No,1,Month-to-month,Electronic check,19.2,19.2,No,27,,0,19.2,2,1,10.1,19.2,0
2402-TAIRZ,Los Angeles,Female,No,No,No,37,One year,Electronic check,80.05,3019.1,No,55,,0,81.59729729729729,1,1,58.525,2961.85,1
9659-ZTWSM,Los Angeles,Male,Yes,Yes,No,66,One year,Bank transfer (automatic),107.35,7051.95,No,53,,0,106.84772727272727,1,0,86.675,7085.099999999999,1
9139-TWBAS,Los Angeles,Female,No,Yes,No,26,One year,Bank transfer (automatic),47.85,1190.5,No,79,,0,45.78846153846154,1,0,36.925,1244.1000000000001,0
6685-GBWJZ,Los Angeles,Male,No,Yes,No,63,One year,Credit card (automatic),70.8,4448.8,No,44,,0,70.61587301587302,1,0,66.9,4460.4,1
2195-VVRJF,Los Angeles,Male,Yes,Yes,No,18,Month-to-month,Credit card (automatic),59.1,1011.05,No,30,,0,56.169444444444444,2,0,38.55,1063.8,0
3913-RDSJZ,Los Angeles,Female,No,Yes,No,64,Two year,Mailed check,25.55,1714.95,No,22,,0,26.79609375,0,0,44.775,1635.2,0
4203-QGNZA,Los Angeles,Female,No,No,Yes,28,Month-to-month,Mailed check,20.25,535.35,No,54,,0,19.119642857142857,2,0,24.125,567,0
5043-TRZWM,Los Angeles,Female,No,No,No,1,Month-to-month,Electronic check,75.55,75.55,No,34,,0,75.55,2,1,38.275,75.55,0
1640-PLFMP,Los Angeles,Female,No,No,No,1,Month-to-month,Electronic check,70.25,70.25,No,58,,0,70.25,2,1,35.625,70.25,0
5366-OBVMR,Los Angeles,Female,No,Yes,No,18,Month-to-month,Mailed check,50.3,908.75,No,67,,0,50.486111111111114,2,0,34.15,905.4,0
4573-JKNAE,Los Angeles,Male,No,No,Yes,12,Two year,Bank transfer (automatic),19.35,212.3,No,74,,0,17.691666666666666,0,0,15.675,232.20000000000002,0
9817-APLHW,Los Angeles,Male,No,No,No,12,Month-to-month,Electronic check,25,316.2,No,53,,0,26.349999999999998,2,1,18.5,300,0
8380-MQINP,Los Angeles,Female,No,Yes,Yes,55,Two year,Mailed check,20.3,1079.05,No,36,,0,19.619090909090907,0,0,37.65,1116.5,0
0840-DFEZH,Los Angeles,Female,No,No,No,7,Month-to-month,Electronic check,75.35,564.65,No,37,,0,80.66428571428571,2,1,41.175,527.4499999999999,0
8690-ZVLCL,Los Angeles,Female,No,Yes,Yes,68,Two year,Credit card (automatic),88,6161.9,No,44,,0,90.61617647058823,0,0,78,5984,1
1125-SNVCK,Los Angeles,Female,Yes,No,No,49,Month-to-month,Mailed check,43.8,2106.05,No,68,,0,42.98061224489796,2,0,46.4,2146.2,1
0384-LPITE,Los Angeles,Male,No,No,No,40,One year,Credit card (automatic),62.05,2511.55,No,34,,0,62.78875000000001,1,0,51.025,2482,1
4616-EWBNJ,Los Angeles,Female,No,No,No,16,One year,Bank transfer (automatic),20.1,318.6,No,22,,0,19.9125,1,0,18.05,321.6,0
1335-HQMKX,Los Angeles,Female,No,Yes,No,72,One year,Electronic check,101.35,7323.15,No,25,,0,101.71041666666666,1,1,86.675,7297.2,1
2545-EBUPK,Los Angeles,Female,Yes,No,No,2,Month-to-month,Electronic check,84.05,186.05,No,72,,0,93.025,2,1,43.025,168.1,0
6923-AQONU,Los Angeles,Male,No,Yes,Yes,23,Two year,Mailed check,20.9,454,No,46,,0,19.73913043478261,0,0,21.95,480.7,0
2172-EJXVF,Los Angeles,Female,Yes,No,No,71,One year,Electronic check,105.9,7521.95,No,60,,0,105.94295774647887,1,1,88.45,7518.900000000001,1
4536-PLEQY,Los Angeles,Male,No,Yes,No,12,Month-to-month,Credit card (automatic),85.05,999.8,No,80,,0,83.31666666666666,2,0,48.525,1020.5999999999999,0
7029-IJEJK,Los Angeles,Female,No,No,No,54,One year,Bank transfer (automatic),44.1,2369.7,No,32,,0,43.88333333333333,1,0,49.05,2381.4,1
8871-JLMHM,Los Angeles,Female,No,Yes,No,68,Two year,Credit card (automatic),90.2,6297.65,No,55,,0,92.6125,0,0,79.1,6133.6,1
5447-VYTKW,Los Angeles,Male,No,No,No,27,Month-to-month,Mailed check,53.45,1461.45,No,75,,0,54.12777777777778,2,0,40.225,1443.15,0
3623-FQBOX,Los Angeles,Male,No,No,No,21,Month-to-month,Mailed check,19.95,416.4,No,36,,0,19.82857142857143,2,0,20.475,418.95,0
8659-HDIYE,Los Angeles,Female,Yes,No,No,64,Month-to-month,Credit card (automatic),74.65,4869.35,No,58,,0,76.08359375,2,0,69.325,4777.6,1
3474-BAFSJ,West Hollywood,Male,No,Yes,No,57,Two year,Bank transfer (automatic),57.5,3265.95,No,75,,0,57.29736842105263,0,0,57.25,3277.5,1
3865-ZFZIB,Los Angeles,Male,No,No,No,19,Two year,Mailed check,19.65,358.15,No,21,,0,18.849999999999998,0,0,19.325,373.34999999999997,0
1855-AGAWH,Bell,Male,No,Yes,No,31,One year,Electronic check,93.8,2939.8,No,46,,0,94.83225806451614,1,1,62.4,2907.7999999999997,1
7109-CQYUZ,Beverly Hills,Male,No,No,No,52,Two year,Mailed check,89.25,4652.4,No,31,,0,89.46923076923076,0,0,70.625,4641,1
1370-GGAWX,Beverly Hills,Female,No,No,No,46,One year,Electronic check,94.15,4408.45,No,70,,0,95.8358695652174,1,1,70.075,4330.900000000001,1
4680-KUTAJ,Beverly Hills,Female,Yes,No,No,11,Month-to-month,Electronic check,55.6,580.8,No,80,,0,52.8,2,1,33.3,611.6,0
5307-UVGNB,Compton,Female,No,Yes,Yes,53,Month-to-month,Bank transfer (automatic),48.7,2495.2,No,54,,0,47.079245283018864,2,0,50.85,2581.1000000000004,1
2883-ILGWO,Compton,Male,Yes,No,No,57,Month-to-month,Bank transfer (automatic),104.9,5913.95,No,75,,0,103.75350877192982,2,0,80.95,5979.3,1
3642-BYHDO,Downey,Female,No,Yes,Yes,71,Two year,Bank transfer (automatic),19.9,1389.35,No,31,,0,19.56830985915493,0,0,45.45,1412.8999999999999,0
9629-NHXFW,Downey,Female,No,Yes,Yes,1,Month-to-month,Mailed check,19.4,19.4,No,72,,0,19.4,2,0,10.2,19.4,0
2696-RZVZW,Downey,Male,No,Yes,No,68,Two year,Credit card (automatic),25.05,1629.2,No,24,,0,23.958823529411767,0,0,46.525,1703.4,0
5766-FTRTS,El Segundo,Male,No,Yes,No,72,Two year,Mailed check,84.45,6033.1,No,50,,0,83.79305555555555,0,0,78.225,6080.400000000001,1
0396-HUJBP,Gardena,Female,No,No,No,2,Month-to-month,Mailed check,19.3,44.4,No,43,,0,22.2,2,0,10.65,38.6,0
8879-ZKJOF,Gardena,Female,No,No,No,41,One year,Bank transfer (automatic),79.85,3320.75,No,48,,0,80.9939024390244,1,0,60.425,3273.85,1
6285-FTQBF,Hawthorne,Male,No,Yes,Yes,72,Two year,Credit card (automatic),25.55,1867.7,No,40,,0,25.94027777777778,0,0,48.775,1839.6000000000001,0
1474-JUWSM,Lynwood,Female,No,Yes,No,58,One year,Electronic check,68.4,3972.25,No,62,,0,68.48706896551724,1,1,63.2,3967.2000000000003,1
3530-CRZSB,Malibu,Female,No,No,No,7,Month-to-month,Mailed check,20.65,155.9,No,38,,0,22.271428571428572,2,0,13.825,144.54999999999998,0
8498-XXGWA,Malibu,Female,No,Yes,No,65,Month-to-month,Mailed check,55.15,3673.15,No,34,,0,56.51,2,0,60.075,3584.75,1
9617-INGJY,Manhattan Beach,Male,No,No,No,1,Month-to-month,Mailed check,70.6,70.6,No,61,,0,70.6,2,0,35.8,70.6,0
0621-TSSMU,Maywood,Male,No,Yes,No,56,One year,Credit card (automatic),19.95,1126.75,No,65,,0,20.120535714285715,1,0,37.975,1117.2,0
7234-KMNRQ,Pacific Palisades,Male,No,No,No,4,Month-to-month,Mailed check,19,73.45,No,28,,0,18.3625,2,0,11.5,76,0
7636-PEPNS,Palos Verdes Peninsula,Female,No,Yes,Yes,58,One year,Mailed check,44.1,2413.05,No,44,,0,41.60431034482759,1,0,51.05,2557.8,1
4683-WYDOU,Rancho Palos Verdes,Male,No,Yes,No,62,Two year,Bank transfer (automatic),107.6,6912.7,No,40,,0,111.49516129032257,0,0,84.8,6671.2,1
9052-DHNKM,Redondo Beach,Male,No,No,No,26,One year,Electronic check,61.55,1581.95,No,30,,0,60.84423076923077,1,1,43.775,1600.3,0
6794-HKIAJ,Redondo Beach,Male,No,No,No,62,Month-to-month,Bank transfer (automatic),90.7,5586.45,No,67,,0,90.1040322580645,2,0,76.35,5623.400000000001,1
5578-NKCXI,South Gate,Female,No,Yes,Yes,58,One year,Credit card (automatic),99.25,5846.65,No,22,,0,100.80431034482758,1,0,78.625,5756.5,1
1642-HMARX,Topanga,Female,No,Yes,No,68,Two year,Electronic check,91.7,6424.7,No,77,,0,94.48088235294118,0,1,79.85,6235.6,1
3096-WPXBT,Venice,Female,No,Yes,Yes,61,One year,Credit card (automatic),100.7,6018.65,No,57,,0,98.66639344262295,1,0,80.85,6142.7,1
8434-PNQZX,Marina Del Rey,Female,No,No,No,42,Two year,Credit card (automatic),78.45,3373.4,No,30,,0,80.31904761904762,0,0,60.225,3294.9,1
5950-AAAGJ,Playa Del Rey,Male,No,No,No,18,Month-to-month,Bank transfer (automatic),84.3,1537.9,No,72,,0,85.4388888888889,2,0,51.15,1517.3999999999999,0
4299-OPXEJ,Inglewood,Female,No,No,No,56,Two year,Bank transfer (automatic),19.55,1080.55,No,56,,0,19.295535714285712,0,0,37.775,1094.8,0
9618-LFJRU,Inglewood,Female,No,No,No,4,Month-to-month,Credit card (automatic),20.45,82.85,No,40,,0,20.7125,2,0,12.225,81.8,0
6693-DJWTY,Inglewood,Female,No,No,Yes,35,One year,Credit card (automatic),55.6,2016.45,No,80,,0,57.612857142857145,1,0,45.3,1946,0
0744-GKNGE,Inglewood,Female,No,Yes,Yes,64,Month-to-month,Bank transfer (automatic),86.8,5327.25,No,70,,0,83.23828125,2,0,75.4,5555.2,1
6447-EGDIV,Santa Monica,Female,No,No,No,31,One year,Mailed check,20.95,683.25,No,69,,0,22.04032258064516,1,0,25.975,649.4499999999999,0
1167-OYZJF,Santa Monica,Female,Yes,Yes,No,67,Two year,Bank transfer (automatic),20.05,1263.05,No,76,,0,18.851492537313433,0,0,43.525,1343.3500000000001,0
4806-DXQCE,Santa Monica,Female,Yes,Yes,No,70,Two year,Electronic check,113.65,7714.65,No,46,,0,110.20928571428571,0,1,91.825,7955.5,1
4854-SSLTN,Torrance,Male,No,Yes,Yes,2,Two year,Mailed check,59.5,130.5,No,61,,0,65.25,0,0,30.75,119,0
5294-DMSFH,Torrance,Female,No,Yes,Yes,29,Month-to-month,Credit card (automatic),87.8,2621.75,No,25,,0,90.40517241379311,2,0,58.4,2546.2,1
4837-PZTIC,Torrance,Female,No,No,No,47,Two year,Mailed check,41.9,1875.25,No,45,,0,39.898936170212764,0,0,44.45,1969.3,0
0603-OLQDC,Whittier,Male,No,No,Yes,12,Month-to-month,Mailed check,69.85,837.5,No,36,,0,69.79166666666667,2,0,40.925,838.1999999999999,0
3272-VUHPV,Whittier,Female,No,Yes,Yes,8,Month-to-month,Bank transfer (automatic),56.3,401.5,No,21,,0,50.1875,2,0,32.15,450.4,0
4176-FXYBO,Whittier,Male,No,Yes,No,54,Month-to-month,Electronic check,109.55,6118.95,No,42,,0,113.31388888888888,2,1,81.775,5915.7,1
1063-DHQJF,Whittier,Male,No,Yes,Yes,69,Two year,Mailed check,92.15,6480.9,No,30,,0,93.92608695652173,0,0,80.575,6358.35,1
8663-UPDGF,Whittier,Female,No,No,No,26,Month-to-month,Bank transfer (automatic),69.5,1800.05,No,55,,0,69.2326923076923,2,0,47.75,1807,0
6719-FGEDO,Whittier,Female,No,Yes,No,72,Two year,Bank transfer (automatic),97,7104.2,No,67,,0,98.66944444444444,0,0,84.5,6984,1
1837-YQUCE,Buena Park,Female,No,No,No,70,Two year,Bank transfer (automatic),58.35,4214.25,No,55,,0,60.20357142857143,0,0,64.175,4084.5,1
9483-GCPWE,Earp,Male,No,No,Yes,9,One year,Mailed check,20.1,190.25,No,20,,0,21.13888888888889,1,0,14.55,180.9,0
0369-ZGOVK,Cypress,Female,No,Yes,Yes,28,One year,Bank transfer (automatic),70.4,1992.2,No,54,,0,71.15,1,0,49.2,1971.2000000000003,0
9919-KNPOO,La Mirada,Female,No,Yes,No,21,Month-to-month,Electronic check,94.3,1948.35,No,55,,0,92.77857142857142,2,1,57.65,1980.3,0
7872-BAAZR,Norwalk,Female,No,Yes,Yes,53,One year,Bank transfer (automatic),19.55,1007.9,No,29,,0,19.016981132075472,1,0,36.275,1036.15,0
9391-LMANN,Pico Rivera,Male,No,No,Yes,53,One year,Electronic check,95.95,5036.9,No,61,,0,95.03584905660377,1,1,74.475,5085.35,1
8174-TBVCF,Stanton,Female,No,Yes,No,70,Two year,Credit card (automatic),94.8,6859.05,No,71,,0,97.98642857142858,0,0,82.4,6636,1
1698-XFZCI,Artesia,Male,No,No,No,61,One year,Electronic check,107.75,6521.9,No,29,,0,106.91639344262295,1,1,84.375,6572.75,1
1877-HKBQX,Cerritos,Female,No,No,No,11,One year,Mailed check,54.6,617.85,No,49,,0,56.16818181818182,1,0,32.8,600.6,0
4450-DLLMH,Avalon,Male,No,No,No,2,Month-to-month,Credit card (automatic),71.3,157.75,No,43,,0,78.875,2,0,36.65,142.6,0
6366-ZGQGL,Pomona,Male,No,No,No,1,Month-to-month,Bank transfer (automatic),24.8,24.8,Yes,73,Service dissatisfaction,1,24.8,2,0,12.9,24.8,0
0428-AXXLJ,Bellflower,Male,No,No,No,25,One year,Bank transfer (automatic),19.5,516.3,No,36,,0,20.651999999999997,1,0,22.25,487.5,0
2746-DIJLO,Harbor City,Female,No,No,No,41,One year,Credit card (automatic),56.3,2364,No,46,,0,57.65853658536585,1,0,48.65,2308.2999999999997,1
3508-VLHCZ,Lakewood,Female,No,Yes,Yes,71,Two year,Credit card (automatic),90.55,6239.05,No,66,,0,87.87394366197184,0,0,80.775,6429.05,1
4086-ATNFV,Hawaiian Gardens,Female,No,Yes,Yes,34,One year,Mailed check,60.8,2042.05,No,48,,0,60.06029411764706,1,0,47.4,2067.2,1
0468-YRPXN,Lomita,Male,No,No,No,29,Month-to-month,Credit card (automatic),98.8,2807.1,No,42,,0,96.79655172413793,2,0,63.9,2865.2,1
5996-NRVXR,Los Alamitos,Male,Yes,Yes,No,40,One year,Credit card (automatic),98.15,4116.8,No,53,,0,102.92,1,0,69.075,3926,1
3739-YBWAB,Paramount,Male,No,Yes,No,36,One year,Mailed check,35.35,1317.95,No,60,,0,36.609722222222224,1,0,35.675,1272.6000000000001,0
7047-FWEYA,San Pedro,Female,No,Yes,No,46,One year,Electronic check,103.15,4594.65,No,32,,0,99.8836956521739,1,1,74.575,4744.900000000001,1
2000-MPKCA,San Pedro,Female,No,No,No,58,One year,Electronic check,107.75,6332.75,No,57,,0,109.1853448275862,1,1,82.875,6249.5,1
9762-YAQAA,Seal Beach,Male,No,No,No,39,One year,Credit card (automatic),81.4,3213.75,No,22,,0,82.40384615384616,1,0,60.2,3174.6000000000004,1
5473-KHBPS,Surfside,Female,No,Yes,Yes,52,One year,Credit card (automatic),95.7,4976.15,No,31,,0,95.6951923076923,1,0,73.85,4976.400000000001,1
0100-DUVFC,Wilmington,Male,Yes,Yes,No,70,One year,Electronic check,104.8,7308.95,No,57,,0,104.41357142857143,1,1,87.4,7336,1
5397-TUPSH,Carson,Male,Yes,Yes,No,65,One year,Bank transfer (automatic),70.95,4555.2,No,30,,0,70.08,1,0,67.975,4611.75,1
8950-MTZNV,Carson,Male,No,No,No,1,Month-to-month,Mailed check,44.95,44.95,No,75,,0,44.95,2,0,22.975,44.95,0
0326-VDYXE,Long Beach,Female,No,Yes,No,70,One year,Electronic check,97.65,6982.5,No,35,,0,99.75,1,1,83.825,6835.5,1
6773-LQTVT,Long Beach,Female,Yes,Yes,Yes,29,Month-to-month,Mailed check,35.65,1025.15,No,46,,0,35.35,2,0,32.325,1033.85,0
0436-TWFFZ,Long Beach,Female,No,No,No,67,Two year,Mailed check,85.25,5714.2,No,61,,0,85.2865671641791,0,0,76.125,5711.75,1
8566-YPRGL,Long Beach,Female,No,No,No,1,Month-to-month,Mailed check,19.5,19.5,No,23,,0,19.5,2,0,10.25,19.5,0
6609-MXJHJ,Long Beach,Female,No,Yes,Yes,30,Two year,Mailed check,25.1,789.55,No,35,,0,26.31833333333333,0,0,27.55,753,0
2669-OIDSD,Long Beach,Female,No,Yes,No,48,Month-to-month,Credit card (automatic),100.05,4834,No,34,,0,100.70833333333333,2,0,74.025,4802.4,1
8400-WZICQ,Long Beach,Female,No,Yes,Yes,55,Month-to-month,Electronic check,55.7,3131.8,No,61,,0,56.941818181818185,2,1,55.35,3063.5,1
9576-SYUHJ,Long Beach,Male,No,No,No,37,Month-to-month,Electronic check,91.15,3369.25,No,37,,0,91.0608108108108,2,1,64.075,3372.55,1
0410-IPFTY,Long Beach,Female,No,Yes,No,31,Month-to-month,Bank transfer (automatic),83.85,2674.15,No,56,,0,86.26290322580645,2,0,57.425,2599.35,1
2831-EBWRN,Altadena,Male,No,No,No,4,Month-to-month,Electronic check,45.9,199.75,No,39,,0,49.9375,2,1,24.95,183.6,0
9430-NKQLY,Arcadia,Male,No,Yes,Yes,72,Two year,Credit card (automatic),25.1,1790.8,No,52,,0,24.87222222222222,0,0,48.55,1807.2,0
0247-SLUJI,Duarte,Male,No,Yes,Yes,1,Month-to-month,Mailed check,19.7,19.7,No,43,,0,19.7,2,0,10.35,19.7,0
9402-ORRAH,La Canada Flintridge,Female,Yes,No,No,15,Month-to-month,Electronic check,91.5,1400.3,No,41,,0,93.35333333333332,2,1,53.25,1372.5,0
6483-OATDN,Monrovia,Male,No,Yes,Yes,8,Month-to-month,Credit card (automatic),51.3,411.6,No,66,,0,51.45,2,0,29.65,410.4,0
1293-HHSHJ,Montrose,Female,No,No,No,35,One year,Mailed check,21.1,741,No,79,,0,21.17142857142857,1,0,28.05,738.5,0
4840-ORQXB,Sierra Madre,Female,Yes,No,No,56,Month-to-month,Electronic check,104.75,5841.35,No,35,,0,104.30982142857144,2,1,80.375,5866,1
3982-DQLUS,Sunland,Male,Yes,Yes,Yes,65,Month-to-month,Electronic check,85.75,5688.45,No,21,,0,87.51461538461538,2,1,75.375,5573.75,1
8610-ZIKJJ,Tujunga,Female,No,Yes,Yes,2,One year,Mailed check,20.3,31.9,No,58,,0,15.95,1,0,11.15,40.6,0
3756-VNWDH,Pasadena,Male,Yes,Yes,No,65,One year,Electronic check,100.75,6674.65,No,66,,0,102.68692307692307,1,1,82.875,6548.75,1
7801-KICAO,Pasadena,Female,No,No,No,18,Month-to-month,Electronic check,74.15,1345.75,No,73,,0,74.76388888888889,2,1,46.075,1334.7,0
7673-LPRNY,Pasadena,Female,No,No,No,23,One year,Electronic check,78.55,1843.05,No,47,,0,80.13260869565217,1,1,50.775,1806.6499999999999,0
6060-QBMGV,Pasadena,Male,No,Yes,No,70,Two year,Credit card (automatic),19.85,1433.8,No,39,,0,20.482857142857142,0,0,44.925,1389.5,0
0486-HECZI,Torrance,Male,No,Yes,Yes,55,Month-to-month,Electronic check,96.75,5238.9,Yes,75,Long distance charges,1,95.25272727272727,2,1,75.875,5321.25,1
7339-POGZN,Pasadena,Female,No,No,No,4,Month-to-month,Electronic check,50.7,214.55,No,60,,0,53.6375,2,1,27.35,202.8,0
2828-SLQPF,San Marino,Male,No,No,No,19,Month-to-month,Bank transfer (automatic),45,865.85,No,62,,0,45.57105263157895,2,0,32,855,0
4465-VDKIQ,Glendale,Female,No,No,No,18,Month-to-month,Electronic check,77.8,1358.6,No,42,,0,75.47777777777777,2,1,47.9,1400.3999999999999,0
2921-XWDJH,Glendale,Female,Yes,Yes,No,38,Month-to-month,Electronic check,83.45,3147.15,No,49,,0,82.81973684210527,2,1,60.725,3171.1,1
2558-BUOZZ,Glendale,Male,No,No,No,47,One year,Bank transfer (automatic),94.8,4535.85,No,66,,0,96.50744680851065,1,0,70.9,4455.599999999999,1
9257-AZMTZ,Glendale,Female,No,Yes,Yes,52,Two year,Bank transfer (automatic),20.1,1078.75,No,71,,0,20.745192307692307,0,0,36.05,1045.2,0
0003-MKNFE,Glendale,Male,No,No,No,9,Month-to-month,Mailed check,59.9,542.4,No,66,,0,60.266666666666666,2,0,34.45,539.1,0
0975-UYDTX,Glendale,Female,No,Yes,No,26,One year,Credit card (automatic),90.1,2312.55,No,39,,0,88.94423076923077,1,0,58.05,2342.6,1
4682-BLBUC,La Crescenta,Male,No,Yes,No,44,One year,Electronic check,70.95,3250.45,No,66,,0,73.87386363636364,1,1,57.475,3121.8,1
0975-VOOVL,Agoura Hills,Female,No,No,No,3,Month-to-month,Mailed check,29.2,98.5,No,48,,0,32.833333333333336,2,0,16.1,87.6,0
5968-VXZLG,Calabasas,Male,No,No,No,2,Month-to-month,Bank transfer (automatic),46.6,87.9,No,54,,0,43.95,2,0,24.3,93.2,0
5201-FRKKS,Winnetka,Male,No,No,No,25,Month-to-month,Bank transfer (automatic),74.3,1952.25,No,64,,0,78.09,2,0,49.65,1857.5,0
9799-CAYJJ,West Hills,Female,Yes,Yes,No,2,Month-to-month,Electronic check,69.3,153.8,No,58,,0,76.9,2,1,35.65,138.6,0
5443-SCMKX,Newbury Park,Female,No,Yes,No,58,One year,Electronic check,94.3,5610.15,No,77,,0,96.72672413793103,1,1,76.15,5469.4,1
8295-KMENE,Newhall,Female,No,Yes,Yes,59,Two year,Mailed check,76.45,4519.5,No,27,,0,76.60169491525424,0,0,67.725,4510.55,1
6738-ISCBM,Northridge,Male,No,No,No,44,One year,Electronic check,54,2440.25,No,36,,0,55.46022727272727,1,1,49,2376,1
9821-BESNZ,Northridge,Male,No,No,No,66,One year,Electronic check,104.25,6860.6,No,42,,0,103.94848484848485,1,1,85.125,6880.5,1
3678-MNGZX,Porter Ranch,Male,No,Yes,Yes,68,Two year,Bank transfer (automatic),19.95,1377.7,No,53,,0,20.26029411764706,0,0,43.975,1356.6,0
1335-NTIUC,Pacoima,Male,No,No,No,9,Month-to-month,Electronic check,24.95,190.25,No,24,,0,21.13888888888889,2,1,16.975,224.54999999999998,0
2916-BQZLN,Reseda,Male,No,No,No,19,Month-to-month,Electronic check,84.75,1651.95,No,24,,0,86.94473684210527,2,1,51.875,1610.25,0
4558-CGYCZ,San Fernando,Male,No,No,No,4,Month-to-month,Mailed check,19.75,78.3,No,25,,0,19.575,2,0,11.875,79,0
2368-GAKKQ,Sylmar,Female,No,No,No,70,Two year,Bank transfer (automatic),113.65,7939.25,No,75,,0,113.41785714285714,0,0,91.825,7955.5,1
8710-YGLWG,North Hills,Male,No,No,No,1,Month-to-month,Mailed check,44.9,44.9,No,21,,0,44.9,2,0,22.95,44.9,0
3199-XGZCY,Granada Hills,Female,No,No,No,8,Month-to-month,Electronic check,75.25,576.7,No,74,,0,72.0875,2,1,41.625,602,0
3785-KTYSH,Mission Hills,Male,No,No,No,53,Two year,Mailed check,24.6,1279,No,44,,0,24.132075471698112,0,0,38.8,1303.8000000000002,0
6814-ZPWFQ,Santa Clarita,Male,Yes,No,No,51,One year,Bank transfer (automatic),25,1260.7,No,49,,0,24.719607843137254,1,0,38,1275,0
4063-EIKNQ,Canyon Country,Male,No,Yes,Yes,11,Month-to-month,Bank transfer (automatic),20.95,267.35,No,31,,0,24.30454545454546,2,0,15.975,230.45,0
6993-YCOBK,Sun Valley,Male,No,Yes,Yes,60,Two year,Electronic check,110.6,6586.85,No,22,,0,109.78083333333333,0,1,85.3,6636,1
5206-HPJKM,Valencia,Male,No,No,No,17,Month-to-month,Credit card (automatic),55.5,934.15,No,38,,0,54.949999999999996,2,0,36.25,943.5,0
8393-JMVMB,Thousand Oaks,Male,No,No,No,1,Month-to-month,Mailed check,19.45,19.45,No,48,,0,19.45,2,0,10.225,19.45,0
5019-GQVCR,Westlake Village,Male,Yes,No,No,43,Month-to-month,Electronic check,84.85,3645.6,No,56,,0,84.78139534883721,2,1,63.925,3648.5499999999997,1
6036-TTFYU,Thousand Oaks,Female,No,Yes,No,16,Month-to-month,Mailed check,19.6,314.45,No,79,,0,19.653125,2,0,17.8,313.6,0
2550-AEVRU,Woodland Hills,Female,No,Yes,Yes,57,One year,Electronic check,53.45,3053,No,21,,0,53.56140350877193,1,1,55.225,3046.65,1
0969-RGKCU,Woodland Hills,Male,No,Yes,Yes,37,One year,Credit card (automatic),19.8,677.05,No,24,,0,18.298648648648648,1,0,28.4,732.6,0
0378-CJKPV,Oak Park,Female,No,Yes,No,72,Two year,Credit card (automatic),112.1,7965.95,No,62,,0,110.63819444444444,0,0,92.05,8071.2,1
2880-FPNAE,Van Nuys,Male,Yes,Yes,No,2,Month-to-month,Electronic check,74.2,140.1,No,32,,0,70.05,2,1,38.1,148.4,0
1703-MGIAB,Van Nuys,Female,No,No,No,17,Month-to-month,Mailed check,69,1108,No,22,,0,65.17647058823529,2,0,43,1173,0
4311-QTTAI,Van Nuys,Female,No,No,No,16,One year,Credit card (automatic),19.35,295.55,No,22,,0,18.471875,1,0,17.675,309.6,0
4318-RAJVY,Encino,Female,No,No,No,10,One year,Mailed check,19.8,198.25,No,34,,0,19.825,1,0,14.9,198,0
3612-YUNGG,Burbank,Male,No,Yes,Yes,64,Two year,Credit card (automatic),109.2,6741.15,No,34,,0,105.33046875,0,0,86.6,6988.8,1
2254-DLXRI,Burbank,Female,No,No,No,1,Month-to-month,Mailed check,79.15,79.15,No,57,,0,79.15,2,0,40.075,79.15,0
5062-CJJKH,Burbank,Male,No,Yes,Yes,25,One year,Mailed check,53.65,1355.45,No,25,,0,54.218,1,0,39.325,1341.25,0
9028-LIHRP,Burbank,Male,No,Yes,Yes,71,Two year,Credit card (automatic),100.2,7209,No,55,,0,101.53521126760563,0,0,85.6,7114.2,1
1053-MXTTK,North Hollywood,Female,No,Yes,Yes,72,Two year,Bank transfer (automatic),108.65,7726.35,No,48,,0,107.31041666666667,0,0,90.325,7822.8,1
1530-ZTDOZ,Studio City,Female,No,Yes,No,49,Month-to-month,Bank transfer (automatic),40.65,2070.75,No,29,,0,42.26020408163265,2,0,44.825,1991.85,0
1301-LOPVR,North Hollywood,Male,No,Yes,Yes,29,One year,Credit card (automatic),55.35,1636.95,No,70,,0,56.44655172413793,1,0,42.175,1605.15,0
0853-TWRVK,North Hollywood,Male,No,Yes,No,72,Two year,Bank transfer (automatic),105.6,7581.5,No,48,,0,105.29861111111111,0,0,88.8,7603.2,1
6212-ATMLK,Rancho Cucamonga,Female,No,No,No,50,Month-to-month,Electronic check,95.7,4729.75,No,44,,0,94.595,2,1,72.85,4785,1
8200-LGKSR,Azusa,Male,No,Yes,No,71,Two year,Electronic check,83.2,6126.1,No,73,,0,86.2830985915493,0,1,77.1,5907.2,1
1568-BEKZM,Baldwin Park,Male,Yes,Yes,No,70,Two year,Credit card (automatic),90.05,6333.4,No,47,,0,90.47714285714285,0,0,80.025,6303.5,1
0670-ANMUU,Chino Hills,Male,No,No,No,71,One year,Credit card (automatic),97.65,6687.85,No,37,,0,94.19507042253521,1,0,84.325,6933.150000000001,1
6897-RWMUB,Chino,Male,No,Yes,Yes,61,Two year,Bank transfer (automatic),68.05,4158.25,No,78,,0,68.16803278688525,0,0,64.525,4151.05,1
6999-CHVCF,Covina,Male,No,No,No,68,Two year,Bank transfer (automatic),102.1,7149.35,No,62,,0,105.1375,0,0,85.05,6942.799999999999,1
6134-KWTBV,Covina,Male,No,No,No,62,Two year,Bank transfer (automatic),23.4,1429.65,No,67,,0,23.058870967741935,0,0,42.7,1450.8,0
1077-HUUJM,Rancho Cucamonga,Female,No,No,Yes,7,Month-to-month,Electronic check,71.05,472.65,No,49,,0,67.52142857142857,2,1,39.025,497.34999999999997,0
2045-BMBTJ,South El Monte,Female,Yes,No,No,33,Month-to-month,Bank transfer (automatic),59.45,1884.65,No,30,,0,57.11060606060607,2,0,46.225,1961.8500000000001,0
8417-GSODA,Rancho Cucamonga,Male,No,Yes,Yes,28,One year,Bank transfer (automatic),92.2,2568.15,No,26,,0,91.71964285714286,1,0,60.1,2581.6,1
5171-EPLKN,Rancho Cucamonga,Male,No,No,No,27,Two year,Credit card (automatic),19.85,470,No,58,,0,17.40740740740741,0,0,23.425,535.95,0
4452-QIIEB,Glendora,Male,No,No,No,7,Month-to-month,Mailed check,43.9,278.4,No,75,,0,39.771428571428565,2,0,25.45,307.3,0
6741-EGCBI,Hacienda Heights,Male,Yes,No,No,30,Month-to-month,Credit card (automatic),90.5,2595.85,No,53,,0,86.52833333333334,2,0,60.25,2715,1
7820-ZYGNY,La Puente,Male,No,No,No,63,One year,Credit card (automatic),90.45,5825.5,No,23,,0,92.46825396825396,1,0,76.725,5698.35,1
9677-AVKED,La Verne,Female,No,No,Yes,53,One year,Electronic check,84.6,4449.75,No,60,,0,83.95754716981132,1,1,68.8,4483.799999999999,1
2227-JRSJX,Monterey Park,Female,No,No,No,21,Month-to-month,Bank transfer (automatic),99.15,1956.4,No,36,,0,93.16190476190476,2,0,60.075,2082.15,1
9847-HNVGP,Monterey Park,Male,No,No,No,17,One year,Mailed check,19.95,310.6,No,76,,0,18.27058823529412,1,0,18.475,339.15,0
6696-YDAYZ,Mt Baldy,Male,No,Yes,Yes,16,Two year,Mailed check,20.5,290.55,No,52,,0,18.159375,0,0,18.25,328,0
8980-WQFWL,Ontario,Female,No,No,No,35,Month-to-month,Electronic check,62.1,2096.1,No,65,,0,59.888571428571424,2,1,48.55,2173.5,1
1730-ZMAME,Ontario,Female,Yes,No,No,32,Month-to-month,Electronic check,79.5,2665,No,24,,0,83.28125,2,1,55.75,2544,1
6506-EYCNH,Montclair,Female,No,Yes,Yes,28,Month-to-month,Bank transfer (automatic),19.55,543.8,No,41,,0,19.42142857142857,2,0,23.775,547.4,0
4634-JLRJT,Ontario,Female,No,No,No,1,Month-to-month,Mailed check,20.35,20.35,No,40,,0,20.35,2,0,10.675,20.35,0
9501-UKKNL,Diamond Bar,Male,No,No,No,59,Month-to-month,Electronic check,51.7,3005.8,No,30,,0,50.94576271186441,2,1,55.35,3050.3,1
2560-QTSBS,Pomona,Female,No,Yes,Yes,72,One year,Bank transfer (automatic),23.3,1623.15,No,30,,0,22.543750000000003,1,0,47.65,1677.6000000000001,0
4795-WRNVT,Pomona,Female,No,No,No,40,Month-to-month,Mailed check,65.1,2586,No,54,,0,64.65,2,0,52.55,2604,1
6080-TCMYC,Rosemead,Male,No,Yes,Yes,40,Month-to-month,Electronic check,81.2,3292.3,No,61,,0,82.3075,2,1,60.6,3248,1
7860-UXCRM,San Gabriel,Male,No,Yes,Yes,63,Two year,Credit card (automatic),74.5,4674.55,No,52,,0,74.19920634920635,0,0,68.75,4693.5,1
6357-JJPQT,San Gabriel,Female,No,No,No,3,Month-to-month,Electronic check,80.5,232.35,No,53,,0,77.45,2,1,41.75,241.5,0
2292-XQWSV,Temple City,Male,No,Yes,Yes,40,One year,Mailed check,60.3,2448.5,No,28,,0,61.2125,1,0,50.15,2412,1
9552-TGUZV,Upland,Male,No,Yes,No,8,Month-to-month,Mailed check,75,658.1,No,80,,0,82.2625,2,0,41.5,600,0
5913-INRQV,Upland,Male,Yes,Yes,No,34,One year,Mailed check,90.15,3128.8,No,38,,0,92.02352941176471,1,0,62.075,3065.1000000000004,1
9643-YBLUR,West Covina,Male,No,Yes,No,9,Month-to-month,Credit card (automatic),69.05,653.95,No,60,,0,72.66111111111111,2,0,39.025,621.4499999999999,0
8734-FNWVH,West Covina,Male,No,Yes,Yes,31,Month-to-month,Bank transfer (automatic),59.7,1825.5,No,20,,0,58.88709677419355,2,0,45.35,1850.7,0
9447-YPTBX,Alhambra,Female,No,Yes,No,50,One year,Bank transfer (automatic),19.85,943.1,No,39,,0,18.862000000000002,1,0,34.925,992.5000000000001,0
9026-LHEVG,Boulevard,Female,No,No,No,9,Month-to-month,Electronic check,40.75,359.4,No,24,,0,39.93333333333333,2,1,24.875,366.75,0
7011-CVEUC,Chula Vista,Male,No,Yes,No,25,Month-to-month,Credit card (automatic),95.7,2338.35,No,34,,0,93.53399999999999,2,0,60.35,2392.5,1
6185-TASNN,Chula Vista,Male,Yes,No,No,1,Month-to-month,Electronic check,46.3,46.3,No,65,,0,46.3,2,1,23.65,46.3,0
7925-PNRGI,Chula Vista,Female,No,Yes,Yes,45,Month-to-month,Mailed check,81.3,3541.1,No,77,,0,78.69111111111111,2,0,63.15,3658.5,1
1552-CZCLL,Descanso,Female,No,Yes,Yes,55,Month-to-month,Credit card (automatic),20,1087.25,No,53,,0,19.76818181818182,2,0,37.5,1100,0
3038-PQIUY,Dulzura,Female,No,No,No,38,Month-to-month,Bank transfer (automatic),66.15,2522.4,No,78,,0,66.37894736842105,2,0,52.075,2513.7000000000003,1
9313-CDOGY,Imperial Beach,Male,No,Yes,Yes,38,Month-to-month,Electronic check,19.6,717.3,No,34,,0,18.876315789473683,2,1,28.8,744.8000000000001,0
8148-BPLZQ,Jacumba,Male,No,No,No,34,Month-to-month,Electronic check,49.8,1734.2,No,47,,0,51.00588235294118,2,1,41.9,1693.1999999999998,0
2623-DRYAM,Jamul,Female,No,Yes,No,70,One year,Electronic check,101.75,7069.3,No,47,,0,100.99000000000001,1,1,85.875,7122.5,1
9987-LUTYD,La Mesa,Female,No,No,No,13,One year,Mailed check,55.15,742.9,No,59,,0,57.146153846153844,1,0,34.075,716.9499999999999,0
4488-KQFDT,Lemon Grove,Female,No,No,No,61,One year,Electronic check,103.95,6423,No,59,,0,105.29508196721312,1,1,82.475,6340.95,1
5693-PIPCS,National City,Male,No,No,No,41,Two year,Credit card (automatic),99.65,4220.35,No,66,,0,102.93536585365854,0,0,70.325,4085.65,1
0491-KAPQG,Pine Valley,Male,No,No,No,21,Month-to-month,Electronic check,73.7,1558.7,No,39,,0,74.22380952380952,2,1,47.35,1547.7,0
1925-LFCZZ,Potrero,Male,Yes,No,No,55,One year,Bank transfer (automatic),50.05,2743.45,No,70,,0,49.880909090909086,1,0,52.525,2752.75,1
8039-EQPIM,Spring Valley,Male,No,Yes,No,69,Two year,Bank transfer (automatic),60.25,4055.5,No,44,,0,58.77536231884058,0,0,64.625,4157.25,1
8707-RMEZH,Tecate,Female,Yes,Yes,No,69,One year,Credit card (automatic),87.3,6055.55,No,69,,0,87.76159420289855,1,0,78.15,6023.7,1
3209-ZPKFI,Borrego Springs,Male,No,Yes,Yes,47,Month-to-month,Electronic check,54.25,2538.2,No,71,,0,54.00425531914893,2,1,50.625,2549.75,1
6479-VDGRK,Cardiff By The Sea,Female,No,Yes,Yes,72,Two year,Bank transfer (automatic),85.3,6129.2,No,28,,0,85.12777777777778,0,0,78.65,6141.599999999999,1
9373-WSLOY,Carlsbad,Male,Yes,Yes,No,33,Month-to-month,Electronic check,50,1750.85,No,65,,0,53.056060606060605,2,1,41.5,1650,0
3569-JFODW,Del Mar,Female,No,Yes,Yes,72,Two year,Credit card (automatic),90.95,6652.45,No,66,,0,92.39513888888888,0,0,81.475,6548.400000000001,1
9819-FBNSV,El Cajon,Male,Yes,Yes,No,37,Month-to-month,Bank transfer (automatic),72.25,2575.45,No,20,,0,69.60675675675675,2,0,54.625,2673.25,1
9544-PYPSJ,El Cajon,Female,Yes,Yes,Yes,62,Month-to-month,Credit card (automatic),96.1,6019.35,No,37,,0,97.08629032258065,2,0,79.05,5958.2,1
1591-XWLGB,El Cajon,Female,No,Yes,No,71,Two year,Credit card (automatic),19.85,1379.6,No,56,,0,19.430985915492958,0,0,45.425,1409.3500000000001,0
0396-UKGAI,Encinitas,Male,No,No,Yes,23,Month-to-month,Bank transfer (automatic),55.3,1284.2,No,65,,0,55.834782608695654,2,0,39.15,1271.8999999999999,0
5186-EJEGL,Escondido,Male,No,No,No,9,Month-to-month,Mailed check,69.5,653.25,No,72,,0,72.58333333333333,2,0,39.25,625.5,0
7527-QNRUS,Escondido,Male,No,Yes,Yes,17,Two year,Mailed check,25.15,412.6,No,33,,0,24.27058823529412,0,0,21.075,427.54999999999995,0
2203-GHNWN,Julian,Female,No,Yes,No,24,Month-to-month,Mailed check,79.65,1928.7,No,72,,0,80.3625,2,0,51.825,1911.6000000000001,0
3878-AVSOQ,La Jolla,Female,Yes,No,No,1,Month-to-month,Electronic check,71.25,71.25,No,49,,0,71.25,2,1,36.125,71.25,0
3258-SYSWS,Lakeside,Male,Yes,No,No,72,Two year,Bank transfer (automatic),113.8,7845.8,No,56,,0,108.96944444444445,0,0,92.9,8193.6,1
5296-PSYVW,Oceanside,Female,No,Yes,No,72,Two year,Electronic check,24.55,1750.7,No,52,,0,24.31527777777778,0,1,48.275,1767.6000000000001,0
6319-QSUSR,Oceanside,Female,No,No,Yes,11,Month-to-month,Credit card (automatic),19.7,216.2,No,67,,0,19.654545454545453,2,0,15.35,216.7,0
0512-FLFDW,Palomar Mountain,Female,Yes,Yes,No,60,One year,Credit card (automatic),100.5,6029,No,34,,0,100.48333333333333,1,0,80.25,6030,1
0487-CRLZF,Poway,Female,No,No,No,49,Two year,Bank transfer (automatic),74.45,3721.9,No,60,,0,75.95714285714286,0,0,61.725,3648.05,1
2107-FBPTK,Ramona,Female,Yes,No,No,30,Month-to-month,Electronic check,104.1,3121.1,No,59,,0,104.03666666666666,2,1,67.05,3123,1
9451-WLYRI,Ranchita,Female,No,Yes,No,53,One year,Credit card (automatic),19.05,990.45,No,74,,0,18.687735849056605,1,0,36.025,1009.6500000000001,0
8219-VYBVI,Rancho Santa Fe,Male,No,No,Yes,39,Two year,Mailed check,25,1004.35,No,55,,0,25.752564102564104,0,0,32,975,0
1991-VOPLL,San Marcos,Female,No,No,No,9,Month-to-month,Mailed check,19.05,157.65,No,61,,0,17.516666666666666,2,0,14.025,171.45000000000002,0
9738-QLWTP,Santa Ysabel,Male,No,No,No,39,One year,Electronic check,81.9,3219.75,No,46,,0,82.5576923076923,1,1,60.45,3194.1000000000004,1
1016-DJTSV,Santee,Male,Yes,No,No,8,Month-to-month,Electronic check,69.7,572.85,No,20,,0,71.60625,2,1,38.85,557.6,0
9419-IPPBE,Solana Beach,Female,No,Yes,Yes,51,One year,Electronic check,90.15,4554.85,No,22,,0,89.31078431372549,1,1,70.575,4597.650000000001,1
0174-QRVVY,San Marcos,Male,No,Yes,Yes,71,Two year,Credit card (automatic),25.35,1847.55,No,68,,0,26.021830985915493,0,0,48.175,1799.8500000000001,0
5699-BNCAS,Valley Center,Male,Yes,No,No,71,Two year,Mailed check,24.65,1766.75,No,73,,0,24.883802816901408,0,0,47.825,1750.1499999999999,0
2900-PHPLN,Vista,Female,Yes,Yes,No,70,Two year,Credit card (automatic),19.55,1462.05,No,22,,0,20.88642857142857,0,0,44.775,1368.5,0
8106-GWQOK,Warner Springs,Male,No,Yes,No,38,Two year,Bank transfer (automatic),60,2193.2,No,42,,0,57.715789473684204,0,0,49,2280,1
8751-EDEKA,Rancho Santa Fe,Female,No,Yes,No,28,Month-to-month,Credit card (automatic),89.9,2433.5,No,55,,0,86.91071428571429,2,0,58.95,2517.2000000000003,1
6878-GGDWG,San Diego,Female,No,Yes,No,32,Month-to-month,Bank transfer (automatic),19.4,641.15,No,31,,0,20.0359375,2,0,25.7,620.8,0
4039-PIMHX,San Diego,Male,Yes,Yes,No,49,Two year,Mailed check,49.8,2398.4,No,37,,0,48.946938775510205,0,0,49.4,2440.2,1
8450-LUGUK,San Diego,Female,No,Yes,Yes,37,Two year,Bank transfer (automatic),24.1,861.85,No,36,,0,23.293243243243243,0,0,30.55,891.7,0
3604-WLABM,San Diego,Female,No,No,No,10,Month-to-month,Electronic check,54.25,583,No,43,,0,58.3,2,1,32.125,542.5,0
0795-GMVQO,San Diego,Male,No,Yes,No,67,One year,Credit card (automatic),109.9,7332.4,No,26,,0,109.43880597014925,1,0,88.45,7363.3,1
2259-OUUSZ,San Diego,Male,No,No,No,7,One year,Credit card (automatic),35.5,249.55,No,48,,0,35.65,1,0,21.25,248.5,0
1142-IHLOO,San Diego,Female,No,No,No,51,One year,Credit card (automatic),87.55,4475.9,No,57,,0,87.7627450980392,1,0,69.275,4465.05,1
4633-MKHYU,San Diego,Female,No,No,No,9,Month-to-month,Mailed check,88.4,788.6,No,32,,0,87.62222222222222,2,0,48.7,795.6,0
6257-RJOHI,San Diego,Male,No,No,No,4,Month-to-month,Mailed check,50.8,202.3,No,47,,0,50.575,2,0,27.4,203.2,0
1545-JFUML,San Diego,Male,No,Yes,No,71,Two year,Electronic check,99,6994.6,No,31,,0,98.51549295774649,0,1,85,7029,1
7826-VVKWT,San Diego,Female,Yes,Yes,Yes,24,Two year,Electronic check,96.55,2263.45,No,73,,0,94.31041666666665,0,1,60.275,2317.2,1
1353-GHZOS,San Diego,Male,No,Yes,No,22,One year,Bank transfer (automatic),59.75,1374.35,No,31,,0,62.470454545454544,1,0,40.875,1314.5,0
2587-EKXTS,San Diego,Male,No,No,No,44,Month-to-month,Electronic check,111.5,4915.15,No,26,,0,111.70795454545454,2,1,77.75,4906,1
5442-BXVND,San Diego,Female,No,Yes,Yes,33,Month-to-month,Bank transfer (automatic),24.25,838.5,No,73,,0,25.40909090909091,2,0,28.625,800.25,0
9753-OYLBX,San Diego,Female,No,No,No,1,Month-to-month,Mailed check,20.5,20.5,No,54,,0,20.5,2,0,10.75,20.5,0
2364-UFROM,San Diego,Male,No,No,No,30,One year,Electronic check,70.4,2044.75,No,68,,0,68.15833333333333,1,1,50.2,2112,1
6656-JWRQX,San Diego,Female,No,No,No,1,Month-to-month,Mailed check,30.55,30.55,No,57,,0,30.55,2,0,15.775,30.55,0
6473-ULUHT,San Diego,Male,No,Yes,Yes,16,Month-to-month,Electronic check,84.9,1398.25,No,43,,0,87.390625,2,1,50.45,1358.4,0
7688-AWMDX,San Diego,Male,No,Yes,No,71,Two year,Bank transfer (automatic),54.5,3778.2,No,57,,0,53.21408450704225,0,0,62.75,3869.5,1
2842-BCQGE,San Diego,Male,No,No,No,43,Month-to-month,Credit card (automatic),75.35,3161.4,No,33,,0,73.52093023255814,2,0,59.175,3240.0499999999997,1
7244-QWYHG,San Diego,Male,No,Yes,No,50,One year,Bank transfer (automatic),44.45,2188.45,No,54,,0,43.769,1,0,47.225,2222.5,1
5312-UXESG,Indio,Female,No,No,No,41,Month-to-month,Bank transfer (automatic),98.05,3990.6,No,58,,0,97.33170731707317,2,0,69.525,4020.0499999999997,1
2150-WLKUW,Banning,Female,No,Yes,No,40,One year,Bank transfer (automatic),63.9,2635,No,41,,0,65.875,1,0,51.95,2556,1
7159-FVYPK,Beaumont,Female,No,Yes,Yes,3,Month-to-month,Bank transfer (automatic),69.15,235,No,22,,0,78.33333333333333,2,0,36.075,207.45000000000002,0
7032-LMBHI,Blythe,Female,No,No,No,37,One year,Bank transfer (automatic),64.65,2347.85,No,45,,0,63.4554054054054,1,0,50.825,2392.05,1
6088-BXMRG,Cabazon,Female,No,Yes,Yes,32,Month-to-month,Electronic check,98.85,3089.6,No,25,,0,96.55,2,1,65.425,3163.2,1
4821-SJHJV,Calipatria,Female,No,Yes,Yes,32,Month-to-month,Electronic check,89.6,2901.8,No,54,,0,90.68125,2,1,60.8,2867.2,1
7346-MEDWM,Cathedral City,Female,No,No,No,59,Month-to-month,Electronic check,83.25,4949.1,No,32,,0,83.88305084745764,2,1,71.125,4911.75,1
1137-DGOWI,Coachella,Female,No,Yes,No,30,One year,Bank transfer (automatic),70.25,2198.9,No,66,,0,73.29666666666667,1,0,50.125,2107.5,1
3812-LRZIR,Desert Hot Springs,Female,No,Yes,Yes,27,Two year,Electronic check,24.5,761.95,No,67,,0,28.22037037037037,0,1,25.75,661.5,0
4227-OJHAL,El Centro,Female,No,Yes,Yes,68,One year,Credit card (automatic),73,5163,No,67,,0,75.92647058823529,1,0,70.5,4964,1
9220-CXRSC,Heber,Female,No,Yes,Yes,69,Two year,Credit card (automatic),61.4,4059.85,No,80,,0,58.83840579710145,0,0,65.2,4236.599999999999,1
4993-JCRGJ,Holtville,Male,No,No,No,26,Month-to-month,Mailed check,84.3,2281.6,No,66,,0,87.75384615384615,2,0,55.15,2191.7999999999997,1
9537-JALFH,Imperial,Male,No,Yes,Yes,69,Two year,Bank transfer (automatic),19.9,1356.7,No,54,,0,19.66231884057971,0,0,44.45,1373.1,0
6698-OXETB,Joshua Tree,Male,No,No,No,11,Two year,Mailed check,20.4,231.45,No,51,,0,21.04090909090909,0,0,15.7,224.39999999999998,0
2103-ZRXFN,La Quinta,Male,No,No,No,1,Month-to-month,Mailed check,50.75,50.75,No,69,,0,50.75,2,0,25.875,50.75,0
3724-BSCVH,Mecca,Male,No,Yes,Yes,10,One year,Mailed check,20.45,242.4,No,54,,0,24.240000000000002,1,0,15.225,204.5,0
4877-TSOFF,Morongo Valley,Female,No,Yes,Yes,55,One year,Bank transfer (automatic),75.75,4264.25,No,51,,0,77.53181818181818,1,0,65.375,4166.25,1
9209-NWPGU,Niland,Male,No,No,No,44,One year,Electronic check,65.4,2774.55,No,76,,0,63.05795454545455,1,1,54.7,2877.6000000000004,1
7306-YDSOI,Ocotillo,Male,No,Yes,Yes,69,Two year,Bank transfer (automatic),59.75,4069.9,No,39,,0,58.984057971014494,0,0,64.375,4122.75,1
5288-AHOUP,Palm Desert,Male,Yes,No,No,11,Month-to-month,Electronic check,78.5,874.2,No,51,,0,79.47272727272728,2,1,44.75,863.5,0
0655-YDGFJ,Palm Springs,Male,No,No,No,29,Month-to-month,Bank transfer (automatic),48.95,1323.7,No,66,,0,45.6448275862069,2,0,38.975,1419.5500000000002,0
8468-EHYJA,Palo Verde,Female,No,Yes,No,57,Month-to-month,Electronic check,99.65,5497.05,No,42,,0,96.43947368421053,2,1,78.325,5680.05,1
5940-AHUHD,Pomona,Male,No,No,No,1,Month-to-month,Mailed check,70.6,70.6,Yes,69,Lack of self-service on Website,1,70.6,2,0,35.8,70.6,0
6823-SIDFQ,Parker Dam,Male,No,No,No,28,One year,Credit card (automatic),18.25,534.7,No,67,,0,19.09642857142857,1,0,23.125,511,0
1097-FSPVW,Pioneertown,Female,No,No,No,42,Month-to-month,Credit card (automatic),54.55,2455.05,No,72,,0,58.453571428571436,2,0,48.275,2291.1,1
8328-SKJNO,Seeley,Male,No,No,Yes,23,One year,Bank transfer (automatic),40.65,947.4,No,43,,0,41.19130434782608,1,0,31.825,934.9499999999999,0
7010-ZMVBF,Thermal,Female,No,Yes,Yes,18,Month-to-month,Mailed check,20.45,357,No,71,,0,19.833333333333332,2,0,19.225,368.09999999999997,0
5201-CBWYG,Salton City,Male,No,Yes,Yes,62,One year,Bank transfer (automatic),24.8,1476.25,No,53,,0,23.81048387096774,1,0,43.4,1537.6000000000001,0
6352-GIGGQ,Vidal,Male,No,No,No,67,One year,Bank transfer (automatic),88.8,5903.15,No,68,,0,88.10671641791045,1,0,77.9,5949.599999999999,1
3635-QQRQD,Westmorland,Male,No,No,No,62,Two year,Credit card (automatic),20.05,1201.65,No,74,,0,19.381451612903227,0,0,41.025,1243.1000000000001,0
2897-DOVND,Winterhaven,Male,No,No,No,2,Month-to-month,Electronic check,69.8,146.65,No,26,,0,73.325,2,1,35.9,139.6,0
3082-YVEKW,Yucca Valley,Female,No,Yes,Yes,23,Two year,Bank transfer (automatic),77.15,1759.4,No,33,,0,76.49565217391304,0,0,50.075,1774.45,0
0191-EQUUH,Landers,Female,No,No,Yes,25,Two year,Bank transfer (automatic),35.05,844.45,No,69,,0,33.778,0,0,30.025,876.2499999999999,0
7134-HBPBS,Adelanto,Female,Yes,No,No,72,Two year,Bank transfer (automatic),108.1,7774.05,No,71,,0,107.97291666666666,0,0,90.05,7783.2,1
3489-HHPFY,Amboy,Female,No,Yes,No,2,Month-to-month,Electronic check,84.05,134.05,No,78,,0,67.025,2,1,43.025,168.1,0
2926-JEJJC,Angelus Oaks,Female,No,No,No,8,One year,Bank transfer (automatic),20.2,140.95,No,38,,0,17.61875,1,0,14.1,161.6,0
4950-BDEUX,Apple Valley,Male,No,No,No,35,Month-to-month,Electronic check,49.2,1701.65,No,40,,0,48.61857142857143,2,1,42.1,1722,0
5789-LDFXO,Baker,Male,No,No,No,24,One year,Electronic check,24.6,592.65,No,79,,0,24.693749999999998,1,1,24.3,590.4000000000001,0
0508-OOLTO,Fort Irwin,Female,No,Yes,Yes,2,Month-to-month,Electronic check,71.65,135.75,No,67,,0,67.875,2,1,36.825,143.3,0
2984-TBYKU,Barstow,Male,No,Yes,Yes,72,Two year,Credit card (automatic),104.9,7732.65,No,25,,0,107.39791666666666,0,0,88.45,7552.8,1
9822-WMWVG,Grand Terrace,Female,No,No,No,41,Month-to-month,Electronic check,106.5,4282.4,No,75,,0,104.44878048780487,2,1,73.75,4366.5,1
9040-KZVWO,Big Bear Lake,Male,No,No,No,26,One year,Bank transfer (automatic),75.5,2018.1,No,43,,0,77.61923076923077,1,0,50.75,1963,0
1548-ARAGG,Cedar Glen,Female,No,Yes,Yes,4,Month-to-month,Mailed check,58.5,224.85,No,23,,0,56.2125,2,0,31.25,234,0
6119-SPUDB,Woodland,Male,No,No,No,46,Two year,Mailed check,38.25,1755.35,No,73,,0,38.15978260869565,0,0,42.125,1759.5,0
6339-RZCBJ,Colton,Male,No,No,No,48,Two year,Credit card (automatic),78.9,3771.5,No,47,,0,78.57291666666667,0,0,63.45,3787.2000000000003,1
4415-WNGVR,Daggett,Female,Yes,Yes,No,12,One year,Electronic check,79.2,943.85,No,42,,0,78.65416666666667,1,1,45.6,950.4000000000001,0
2522-AHJXR,Death Valley,Male,No,Yes,No,60,Month-to-month,Bank transfer (automatic),109.45,6572.85,No,77,,0,109.5475,2,0,84.725,6567,1
0412-UCCNP,Essex,Male,No,No,No,55,Two year,Electronic check,59.2,3175.85,No,33,,0,57.74272727272727,0,1,57.1,3256,1
1816-FLZDK,Fawnskin,Male,No,No,No,1,Month-to-month,Mailed check,29.15,29.15,No,40,,0,29.15,2,0,15.075,29.15,0
7096-UCLNH,Fontana,Male,No,No,No,1,Month-to-month,Mailed check,20.05,20.05,No,49,,0,20.05,2,0,10.525,20.05,0
4615-PIVVU,Ludlow,Female,No,No,No,42,Two year,Credit card (automatic),66.5,2762.75,No,62,,0,65.7797619047619,0,0,54.25,2793,1
8885-QSQBX,Forest Falls,Female,No,No,No,1,Month-to-month,Bank transfer (automatic),49.55,49.55,No,36,,0,49.55,2,0,25.275,49.55,0
8617-ENBDS,Helendale,Male,No,No,No,3,Month-to-month,Credit card (automatic),73.6,232.5,No,53,,0,77.5,2,0,38.3,220.79999999999998,0
9385-NXKDA,Hesperia,Female,No,Yes,No,72,Two year,Credit card (automatic),82.65,5919.35,No,42,,0,82.21319444444445,0,0,77.325,5950.8,1
0430-IHCDJ,Highland,Male,No,No,No,15,Month-to-month,Electronic check,49,749.25,No,25,,0,49.95,2,1,32,735,0
6674-KVJHG,Lake Arrowhead,Female,No,No,No,11,One year,Electronic check,25.2,245.15,No,55,,0,22.286363636363635,1,1,18.1,277.2,0
1814-DKOLC,Loma Linda,Female,No,No,No,5,Month-to-month,Mailed check,25.45,134.75,No,24,,0,26.95,2,0,15.225,127.25,0
9351-HXDMR,Lytle Creek,Male,No,Yes,No,72,Two year,Credit card (automatic),110.9,8240.85,No,67,,0,114.45625000000001,0,0,91.45,7984.8,1
3537-HPKQT,Mentone,Female,No,Yes,No,55,Month-to-month,Credit card (automatic),77.75,4266.4,No,46,,0,77.57090909090908,2,0,66.375,4276.25,1
2129-ALKBS,Needles,Female,No,Yes,Yes,40,Month-to-month,Electronic check,26.2,1077.5,No,37,,0,26.9375,2,1,33.1,1048,0
5821-MMEIL,Nipton,Female,No,Yes,No,57,Two year,Bank transfer (automatic),19.9,1115.6,No,48,,0,19.5719298245614,0,0,38.45,1134.3,0
1309-XGFSN,Pinon Hills,Male,Yes,Yes,Yes,52,One year,Electronic check,80.85,4079.55,No,76,,0,78.45288461538462,1,1,66.425,4204.2,1
6968-URWQU,Redlands,Male,No,Yes,No,43,One year,Mailed check,56.35,2391.15,No,70,,0,55.608139534883726,1,0,49.675,2423.05,1
6432-TWQLB,Rosemead,Male,No,Yes,No,5,Month-to-month,Electronic check,85.4,401.1,Yes,80,Network reliability,1,80.22,2,1,45.2,427,0
4742-TXUEX,Rialto,Female,No,Yes,Yes,47,Two year,Bank transfer (automatic),19.3,890.5,No,43,,0,18.9468085106383,0,0,33.15,907.1,0
9631-XEYKE,Rialto,Male,No,No,No,3,Month-to-month,Bank transfer (automatic),50.4,137.25,No,53,,0,45.75,2,0,26.7,151.2,0
1335-MXCSE,Shoshone,Male,No,Yes,Yes,55,Two year,Credit card (automatic),55.25,3119.9,No,42,,0,56.72545454545455,0,0,55.125,3038.75,1
8873-TMKGR,Sugarloaf,Male,No,No,No,29,One year,Mailed check,19.1,529.5,No,38,,0,18.25862068965517,1,0,24.05,553.9000000000001,0
8800-JOOCF,Tecopa,Female,No,No,Yes,12,Month-to-month,Electronic check,84.05,966.55,No,77,,0,80.54583333333333,2,1,48.025,1008.5999999999999,0
1469-LBJQJ,Victorville,Female,No,Yes,No,66,Month-to-month,Electronic check,105.2,6936.85,No,20,,0,105.10378787878788,2,1,85.6,6943.2,1
0064-YIJGF,Yermo,Male,No,Yes,Yes,27,Month-to-month,Bank transfer (automatic),75.75,1929,No,46,,0,71.44444444444444,2,0,51.375,2045.25,1
2386-OWURY,Yucaipa,Female,No,No,No,58,Month-to-month,Electronic check,95.3,5817.7,No,68,,0,100.3051724137931,2,1,76.65,5527.4,1
0310-VQXAM,San Bernardino,Male,No,No,No,9,Month-to-month,Mailed check,19.85,178.8,No,63,,0,19.866666666666667,2,0,14.425,178.65,0
3453-RTHJQ,San Bernardino,Male,No,No,No,6,Month-to-month,Electronic check,69.1,435,No,55,,0,72.5,2,1,37.55,414.59999999999997,0
6278-FEPBZ,San Bernardino,Female,No,No,No,9,Month-to-month,Mailed check,20.25,186.15,No,68,,0,20.683333333333334,2,0,14.625,182.25,0
4280-DLSHD,San Bernardino,Male,No,Yes,No,8,Month-to-month,Mailed check,54.75,445.85,No,47,,0,55.73125,2,0,31.375,438,0
1508-DFXCU,Riverside,Male,No,No,No,12,Month-to-month,Electronic check,81.45,912,No,70,,0,76,2,1,46.725,977.4000000000001,0
7868-BGSZA,Riverside,Male,No,Yes,No,43,One year,Electronic check,80.2,3581.6,No,35,,0,83.29302325581395,1,1,61.6,3448.6,1
2800-QQUSO,Riverside,Male,No,No,No,42,Month-to-month,Electronic check,100.3,4222.95,No,33,,0,100.54642857142856,2,1,71.15,4212.599999999999,1
7973-DZRKH,Riverside,Female,No,No,Yes,66,Two year,Credit card (automatic),90.95,5930.05,No,74,,0,89.84924242424243,0,0,78.475,6002.7,1
7698-YFGEZ,Riverside,Male,No,No,No,1,Month-to-month,Mailed check,20,20,No,38,,0,20,2,0,10.5,20,0
9773-PEQBZ,Lake Elsinore,Male,No,No,No,10,Month-to-month,Electronic check,79.85,797.25,No,65,,0,79.725,2,1,44.925,798.5,0
0650-BWOZN,Aguanga,Female,Yes,No,No,18,Month-to-month,Electronic check,73.55,1359.45,No,66,,0,75.525,2,1,45.775,1323.8999999999999,0
7785-RDVIG,Hemet,Female,No,Yes,Yes,3,Month-to-month,Mailed check,19.3,54.7,No,57,,0,18.233333333333334,2,0,11.15,57.900000000000006,0
9602-WCXPI,Hemet,Male,No,No,No,50,One year,Credit card (automatic),20.15,989.05,No,29,,0,19.781,1,0,35.075,1007.4999999999999,0
2903-YYTBW,Hemet,Male,No,Yes,Yes,1,Month-to-month,Electronic check,44.55,44.55,No,48,,0,44.55,2,1,22.775,44.55,0
3620-MWJNE,Homeland,Male,No,No,No,2,Month-to-month,Mailed check,54.45,87.3,No,77,,0,43.65,2,0,28.225,108.9,0
8573-JGCZW,Idyllwild,Male,No,No,No,17,One year,Bank transfer (automatic),19.65,351.55,No,35,,0,20.679411764705883,1,0,18.325,334.04999999999995,0
6837-HAEVO,Moreno Valley,Male,No,Yes,Yes,69,Two year,Electronic check,105,7297.75,No,47,,0,105.76449275362319,0,1,87,7245,1
6701-YVNQG,Moreno Valley,Male,No,Yes,No,72,Two year,Credit card (automatic),88.7,6301.7,No,41,,0,87.52361111111111,0,0,80.35,6386.400000000001,1
4304-XUMGI,Moreno Valley,Male,Yes,Yes,Yes,50,Two year,Bank transfer (automatic),75.15,3822.45,No,34,,0,76.449,0,0,62.575,3757.5000000000005,1
9504-YAZWB,Mountain Center,Female,No,No,No,53,Two year,Mailed check,20.25,1048.45,No,79,,0,19.782075471698114,0,0,36.625,1073.25,0
8819-ZBYNA,Murrieta,Female,No,Yes,No,58,Two year,Credit card (automatic),109.1,6393.65,No,57,,0,110.2353448275862,0,0,83.55,6327.799999999999,1
6174-NRBTZ,Murrieta,Male,No,No,No,46,One year,Bank transfer (automatic),30.75,1489.3,No,42,,0,32.37608695652174,1,0,38.375,1414.5,0
9481-IEBZY,Nuevo,Male,Yes,Yes,No,72,Month-to-month,Credit card (automatic),112.9,8061.5,No,29,,0,111.96527777777777,2,0,92.45,8128.8,1
6137-NICCO,Perris,Female,No,Yes,Yes,6,Month-to-month,Mailed check,94.05,518.75,No,59,,0,86.45833333333333,2,0,50.025,564.3,0
9065-ZCPQX,San Jacinto,Male,No,Yes,No,72,Two year,Bank transfer (automatic),78.85,5763.15,No,33,,0,80.04374999999999,0,0,75.425,5677.2,1
6402-EJMWF,San Jacinto,Male,No,No,No,4,Month-to-month,Mailed check,55.3,238.5,No,31,,0,59.625,2,0,29.65,221.2,0
3620-EHIMZ,Menifee,Female,No,Yes,Yes,52,Two year,Mailed check,19.35,1031.7,No,66,,0,19.840384615384615,0,0,35.675,1006.2,0
6870-ECSHE,Sun City,Female,No,No,No,2,One year,Mailed check,20.45,34.8,No,39,,0,17.4,1,0,11.225,40.9,0
8747-UDCOI,Sun City,Female,No,Yes,No,65,Two year,Bank transfer (automatic),19.35,1319.95,No,71,,0,20.306923076923077,0,0,42.175,1257.75,0
4626-OZDTJ,Wildomar,Female,No,Yes,No,51,One year,Credit card (automatic),78.65,3950.85,No,80,,0,77.46764705882353,1,0,64.825,4011.15,1
9169-BSVIN,Winchester,Male,No,No,No,12,Month-to-month,Bank transfer (automatic),74.75,827.05,No,40,,0,68.92083333333333,2,0,43.375,897,0
8194-PEEBY,Irvine,Female,No,Yes,Yes,24,One year,Mailed check,19.9,533.5,No,68,,0,22.229166666666668,1,0,21.95,477.59999999999997,0
4484-GLZOU,San Dimas,Female,No,Yes,No,52,Month-to-month,Electronic check,105.05,5624.85,Yes,65,Don't know,1,108.17019230769232,2,1,78.525,5462.599999999999,1
6872-HXFNF,Irvine,Female,No,Yes,No,64,One year,Bank transfer (automatic),58.35,3756.45,No,55,,0,58.69453125,1,0,61.175,3734.4,1
7714-YXSMB,Irvine,Female,No,No,No,26,Month-to-month,Bank transfer (automatic),100.5,2599.95,No,50,,0,99.99807692307692,2,0,63.25,2613,1
8387-UGUSU,Irvine,Female,No,Yes,Yes,15,Month-to-month,Mailed check,20.05,284.3,No,59,,0,18.953333333333333,2,0,17.525,300.75,0
1080-BWSYE,Irvine,Male,Yes,Yes,No,64,Two year,Credit card (automatic),25.65,1740.8,No,36,,0,27.2,0,0,44.825,1641.6,0
1194-HVAIF,Capistrano Beach,Female,No,Yes,No,27,Month-to-month,Credit card (automatic),95,2462.55,No,75,,0,91.20555555555556,2,0,61,2565,1
1767-TGTKO,Dana Point,Female,No,Yes,Yes,8,Month-to-month,Electronic check,45.45,411.75,No,41,,0,51.46875,2,1,26.725,363.6,0
8439-LTUGF,Lake Forest,Male,No,No,No,10,Month-to-month,Credit card (automatic),20,198.6,No,53,,0,19.86,2,0,15,200,0
8805-JNRAZ,Huntington Beach,Female,No,No,No,2,Month-to-month,Mailed check,49.2,103.7,No,75,,0,51.85,2,0,25.6,98.4,0
6418-HNFED,Huntington Beach,Male,No,Yes,No,51,Two year,Credit card (automatic),83.25,4089.45,No,62,,0,80.18529411764706,0,0,67.125,4245.75,1
0206-OYVOC,Huntington Beach,Female,No,Yes,Yes,46,Two year,Mailed check,19.25,864.2,No,77,,0,18.786956521739132,0,0,32.625,885.5,0
7291-CDTMJ,Laguna Beach,Male,No,No,No,1,Month-to-month,Bank transfer (automatic),19.65,19.65,No,80,,0,19.65,2,0,10.325,19.65,0
7128-GGCNO,Laguna Hills,Male,No,No,No,46,Month-to-month,Bank transfer (automatic),72.8,3249.4,No,66,,0,70.63913043478261,2,0,59.4,3348.7999999999997,1
0237-YFUTL,Midway City,Female,No,Yes,No,50,Month-to-month,Bank transfer (automatic),109.65,5405.8,No,21,,0,108.116,2,0,79.825,5482.5,1
7691-KGKGP,Aliso Viejo,Male,No,Yes,Yes,53,Month-to-month,Credit card (automatic),65,3363.8,No,30,,0,63.46792452830189,2,0,59,3445,1
6710-HSJRD,Newport Coast,Male,No,Yes,No,61,Month-to-month,Electronic check,114.1,7132.15,No,64,,0,116.92049180327868,2,1,87.55,6960.099999999999,1
3675-EQOZA,Newport Beach,Male,No,No,No,5,Month-to-month,Bank transfer (automatic),20.65,93.55,No,60,,0,18.71,2,0,12.825,103.25,0
0840-DCNZE,Newport Beach,Male,No,No,No,47,One year,Bank transfer (automatic),86.95,4138.9,No,57,,0,88.06170212765957,1,0,66.975,4086.65,1
1732-FEKLD,Newport Beach,Female,No,No,No,54,One year,Bank transfer (automatic),94.75,5121.75,No,50,,0,94.84722222222223,1,0,74.375,5116.5,1
9862-KJTYK,Newport Beach,Male,No,No,Yes,19,Month-to-month,Credit card (automatic),25.35,566.1,No,68,,0,29.794736842105266,2,0,22.175,481.65000000000003,0
0479-HMSWA,San Clemente,Female,No,No,Yes,26,Two year,Electronic check,105.45,2715.3,No,62,,0,104.4346153846154,0,1,65.725,2741.7000000000003,1
5854-KSRBJ,San Clemente,Male,No,Yes,Yes,70,Two year,Mailed check,25.4,1782.05,No,33,,0,25.457857142857144,0,0,47.7,1778,0
0365-BZUWY,San Juan Capistrano,Male,No,Yes,No,17,Month-to-month,Electronic check,102.55,1742.5,No,75,,0,102.5,2,1,59.775,1743.35,0
5701-SVCWR,Laguna Niguel,Female,No,No,Yes,1,Month-to-month,Mailed check,24,24,No,60,,0,24,2,0,12.5,24,0
3129-AAQOU,Trabuco Canyon,Female,No,Yes,Yes,19,Two year,Mailed check,25.6,485.9,No,44,,0,25.573684210526313,0,0,22.3,486.40000000000003,0
4922-CVPDX,Westminster,Female,No,Yes,No,26,Two year,Credit card (automatic),73.5,1905.7,No,67,,0,73.29615384615384,0,0,49.75,1911,0
1357-BIJKI,Mission Viejo,Male,No,Yes,No,50,One year,Electronic check,98.25,4858.7,No,62,,0,97.17399999999999,1,1,74.125,4912.5,1
1099-BTKWT,Mission Viejo,Female,No,Yes,No,68,One year,Electronic check,54.4,3723.65,No,69,,0,54.75955882352941,1,1,61.2,3699.2,1
2018-PZKMU,Santa Ana,Male,No,Yes,Yes,9,Month-to-month,Electronic check,103.1,970.45,No,61,,0,107.82777777777778,2,1,56.05,927.9,0
7340-KEFQE,Santa Ana,Female,No,Yes,Yes,51,Two year,Bank transfer (automatic),34.2,1782,No,38,,0,34.94117647058823,0,0,42.6,1744.2,0
4570-QHXHL,Santa Ana,Female,No,No,No,9,Month-to-month,Electronic check,43.75,405.7,No,70,,0,45.077777777777776,2,1,26.375,393.75,0
7392-YYPYJ,Santa Ana,Male,No,No,No,22,Month-to-month,Electronic check,100.65,2415.95,No,34,,0,109.81590909090909,2,1,61.325,2214.3,1
2223-GDSHL,Fountain Valley,Male,No,Yes,Yes,71,Two year,Bank transfer (automatic),116.05,8297.5,No,62,,0,116.86619718309859,0,0,93.525,8239.55,1
9470-RTWDV,Tustin,Male,No,Yes,Yes,26,One year,Credit card (automatic),82,2083.1,No,43,,0,80.11923076923077,1,0,54,2132,1
2176-OSJUV,Anaheim,Male,No,Yes,No,71,Two year,Bank transfer (automatic),65.15,4681.75,No,69,,0,65.94014084507042,0,0,68.075,4625.650000000001,1
9348-YVOMK,Anaheim,Male,No,No,No,4,Month-to-month,Credit card (automatic),44.8,176.2,No,39,,0,44.05,2,0,24.4,179.2,0
8104-OSKWT,Anaheim,Female,No,No,No,12,Month-to-month,Electronic check,79.8,1001.2,No,43,,0,83.43333333333334,2,1,45.9,957.5999999999999,0
4521-YEEHE,Anaheim,Female,No,Yes,No,18,Month-to-month,Electronic check,88.85,1594.75,No,59,,0,88.59722222222223,2,1,53.425,1599.3,0
4090-KPJIP,Anaheim,Female,No,No,No,3,Month-to-month,Electronic check,74.95,212.4,No,70,,0,70.8,2,1,38.975,224.85000000000002,0
3786-WOVKF,Anaheim,Female,Yes,Yes,No,72,One year,Bank transfer (automatic),106.85,7677.4,No,58,,0,106.63055555555555,1,0,89.425,7693.2,1
2592-HODOV,Brea,Male,No,No,No,13,One year,Credit card (automatic),19.3,259.65,No,66,,0,19.97307692307692,1,0,16.15,250.9,0
7995-ZHHNZ,Fullerton,Male,No,Yes,No,42,One year,Credit card (automatic),56.1,2386.85,No,69,,0,56.8297619047619,1,0,49.05,2356.2000000000003,1
3824-RHKVR,Fullerton,Female,No,No,No,17,Month-to-month,Credit card (automatic),19.7,340.35,No,28,,0,20.02058823529412,2,0,18.35,334.9,0
5816-SCGFC,Fullerton,Female,Yes,No,No,7,Month-to-month,Mailed check,51.3,419.35,No,46,,0,59.90714285714286,2,0,29.15,359.09999999999997,0
5989-AXPUC,Garden Grove,Female,No,Yes,No,68,Two year,Mailed check,118.6,7990.05,No,38,,0,117.50073529411765,0,0,93.3,8064.799999999999,1
4979-HPRFL,Garden Grove,Male,No,Yes,Yes,56,Two year,Bank transfer (automatic),24.15,1402.25,No,21,,0,25.040178571428573,0,0,40.075,1352.3999999999999,0
8590-OHDIW,Garden Grove,Female,No,Yes,Yes,38,One year,Mailed check,20.3,749.35,No,51,,0,19.719736842105263,1,0,29.15,771.4,0
8015-IHCGW,Garden Grove,Female,No,Yes,Yes,72,Two year,Electronic check,115.5,8425.15,No,65,,0,117.01597222222222,0,1,93.75,8316,1
2332-TODQS,Garden Grove,Female,No,No,No,48,One year,Credit card (automatic),25.05,1171.5,No,33,,0,24.40625,1,0,36.525,1202.4,0
9278-VZKCD,Norco,Female,Yes,Yes,No,52,Month-to-month,Electronic check,109.1,5647.95,No,49,,0,108.61442307692307,2,1,80.55,5673.2,1
8008-OTEZX,Villa Park,Female,No,Yes,Yes,35,One year,Mailed check,19.65,708.8,No,26,,0,20.25142857142857,1,0,27.325,687.75,0
2773-OVBPK,Orange,Male,No,Yes,No,67,Two year,Bank transfer (automatic),111.3,7567.2,No,59,,0,112.94328358208955,0,0,89.15,7457.099999999999,1
5999-LCXAO,Orange,Female,No,No,No,1,Month-to-month,Mailed check,29.9,29.9,No,61,,0,29.9,2,0,15.45,29.9,0
5206-XZZQI,Orange,Male,No,No,No,53,Month-to-month,Mailed check,80.6,4348.1,No,73,,0,82.03962264150944,2,0,66.8,4271.799999999999,1
4803-LBYPN,Orange,Male,No,Yes,Yes,34,Month-to-month,Mailed check,20.8,635.9,No,64,,0,18.70294117647059,2,0,27.4,707.2,0
2139-FQHLM,Corona,Male,No,No,No,19,Month-to-month,Mailed check,89.95,1682.4,No,35,,0,88.54736842105264,2,0,54.475,1709.05,0
8261-GWDBQ,Corona,Female,Yes,Yes,No,60,Two year,Bank transfer (automatic),116.05,6925.9,No,77,,0,115.43166666666666,0,0,88.025,6963,1
1093-YSWCA,Corona,Male,No,No,No,11,Two year,Credit card (automatic),19.55,223.15,No,50,,0,20.286363636363635,0,0,15.275,215.05,0
3882-IYOIJ,Yorba Linda,Female,No,Yes,Yes,60,Two year,Credit card (automatic),115.25,6758.45,No,36,,0,112.64083333333333,0,0,87.625,6915,1
8749-TZYEC,Yorba Linda,Male,No,Yes,No,72,Two year,Credit card (automatic),24.8,1874.3,No,71,,0,26.031944444444445,0,0,48.4,1785.6000000000001,0
1755-FZQEC,Ventura,Male,No,No,No,39,One year,Mailed check,19.9,791.15,No,69,,0,20.285897435897436,1,0,29.45,776.0999999999999,0
3115-JPJDD,Ventura,Female,No,Yes,No,59,One year,Credit card (automatic),81.25,4639.45,No,58,,0,78.63474576271186,1,0,70.125,4793.75,1
5600-KTXFM,Ventura,Male,No,Yes,Yes,2,Month-to-month,Mailed check,69.95,143.9,No,46,,0,71.95,2,0,35.975,139.9,0
6339-TBELP,Fillmore,Male,No,No,No,71,Two year,Credit card (automatic),86.4,6172,No,30,,0,86.92957746478874,0,0,78.7,6134.400000000001,1
7964-YESJC,Moorpark,Female,No,Yes,No,24,Month-to-month,Mailed check,66.3,1559.45,No,45,,0,64.97708333333334,2,0,45.15,1591.1999999999998,0
6173-GOLSU,Oak View,Male,Yes,Yes,No,67,Month-to-month,Credit card (automatic),94.65,6079,No,47,,0,90.73134328358209,2,0,80.825,6341.55,1
9938-ZREHM,Oxnard,Female,No,Yes,No,37,One year,Mailed check,72.1,2658.4,No,50,,0,71.84864864864865,1,0,54.55,2667.7,1
5016-LIPDW,Stanford,Male,No,Yes,Yes,57,One year,Mailed check,19.4,1061.6,No,53,,0,18.62456140350877,1,0,38.2,1105.8,0
7950-XWOVN,Oxnard,Male,No,No,No,11,Month-to-month,Mailed check,34.7,383.55,No,73,,0,34.86818181818182,2,0,22.85,381.70000000000005,0
4647-MUZON,Port Hueneme,Female,No,Yes,No,18,Month-to-month,Credit card (automatic),95.95,1745.5,No,20,,0,96.97222222222223,2,0,56.975,1727.1000000000001,0
9702-AIUJO,Santa Paula,Male,No,Yes,Yes,50,One year,Bank transfer (automatic),44.8,2230.85,No,44,,0,44.617,1,0,47.4,2240,1
8849-PRIQJ,Simi Valley,Female,No,Yes,Yes,67,One year,Electronic check,109.4,7281.6,No,49,,0,108.68059701492538,1,1,88.2,7329.8,1
8851-RAGOV,Simi Valley,Female,No,Yes,No,25,Month-to-month,Mailed check,71.05,1837.7,No,63,,0,73.508,2,0,48.025,1776.25,0
5396-IZEPB,Summerland,Male,No,No,No,9,Month-to-month,Credit card (automatic),19.7,180.7,No,66,,0,20.077777777777776,2,0,14.35,177.29999999999998,0
1729-VLAZJ,Santa Barbara,Female,No,No,Yes,10,One year,Mailed check,40.25,411.45,No,38,,0,41.144999999999996,1,0,25.125,402.5,0
8285-ABVLB,Santa Barbara,Female,No,Yes,No,70,Two year,Credit card (automatic),19.85,1328.35,No,79,,0,18.97642857142857,0,0,44.925,1389.5,0
0701-TJSEF,Santa Barbara,Male,No,No,No,9,Month-to-month,Bank transfer (automatic),68.25,576.95,No,40,,0,64.10555555555555,2,0,38.625,614.25,0
5712-VBOXD,Santa Barbara,Female,No,No,No,4,Month-to-month,Credit card (automatic),20.15,68.45,No,74,,0,17.1125,2,0,12.075,80.6,0
6629-LADHQ,Santa Barbara,Female,No,No,No,2,Month-to-month,Mailed check,50.95,123.05,No,37,,0,61.525,2,0,26.475,101.9,0
1559-DTODC,Santa Barbara,Male,No,No,No,19,Month-to-month,Bank transfer (automatic),25.15,468.35,No,54,,0,24.650000000000002,2,0,22.075,477.84999999999997,0
4797-MIWUM,Goleta,Male,No,Yes,Yes,7,Month-to-month,Bank transfer (automatic),20.25,174.7,No,42,,0,24.957142857142856,2,0,13.625,141.75,0
8720-RQSBJ,Armona,Male,Yes,No,No,1,Month-to-month,Electronic check,44,44,No,46,,0,44,2,1,22.5,44,0
9512-UIBFX,West Covina,Male,No,Yes,No,18,Month-to-month,Mailed check,95.15,1779.95,Yes,68,Don't know,1,98.88611111111112,2,0,56.575,1712.7,0
4537-CIBHB,Arvin,Female,No,Yes,Yes,9,One year,Mailed check,20.25,172.35,No,48,,0,19.15,1,0,14.625,182.25,0
4324-AHJKS,Buttonwillow,Female,No,No,No,5,Month-to-month,Credit card (automatic),55.8,300.4,No,23,,0,60.08,2,0,30.4,279,0
4355-CVPVS,California Hot Springs,Female,No,Yes,Yes,56,One year,Bank transfer (automatic),88.9,4968,No,72,,0,88.71428571428571,1,0,72.45,4978.400000000001,1
4495-LHSSK,Camp Nelson,Female,No,No,Yes,18,Month-to-month,Mailed check,57.65,992.7,No,79,,0,55.150000000000006,2,0,37.825,1037.7,0
5915-ANOEI,Corcoran,Male,No,Yes,No,70,Two year,Mailed check,79.15,5536.5,No,49,,0,79.09285714285714,0,0,74.575,5540.5,1
9861-PDSZP,Delano,Female,No,No,No,72,Two year,Credit card (automatic),108.05,7806.6,No,28,,0,108.42500000000001,0,0,90.025,7779.599999999999,1
7225-CBZPL,Earlimart,Male,Yes,Yes,No,17,Month-to-month,Electronic check,94.8,1563.9,No,49,,0,91.99411764705883,2,1,55.9,1611.6,0
6704-UTUKK,Exeter,Male,No,Yes,No,29,Month-to-month,Electronic check,45.9,1332.4,No,37,,0,45.9448275862069,2,1,37.45,1331.1,0
2019-HDCZY,Farmersville,Male,No,Yes,No,63,Two year,Electronic check,102.6,6296.75,No,29,,0,99.9484126984127,0,1,82.8,6463.799999999999,1
8788-DOXSU,Frazier Park,Male,No,No,No,59,One year,Bank transfer (automatic),61.35,3645.5,No,27,,0,61.78813559322034,1,0,60.175,3619.65,1
7404-JLKQG,Glennville,Female,No,No,No,3,Month-to-month,Electronic check,57.55,161.45,No,47,,0,53.81666666666666,2,1,30.275,172.64999999999998,0
7421-ZLUPA,Hanford,Female,No,No,No,8,Month-to-month,Mailed check,29.25,226.95,No,29,,0,28.36875,2,0,18.625,234,0
3274-NSDWE,Ivanhoe,Female,No,No,No,68,Two year,Credit card (automatic),19.6,1441.65,No,68,,0,21.20073529411765,0,0,43.8,1332.8000000000002,0
2632-IVXVF,Kernville,Female,No,Yes,Yes,68,Two year,Credit card (automatic),111.75,7511.3,No,77,,0,110.46029411764707,0,0,89.875,7599,1
3692-JHONH,Kettleman City,Female,Yes,Yes,No,52,One year,Electronic check,106.5,5621.85,No,57,,0,108.11250000000001,1,1,79.25,5538,1
8915-NNTRC,Lake Isabella,Male,No,Yes,Yes,72,Two year,Credit card (automatic),107.7,7919.8,No,55,,0,109.99722222222222,0,0,89.85,7754.400000000001,1
5914-GXMDA,Lamont,Female,No,Yes,No,32,One year,Mailed check,19.3,593.2,No,66,,0,18.5375,1,0,25.65,617.6,0
7463-IFMQU,Laton,Female,No,Yes,No,72,Two year,Bank transfer (automatic),20.05,1423.65,No,76,,0,19.772916666666667,0,0,46.025,1443.6000000000001,0
2920-RNCEZ,Lebec,Male,No,Yes,Yes,1,Month-to-month,Credit card (automatic),69.95,69.95,No,62,,0,69.95,2,0,35.475,69.95,0
2541-YGPKE,Lemon Cove,Male,No,Yes,Yes,42,One year,Credit card (automatic),63.7,2763.35,No,55,,0,65.79404761904762,1,0,52.85,2675.4,1
5382-TEMLV,Lindsay,Male,No,No,No,45,Month-to-month,Bank transfer (automatic),50.9,2298.55,No,71,,0,51.07888888888889,2,0,47.95,2290.5,1
3441-CGZJH,Lost Hills,Female,No,Yes,Yes,43,One year,Credit card (automatic),60.4,2640.55,No,61,,0,61.40813953488372,1,0,51.7,2597.2,1
9592-ERDKV,Mc Farland,Male,No,Yes,No,37,One year,Mailed check,79.25,2911.8,No,74,,0,78.6972972972973,1,0,58.125,2932.25,1
4778-IZARL,New Cuyama,Male,No,Yes,No,63,Two year,Credit card (automatic),110.1,6705.7,No,26,,0,106.43968253968254,0,0,86.55,6936.299999999999,1
0432-CAJZV,Onyx,Male,No,No,No,3,Month-to-month,Mailed check,90.7,237.65,No,69,,0,79.21666666666667,2,0,46.85,272.1,0
7008-LZVOZ,Pixley,Male,No,Yes,Yes,66,Two year,Credit card (automatic),25.3,1672.35,No,46,,0,25.33863636363636,0,0,45.65,1669.8,0
1200-TUZHR,Posey,Female,Yes,No,No,8,Month-to-month,Electronic check,85.2,695.75,No,53,,0,86.96875,2,1,46.6,681.6,0
9365-CSLBQ,Richgrove,Male,No,No,Yes,71,Two year,Mailed check,24.35,1654.6,No,60,,0,23.304225352112674,0,0,47.675,1728.8500000000001,0
5884-FBCTL,Shafter,Female,No,Yes,Yes,72,Two year,Bank transfer (automatic),25.1,1857.85,No,67,,0,25.803472222222222,0,0,48.55,1807.2,0
7130-CTCUS,Springville,Male,Yes,Yes,No,16,Month-to-month,Bank transfer (automatic),54.55,825.1,No,34,,0,51.56875,2,0,35.275,872.8,0
6242-FEGFD,Stratford,Male,No,Yes,No,66,Two year,Mailed check,96.6,6424.25,No,69,,0,97.33712121212122,0,0,81.3,6375.599999999999,1
6194-HBGQN,Taft,Male,No,No,No,51,One year,Credit card (automatic),81.15,4126.2,No,56,,0,80.90588235294118,1,0,66.075,4138.650000000001,1
7634-WSWDB,Terra Bella,Female,No,No,Yes,8,Month-to-month,Electronic check,38.5,330.8,No,22,,0,41.35,2,1,23.25,308,0
6986-IXNDM,Three Rivers,Male,No,No,No,14,Month-to-month,Electronic check,92.9,1337.45,No,38,,0,95.53214285714286,2,1,53.45,1300.6000000000001,0
2987-BJXIK,Tulare,Female,No,No,No,70,Two year,Mailed check,84.7,5991.05,No,45,,0,85.58642857142857,0,0,77.35,5929,1
9769-TSBZE,Tupman,Female,No,No,Yes,70,Two year,Electronic check,66,4891.5,No,72,,0,69.87857142857143,0,1,68,4620,1
1395-WSWXR,Weldon,Male,No,No,No,24,Two year,Mailed check,20.75,487.05,No,43,,0,20.29375,0,0,22.375,498,0
6023-GSSXW,Wofford Heights,Female,No,Yes,No,69,Two year,Credit card (automatic),61.45,4131.2,No,51,,0,59.87246376811594,0,0,65.225,4240.05,1
6752-APNJL,Woodlake,Male,No,Yes,Yes,42,Month-to-month,Mailed check,54.5,2301.15,No,57,,0,54.78928571428572,2,0,48.25,2289,1
0420-HLGXF,Visalia,Female,Yes,No,No,39,Month-to-month,Electronic check,99.75,4036,No,58,,0,103.48717948717949,2,1,69.375,3890.25,1
5583-SXDAG,Alhambra,Male,No,Yes,No,1,Month-to-month,Electronic check,70,70,Yes,97,Don't know,1,70,2,1,35.5,70,0
7446-KQISO,Visalia,Male,No,Yes,Yes,45,Two year,Bank transfer (automatic),109.75,4900.65,No,38,,0,108.90333333333332,0,0,77.375,4938.75,1
9823-EALYC,Bakersfield,Male,No,Yes,Yes,72,Two year,Bank transfer (automatic),80.85,5727.45,No,51,,0,79.54791666666667,0,0,76.425,5821.2,1
0582-AVCLN,Bakersfield,Female,No,No,No,38,Two year,Mailed check,20.3,743.05,No,59,,0,19.553947368421053,0,0,29.15,771.4,0
5803-NQJZO,Bakersfield,Male,No,Yes,No,72,Two year,Bank transfer (automatic),67.8,4804.65,No,74,,0,66.73124999999999,0,0,69.9,4881.599999999999,1
2607-DHDAK,Bakersfield,Male,No,Yes,Yes,72,Two year,Credit card (automatic),19.8,1414.65,No,29,,0,19.647916666666667,0,0,45.9,1425.6000000000001,0
1073-XXCZD,Bakersfield,Male,No,Yes,No,55,Two year,Bank transfer (automatic),25.7,1443.65,No,79,,0,26.24818181818182,0,0,40.35,1413.5,0
0743-HRVFF,Bakersfield,Female,No,Yes,Yes,51,One year,Electronic check,56.15,2898.95,No,48,,0,56.84215686274509,1,1,53.575,2863.65,1
4006-HKYHO,Bakersfield,Male,No,No,No,63,Two year,Bank transfer (automatic),86.7,5309.5,No,74,,0,84.27777777777777,0,0,74.85,5462.1,1
3727-JEZTU,Bakersfield,Female,No,No,No,1,Month-to-month,Mailed check,20.4,20.4,No,21,,0,20.4,2,0,10.7,20.4,0
8143-ETQTI,Bakersfield,Female,No,Yes,Yes,23,Two year,Mailed check,19.65,451.55,No,78,,0,19.632608695652173,0,0,21.325,451.95,0
9667-TKTVZ,Los Osos,Female,No,No,No,2,Month-to-month,Mailed check,54.35,117.05,No,71,,0,58.525,2,0,28.175,108.7,0
3657-COGMW,San Luis Obispo,Female,Yes,No,No,52,Month-to-month,Credit card (automatic),108.1,5839.3,No,69,,0,112.29423076923078,2,0,80.05,5621.2,1
8570-KLJYJ,Arroyo Grande,Female,No,No,No,36,One year,Mailed check,54.45,1893.5,No,56,,0,52.59722222222222,1,0,45.225,1960.2,0
7754-IXRMC,Atascadero,Female,No,No,No,1,Month-to-month,Mailed check,45.35,45.35,No,23,,0,45.35,2,0,23.175,45.35,0
9473-CBZOP,Avila Beach,Female,No,No,No,28,One year,Mailed check,59,1654.45,No,67,,0,59.0875,1,0,43.5,1652,0
2969-WGHQO,Bradley,Female,No,Yes,Yes,7,One year,Electronic check,69.45,477.05,No,54,,0,68.15,1,1,38.225,486.15000000000003,0
4334-HOWRP,Cambria,Male,Yes,Yes,No,72,Two year,Credit card (automatic),64.95,4546,No,78,,0,63.138888888888886,0,0,68.475,4676.400000000001,1
5863-OOKCL,Cayucos,Female,No,No,No,10,Month-to-month,Mailed check,18.85,163.2,No,62,,0,16.32,2,0,14.425,188.5,0
1686-STUHN,Creston,Male,No,No,No,42,One year,Bank transfer (automatic),19.8,849.9,No,39,,0,20.235714285714284,1,0,30.9,831.6,0
1329-VHWNP,Grover Beach,Female,No,No,No,7,Month-to-month,Bank transfer (automatic),25.05,189.95,No,63,,0,27.135714285714283,2,0,16.025,175.35,0
0266-GMEAO,Lompoc,Male,No,Yes,Yes,72,Two year,Credit card (automatic),114.3,8058.55,No,70,,0,111.92430555555556,0,0,93.15,8229.6,1
5574-NXZIU,Los Alamos,Male,No,No,No,63,Two year,Credit card (automatic),109.2,7049.75,No,33,,0,111.90079365079364,0,0,86.1,6879.6,1
0019-GFNTW,Los Olivos,Female,No,No,No,56,Two year,Bank transfer (automatic),45.05,2560.1,No,37,,0,45.716071428571425,0,0,50.525,2522.7999999999997,1
4256-ZWTZI,Morro Bay,Female,No,No,Yes,5,Month-to-month,Mailed check,51,286.8,No,52,,0,57.36,2,0,28,255,0
8309-PPCED,Nipomo,Female,No,Yes,No,72,Two year,Bank transfer (automatic),110.45,7982.5,No,55,,0,110.86805555555556,0,0,91.225,7952.400000000001,1
4098-NAUKP,Oceano,Male,Yes,Yes,Yes,68,Month-to-month,Electronic check,84.65,5683.6,No,72,,0,83.58235294117648,2,1,76.325,5756.200000000001,1
5196-WPYOW,Paso Robles,Male,No,Yes,Yes,67,One year,Mailed check,60.05,3994.05,No,21,,0,59.61268656716418,1,0,63.525,4023.35,1
4608-LCIMN,Pismo Beach,Male,No,Yes,Yes,8,Month-to-month,Bank transfer (automatic),44.65,369.15,No,63,,0,46.14375,2,0,26.325,357.2,0
1485-YDHMM,San Ardo,Male,No,Yes,Yes,52,Month-to-month,Bank transfer (automatic),93.25,4631.7,No,56,,0,89.07115384615385,2,0,72.625,4849,1
4054-CUMIA,San Miguel,Female,No,Yes,Yes,18,Month-to-month,Mailed check,20.25,401.95,No,40,,0,22.330555555555556,2,0,19.125,364.5,0
0603-TPMIB,San Simeon,Female,No,Yes,Yes,59,Two year,Mailed check,25.45,1534.05,No,30,,0,26.000847457627117,0,0,42.225,1501.55,0
2525-GVKQU,Santa Margarita,Female,No,No,No,60,Two year,Mailed check,20.6,1093,No,35,,0,18.216666666666665,0,0,40.3,1236,0
8161-QYMTT,Santa Maria,Male,No,No,No,7,Month-to-month,Electronic check,94.1,701.3,No,22,,0,100.18571428571428,2,1,50.55,658.6999999999999,0
9581-GVBXT,Santa Maria,Male,No,Yes,Yes,59,One year,Mailed check,34.8,1980.3,No,23,,0,33.56440677966101,1,0,46.9,2053.2,1
5862-BRIXZ,Santa Maria,Male,No,No,No,46,Two year,Bank transfer (automatic),60.75,2893.4,No,36,,0,62.9,0,0,53.375,2794.5,1
5404-GGUKR,Santa Ynez,Male,No,No,No,5,Month-to-month,Electronic check,51.35,262.3,No,28,,0,52.46,2,1,28.175,256.75,0
3308-JSGML,Shandon,Male,Yes,Yes,No,59,Two year,Credit card (automatic),64.05,3886.85,No,49,,0,65.87881355932203,0,0,61.525,3778.95,1
2126-GSEGL,Solvang,Female,No,Yes,No,70,Two year,Bank transfer (automatic),84.8,5917.55,No,32,,0,84.53642857142857,0,0,77.4,5936,1
0440-QEXBZ,Mojave,Female,No,No,No,44,Month-to-month,Mailed check,50.15,2139.1,No,42,,0,48.61590909090909,2,0,47.075,2206.6,1
2434-EEVDB,California City,Female,No,Yes,No,64,Two year,Credit card (automatic),94.6,5948.7,No,26,,0,92.9484375,0,0,79.3,6054.4,1
6762-QVYJO,Acton,Female,No,Yes,Yes,58,Two year,Mailed check,59.75,3624.35,No,21,,0,62.48879310344827,0,0,58.875,3465.5,1
6199-IWKGC,Benton,Female,Yes,Yes,No,46,One year,Electronic check,100.25,4753.85,No,59,,0,103.3445652173913,1,1,73.125,4611.5,1
2675-DHUTR,Big Pine,Male,Yes,Yes,No,58,Month-to-month,Electronic check,98.9,5780.7,No,21,,0,99.66724137931034,2,1,78.45,5736.200000000001,1
8152-VETUR,Bishop,Female,No,Yes,No,72,Two year,Credit card (automatic),97.7,6869.7,No,75,,0,95.4125,0,0,84.85,7034.400000000001,1
7446-YPODE,Bridgeport,Male,Yes,No,No,11,Month-to-month,Bank transfer (automatic),60.25,662.95,No,23,,0,60.26818181818182,2,0,35.625,662.75,0
9522-BNTHX,Caliente,Female,Yes,No,No,34,Month-to-month,Electronic check,56.25,1765.95,No,32,,0,51.93970588235294,2,1,45.125,1912.5,0
4676-WLUHT,Darwin,Male,No,No,No,54,Two year,Bank transfer (automatic),46.2,2431.95,No,26,,0,45.036111111111104,0,0,50.1,2494.8,1
7980-MHFLQ,Independence,Female,No,Yes,Yes,72,Two year,Mailed check,24.9,1859.2,No,67,,0,25.822222222222223,0,0,48.45,1792.8,0
0757-WCUUZ,June Lake,Male,No,Yes,Yes,54,Two year,Credit card (automatic),63.35,3409.1,No,72,,0,63.13148148148148,0,0,58.675,3420.9,1
1629-DQQVB,Keeler,Female,No,No,No,14,Month-to-month,Bank transfer (automatic),50.1,709.5,No,25,,0,50.67857142857143,2,0,32.05,701.4,0
0374-AACSZ,Lancaster,Female,No,No,No,1,Month-to-month,Electronic check,50.15,50.15,No,30,,0,50.15,2,1,25.575,50.15,0
4872-VXRIL,Lancaster,Male,No,No,No,56,One year,Bank transfer (automatic),64.65,3665.55,No,70,,0,65.45625,1,0,60.325,3620.4000000000005,1
9140-CZQZZ,Lee Vining,Female,No,Yes,No,68,Two year,Bank transfer (automatic),79.6,5515.8,No,39,,0,81.11470588235295,0,0,73.8,5412.799999999999,1
3423-HHXAO,Littlerock,Female,No,Yes,Yes,14,One year,Mailed check,19.5,272,No,72,,0,19.428571428571427,1,0,16.75,273,0
9938-TKDGL,Llano,Male,No,Yes,Yes,68,Two year,Electronic check,99.55,6668,No,20,,0,98.05882352941177,0,1,83.775,6769.4,1
0531-ZZJWQ,Lone Pine,Male,Yes,Yes,No,55,Month-to-month,Electronic check,74,4052.4,No,54,,0,73.68,2,1,64.5,4070,1
6537-QLGEX,Mammoth Lakes,Female,No,No,No,16,Month-to-month,Electronic check,38.9,664.4,No,39,,0,41.525,2,1,27.45,622.4,0
2688-BHGOG,Olancha,Male,Yes,No,No,9,Month-to-month,Electronic check,79.55,718.55,No,76,,0,79.83888888888889,2,1,44.275,715.9499999999999,0
3160-TYXLT,Palmdale,Male,No,No,No,53,Month-to-month,Bank transfer (automatic),46.3,2546.85,No,63,,0,48.053773584905656,2,0,49.65,2453.8999999999996,1
1325-USMEC,Pearblossom,Male,No,Yes,No,70,Two year,Credit card (automatic),99.35,6944.5,No,53,,0,99.20714285714286,0,0,84.675,6954.5,1
0916-QOFDP,Randsburg,Female,Yes,Yes,Yes,14,Month-to-month,Electronic check,95.8,1346.3,No,29,,0,96.16428571428571,2,1,54.9,1341.2,0
5606-AMZBO,Rosamond,Female,No,Yes,No,10,Month-to-month,Credit card (automatic),78.15,765.15,No,26,,0,76.515,2,0,44.075,781.5,0
6199-IPCAO,Tehachapi,Female,No,Yes,Yes,29,Two year,Mailed check,26.1,692.55,No,70,,0,23.88103448275862,0,0,27.55,756.9000000000001,0
5640-CAXOA,Auberry,Female,No,No,No,30,One year,Credit card (automatic),40.35,1187.05,No,25,,0,39.568333333333335,1,0,35.175,1210.5,0
2235-EZAIK,Badger,Female,No,Yes,No,72,Two year,Credit card (automatic),79.2,5401.9,No,79,,0,75.02638888888889,0,0,75.6,5702.400000000001,1
3847-BAERP,Bass Lake,Female,No,No,No,10,Month-to-month,Mailed check,20.9,247,No,29,,0,24.7,2,0,15.45,209,0
1453-RZFON,Cantua Creek,Female,No,No,Yes,1,Month-to-month,Mailed check,49.9,49.9,No,54,,0,49.9,2,0,25.45,49.9,0
8263-OKETD,Caruthers,Female,No,No,No,20,Month-to-month,Credit card (automatic),68.9,1370.35,No,29,,0,68.5175,2,0,44.45,1378,0
0670-KDOMA,Chowchilla,Female,No,No,No,1,Month-to-month,Mailed check,20.25,20.25,No,69,,0,20.25,2,0,10.625,20.25,0
2476-YGEFM,Clovis,Female,No,No,No,29,Month-to-month,Credit card (automatic),76,2215.25,No,46,,0,76.38793103448276,2,0,52.5,2204,1
8687-BAFGU,Clovis,Male,No,No,No,1,Month-to-month,Electronic check,74,74,No,34,,0,74,2,1,37.5,74,0
0641-EVBOJ,Coarsegold,Male,No,No,No,3,Month-to-month,Mailed check,82.3,214.4,No,56,,0,71.46666666666667,2,0,42.65,246.89999999999998,0
0829-XXPLX,Cutler,Female,No,No,No,20,Month-to-month,Bank transfer (automatic),89.4,1871.15,No,68,,0,93.5575,2,0,54.7,1788,0
9974-JFBHQ,Del Rey,Male,No,No,Yes,64,Month-to-month,Credit card (automatic),99.15,6171.2,No,52,,0,96.425,2,0,81.575,6345.6,1
6624-JDRDS,Dos Palos,Female,No,No,No,6,Month-to-month,Bank transfer (automatic),29.45,161.45,No,42,,0,26.90833333333333,2,0,17.725,176.7,0
0608-JDVEC,Dunlap,Male,No,Yes,No,50,Two year,Electronic check,19.8,1013.2,No,61,,0,20.264,0,1,34.9,990,0
9780-FKVVF,Firebaugh,Male,No,No,No,6,Month-to-month,Bank transfer (automatic),59.15,336.7,No,72,,0,56.11666666666667,2,0,32.575,354.9,0
1919-RTPQD,Fish Camp,Male,No,Yes,Yes,7,Month-to-month,Electronic check,44.75,333.65,No,67,,0,47.66428571428571,2,1,25.875,313.25,0
5214-NLTIT,Five Points,Male,No,Yes,Yes,72,Two year,Credit card (automatic),90.8,6511.8,No,30,,0,90.44166666666666,0,0,81.4,6537.599999999999,1
3345-PBBFH,Fowler,Male,No,Yes,No,8,Month-to-month,Bank transfer (automatic),49.55,393.45,No,25,,0,49.18125,2,0,28.775,396.4,0
5055-BRMNE,Friant,Female,No,Yes,Yes,67,Two year,Credit card (automatic),106.7,7009.5,No,43,,0,104.61940298507463,0,0,86.85,7148.900000000001,1
2190-PHBHR,Hume,Female,No,Yes,No,72,Two year,Credit card (automatic),94.45,6921.7,No,43,,0,96.13472222222222,0,0,83.225,6800.400000000001,1
2650-GYRYL,Kerman,Male,No,Yes,Yes,33,One year,Bank transfer (automatic),19.45,600.25,No,66,,0,18.189393939393938,1,0,26.225,641.85,0
5208-FVQKB,Lakeshore,Male,No,Yes,No,70,Two year,Mailed check,67.95,4664.15,No,27,,0,66.63071428571428,0,0,68.975,4756.5,1
7184-LRUUR,Los Banos,Female,No,No,No,22,One year,Bank transfer (automatic),65.25,1441.8,No,52,,0,65.53636363636363,1,0,43.625,1435.5,0
6627-CFOSN,Madera,Female,No,No,No,59,Month-to-month,Bank transfer (automatic),99.45,5623.7,No,51,,0,95.31694915254236,2,0,79.225,5867.55,1
3982-JGSFD,Madera,Male,No,No,No,36,One year,Credit card (automatic),20.35,695.85,No,33,,0,19.329166666666666,1,0,28.175,732.6,0
1574-DYCWE,Mendota,Female,No,Yes,Yes,51,Two year,Mailed check,19.95,1028.75,No,69,,0,20.17156862745098,0,0,35.475,1017.4499999999999,0
7247-XOZPB,Miramonte,Male,No,Yes,No,53,One year,Bank transfer (automatic),77.4,4155.95,No,73,,0,78.41415094339622,1,0,65.2,4102.200000000001,1
2466-FCCPT,North Fork,Female,No,Yes,Yes,20,One year,Bank transfer (automatic),19.7,395.6,No,30,,0,19.78,1,0,19.85,394,0
6211-WWLTF,Oakhurst,Male,No,Yes,No,63,Two year,Credit card (automatic),99.7,6330.4,No,39,,0,100.48253968253968,0,0,81.35,6281.1,1
4826-TZEVA,O Neals,Female,No,No,No,40,Month-to-month,Credit card (automatic),74.8,2971.7,No,52,,0,74.29249999999999,2,0,57.4,2992,1
6016-NXBNJ,Orange Cove,Male,No,No,No,35,One year,Mailed check,19.15,638,No,60,,0,18.228571428571428,1,0,27.075,670.25,0
9138-EFSMO,Orosi,Male,No,Yes,Yes,26,One year,Bank transfer (automatic),78.95,2034.25,No,40,,0,78.24038461538461,1,0,52.475,2052.7000000000003,1
4632-XJMEX,Fresno,Male,No,No,Yes,53,One year,Credit card (automatic),62.85,3419.5,No,24,,0,64.51886792452831,1,0,57.925,3331.05,1
8910-LEDAG,Prather,Male,Yes,Yes,No,34,Month-to-month,Credit card (automatic),71.55,2427.35,No,72,,0,71.39264705882353,2,0,52.775,2432.7,1
3452-GWUIN,Raisin City,Female,Yes,Yes,No,19,Month-to-month,Electronic check,94.95,1760.25,No,40,,0,92.64473684210526,2,1,56.975,1804.05,0
2716-GFZOR,Raymond,Male,No,Yes,No,43,Month-to-month,Credit card (automatic),86.1,3551.65,No,42,,0,82.59651162790698,2,0,64.55,3702.2999999999997,1
3724-UCSHY,Reedley,Male,No,Yes,Yes,6,Month-to-month,Mailed check,19.55,122.9,No,25,,0,20.483333333333334,2,0,12.775,117.30000000000001,0
8626-XHBIE,Riverdale,Male,No,No,Yes,56,Two year,Mailed check,24.8,1424.2,No,79,,0,25.432142857142857,0,0,40.4,1388.8,0
3192-LNKRK,San Joaquin,Male,No,Yes,Yes,34,Month-to-month,Mailed check,84.05,2909.95,No,67,,0,85.58676470588235,2,0,59.025,2857.7,1
4439-YRNVD,Selma,Female,No,No,No,10,Month-to-month,Electronic check,36.25,374,No,24,,0,37.4,2,1,23.125,362.5,0
2208-UGTGR,Sultana,Male,No,No,No,56,Month-to-month,Electronic check,98.6,5581.05,No,58,,0,99.66160714285715,2,1,77.3,5521.599999999999,1
3005-TYFRD,Tollhouse,Female,No,Yes,No,55,Month-to-month,Credit card (automatic),103.65,5676.65,No,46,,0,103.21181818181817,2,0,79.325,5700.75,1
8670-MEFCP,Tranquillity,Female,No,Yes,Yes,36,Two year,Credit card (automatic),92.9,3379.25,No,77,,0,93.86805555555556,0,0,64.45,3344.4,1
3079-BCHLN,Wishon,Male,No,Yes,No,47,One year,Bank transfer (automatic),19.9,942.95,No,70,,0,20.06276595744681,1,0,33.45,935.3,0
7777-UNYHB,Traver,Female,No,Yes,Yes,12,Month-to-month,Credit card (automatic),20.1,232.4,No,21,,0,19.366666666666667,2,0,16.05,241.20000000000002,0
7278-CKDNC,Fresno,Male,Yes,No,No,24,Month-to-month,Electronic check,80.5,2088.45,No,40,,0,87.01875,2,1,52.25,1932,0
8450-UYIBU,Fresno,Female,Yes,No,No,35,Month-to-month,Electronic check,39.85,1434.6,No,60,,0,40.988571428571426,2,1,37.425,1394.75,0
2969-VAPYH,Fresno,Female,No,No,No,67,One year,Credit card (automatic),60.5,3870,No,48,,0,57.76119402985075,1,0,63.75,4053.5,1
7181-OQCUT,Fresno,Male,No,No,No,21,Month-to-month,Mailed check,103.85,2215,No,77,,0,105.47619047619048,2,0,62.425,2180.85,1
8474-UMLNT,Fresno,Female,No,No,No,13,Month-to-month,Bank transfer (automatic),67.8,842.25,No,30,,0,64.78846153846153,2,0,40.4,881.4,0
3836-FZSDJ,Fresno,Male,Yes,Yes,No,71,Two year,Bank transfer (automatic),24.85,1901,No,53,,0,26.774647887323944,0,0,47.925,1764.3500000000001,0
9142-XMYJH,Fresno,Female,No,No,No,29,Month-to-month,Credit card (automatic),19.35,601.6,No,49,,0,20.7448275862069,2,0,24.175,561.1500000000001,0
0187-QSXOE,Fresno,Male,Yes,Yes,No,7,Month-to-month,Electronic check,89,605.45,No,36,,0,86.49285714285715,2,1,48,623,0
7733-UDMTP,Fresno,Female,Yes,No,No,57,Month-to-month,Electronic check,55,3094.05,No,76,,0,54.28157894736842,2,1,56,3135,1
2649-HWLYB,Fresno,Male,No,Yes,No,65,Two year,Bank transfer (automatic),76.15,4929.55,No,46,,0,75.83923076923077,0,0,70.575,4949.75,1
5214-CHIWJ,Fresno,Male,No,No,No,27,One year,Mailed check,20.3,595.05,No,71,,0,22.038888888888888,1,0,23.65,548.1,0
6904-JLBGY,Salinas,Female,Yes,No,No,72,Two year,Credit card (automatic),117.35,8436.25,No,71,,0,117.17013888888889,0,0,94.675,8449.199999999999,1
2465-BLLEU,Salinas,Male,No,No,No,1,Month-to-month,Mailed check,19.75,19.75,No,33,,0,19.75,2,0,10.375,19.75,0
1685-VAYJF,Salinas,Male,No,No,No,11,Month-to-month,Credit card (automatic),45.2,492,No,39,,0,44.72727272727273,2,0,28.1,497.20000000000005,0
8874-EJNSR,Salinas,Male,No,Yes,Yes,39,Two year,Mailed check,25.2,987.95,No,65,,0,25.33205128205128,0,0,32.1,982.8,0
6917-YACBP,Big Sur,Female,Yes,No,No,59,Month-to-month,Electronic check,89.75,5496.9,No,70,,0,93.16779661016949,2,1,74.375,5295.25,1
5049-MUBWG,Carmel By The Sea,Male,No,No,No,26,One year,Bank transfer (automatic),75,1908.35,No,79,,0,73.39807692307691,1,0,50.5,1950,0
4223-WOZCM,Carmel,Male,Yes,No,No,2,Month-to-month,Mailed check,49.95,107.1,No,78,,0,53.55,2,0,25.975,99.9,0
0769-MURVM,Carmel Valley,Female,No,Yes,Yes,72,Two year,Bank transfer (automatic),65.7,4575.35,No,52,,0,63.54652777777778,0,0,68.85,4730.400000000001,1
9253-VIFJQ,Chualar,Male,No,Yes,No,65,One year,Credit card (automatic),67.05,4309.55,No,52,,0,66.30076923076923,1,0,66.025,4358.25,1
7030-FZTFM,Gonzales,Male,No,Yes,Yes,72,Two year,Credit card (automatic),110.9,7922.75,No,27,,0,110.03819444444444,0,0,91.45,7984.8,1
9741-YLNTD,Greenfield,Male,No,No,No,6,Month-to-month,Bank transfer (automatic),87.95,522.35,No,47,,0,87.05833333333334,2,0,46.975,527.7,0
5917-RYRMG,Jolon,Male,Yes,No,No,32,One year,Credit card (automatic),19.8,587.7,No,78,,0,18.365625,1,0,25.9,633.6,0
5120-ZBLAI,King City,Female,No,Yes,No,50,One year,Bank transfer (automatic),75.7,3876.2,No,75,,0,77.524,1,0,62.85,3785,1
1194-BHJYC,Lockwood,Male,No,Yes,No,61,Two year,Mailed check,62.15,3778.85,No,59,,0,61.9483606557377,0,0,61.575,3791.15,1
0906-QVPMS,Monterey,Male,No,Yes,No,72,Two year,Bank transfer (automatic),115.15,8349.45,No,26,,0,115.96458333333334,0,0,93.575,8290.800000000001,1
1905-OEILC,Pebble Beach,Female,No,No,No,1,Month-to-month,Mailed check,19.5,19.5,No,33,,0,19.5,2,0,10.25,19.5,0
7858-GTZSP,San Lucas,Female,No,No,No,12,Month-to-month,Electronic check,86.55,1066.9,No,71,,0,88.90833333333335,2,1,49.275,1038.6,0
6248-BSHKG,Soledad,Male,No,Yes,Yes,61,One year,Mailed check,20.4,1226.45,No,77,,0,20.105737704918035,1,0,40.7,1244.3999999999999,0
4685-TFLLS,Spreckels,Male,No,Yes,Yes,18,One year,Bank transfer (automatic),19.8,342.3,No,74,,0,19.016666666666666,1,0,18.9,356.40000000000003,0
3470-BTGQO,Belmont,Male,No,No,Yes,21,Month-to-month,Mailed check,45.65,985.05,No,39,,0,46.90714285714286,2,0,33.325,958.65,0
1209-VFFOC,Brisbane,Male,No,Yes,Yes,68,Two year,Mailed check,56.4,3948.45,No,59,,0,58.065441176470586,0,0,62.2,3835.2,1
8224-DWCKX,Burlingame,Male,Yes,No,No,12,Month-to-month,Credit card (automatic),73.3,828.05,No,38,,0,69.00416666666666,2,0,42.65,879.5999999999999,0
4553-DVPZG,Daly City,Female,No,Yes,No,62,Month-to-month,Electronic check,101.35,6164.7,No,77,,0,99.43064516129031,2,1,81.675,6283.7,1
6917-IAYHD,La Honda,Male,No,No,Yes,1,Month-to-month,Mailed check,33.6,33.6,No,27,,0,33.6,2,0,17.3,33.6,0
8620-RJPZN,Los Altos,Female,No,No,No,1,Month-to-month,Electronic check,20.7,20.7,No,68,,0,20.7,2,1,10.85,20.7,0
7572-KPVKK,Los Altos,Male,No,No,Yes,62,Two year,Electronic check,104.05,6590.5,No,33,,0,106.29838709677419,0,1,83.025,6451.099999999999,1
2642-MAWLJ,Menlo Park,Female,No,Yes,Yes,36,Two year,Bank transfer (automatic),20.25,717.95,No,57,,0,19.943055555555556,0,0,28.125,729,0
7103-ZGVNT,Portola Valley,Female,No,Yes,Yes,69,One year,Credit card (automatic),73.7,4885.85,No,78,,0,70.80942028985508,1,0,71.35,5085.3,1
2027-WKXMW,Montara,Female,No,Yes,No,63,Month-to-month,Electronic check,108.75,6871.7,No,20,,0,109.07460317460317,2,1,85.875,6851.25,1
7137-NAXML,Moss Beach,Male,No,No,No,23,One year,Bank transfer (automatic),20.15,405.6,No,63,,0,17.63478260869565,1,0,21.575,463.45,0
2428-ZMCTB,Mountain View,Male,No,No,No,10,Month-to-month,Credit card (automatic),19.75,208.25,No,62,,0,20.825,2,0,14.875,197.5,0
2961-VNFKL,Mountain View,Female,No,Yes,No,71,Two year,Credit card (automatic),25.95,1801.9,No,23,,0,25.378873239436622,0,0,48.475,1842.45,0
1768-HNVGJ,Mountain View,Female,Yes,No,No,45,Month-to-month,Electronic check,70.05,3062.45,No,43,,0,68.05444444444444,2,1,57.525,3152.25,1
6963-KQYQB,Pacifica,Female,No,Yes,Yes,70,Two year,Mailed check,24.05,1764.75,No,32,,0,25.210714285714285,0,0,47.025,1683.5,0
5934-RMPOV,Pescadero,Female,No,No,Yes,22,Month-to-month,Electronic check,84.75,1816.75,No,79,,0,82.57954545454545,2,1,53.375,1864.5,0
1207-BLKSA,Redwood City,Female,No,Yes,Yes,52,Two year,Mailed check,23.05,1255.1,No,34,,0,24.13653846153846,0,0,37.525,1198.6000000000001,0
8316-BBQAY,Redwood City,Female,No,No,No,65,Two year,Credit card (automatic),59.95,3921.1,No,74,,0,60.324615384615385,0,0,62.475,3896.75,1
1166-PQLGG,Redwood City,Female,No,Yes,Yes,72,Two year,Bank transfer (automatic),19.55,1463.45,No,68,,0,20.325694444444444,0,0,45.775,1407.6000000000001,0
3146-JTQHR,San Bruno,Male,No,Yes,No,10,One year,Bank transfer (automatic),19.6,189.45,No,57,,0,18.945,1,0,14.8,196,0
4291-YZODP,San Carlos,Female,No,No,Yes,7,One year,Mailed check,20.05,96.8,No,62,,0,13.828571428571427,1,0,13.525,140.35,0
4395-PZMSN,San Gregorio,Male,Yes,No,No,5,Month-to-month,Electronic check,85.55,408.5,No,48,,0,81.7,2,1,45.275,427.75,0
6427-FEFIG,South San Francisco,Female,No,Yes,Yes,24,Two year,Credit card (automatic),78.6,1846.65,No,30,,0,76.94375000000001,0,0,51.3,1886.3999999999999,0
0017-IUDMW,Sunnyvale,Female,No,Yes,Yes,72,Two year,Credit card (automatic),116.8,8456.75,No,52,,0,117.45486111111111,0,0,94.4,8409.6,1
8706-HRADD,Sunnyvale,Male,No,No,No,21,Month-to-month,Mailed check,43.55,1011.5,No,63,,0,48.166666666666664,2,0,32.275,914.55,0
9955-QOPOY,Sunnyvale,Male,No,Yes,No,69,One year,Credit card (automatic),60.8,4263.4,No,63,,0,61.78840579710145,1,0,64.9,4195.2,1
4385-ZKVNW,San Francisco,Male,No,Yes,Yes,44,Month-to-month,Bank transfer (automatic),54.9,2549.1,No,21,,0,57.934090909090905,2,0,49.45,2415.6,1
5446-DKWYW,San Francisco,Female,Yes,Yes,Yes,61,One year,Electronic check,65.2,3965.05,No,30,,0,65.00081967213114,1,1,63.1,3977.2000000000003,1
9031-ZVQPT,San Francisco,Male,No,Yes,No,72,Two year,Electronic check,108.2,7840.6,No,57,,0,108.89722222222223,0,1,90.1,7790.400000000001,1
2990-IAJSV,San Francisco,Male,No,No,No,72,Two year,Bank transfer (automatic),92,6632.75,No,68,,0,92.12152777777777,0,0,82,6624,1
8107-KNCIM,San Francisco,Male,Yes,Yes,No,14,Month-to-month,Electronic check,75.1,1013.35,No,66,,0,72.38214285714285,2,1,44.55,1051.3999999999999,0
9027-YFHQJ,San Francisco,Male,No,No,No,7,Month-to-month,Bank transfer (automatic),25.05,152.95,No,54,,0,21.849999999999998,2,0,16.025,175.35,0
5176-LDKUH,San Francisco,Female,No,No,No,48,One year,Electronic check,75.15,3772.65,No,75,,0,78.596875,1,1,61.575,3607.2000000000003,1
4644-OBGFZ,San Francisco,Male,No,Yes,Yes,55,One year,Mailed check,19.5,1026.35,No,64,,0,18.66090909090909,1,0,37.25,1072.5,0
8671-KKKOS,Newman,Female,No,Yes,No,46,Month-to-month,Electronic check,45.55,2062.15,No,27,,0,44.82934782608696,2,1,45.775,2095.2999999999997,1
7926-IJOOU,San Francisco,Male,No,No,No,1,Month-to-month,Credit card (automatic),19.3,19.3,No,47,,0,19.3,2,0,10.15,19.3,0
6480-YAGIY,San Francisco,Male,No,No,No,45,One year,Credit card (automatic),112.2,5031.85,No,74,,0,111.81888888888889,1,0,78.6,5049,1
4029-HPFVY,San Francisco,Male,No,No,No,3,Month-to-month,Mailed check,70.3,220.4,No,67,,0,73.46666666666667,2,0,36.65,210.89999999999998,0
7602-DBTOU,San Francisco,Female,No,Yes,No,71,Two year,Mailed check,19.6,1416.5,No,20,,0,19.950704225352112,0,0,45.3,1391.6000000000001,0
5345-BMKWB,San Francisco,Male,No,Yes,No,8,Month-to-month,Mailed check,20.25,158.35,No,24,,0,19.79375,2,0,14.125,162,0
5457-COLHT,San Francisco,Male,No,Yes,Yes,69,Two year,Bank transfer (automatic),80.65,5542.55,No,41,,0,80.3268115942029,0,0,74.825,5564.85,1
5451-YHYPW,San Francisco,Female,Yes,Yes,No,72,Two year,Credit card (automatic),115.75,8443.7,No,50,,0,117.27361111111112,0,0,93.875,8334,1
7998-WNZEM,San Francisco,Male,No,No,No,71,Two year,Bank transfer (automatic),80.6,5708.2,No,47,,0,80.39718309859154,0,0,75.8,5722.599999999999,1
4664-NJCMS,San Francisco,Female,No,Yes,No,33,Two year,Bank transfer (automatic),59.55,2016.3,No,68,,0,61.1,0,0,46.275,1965.1499999999999,0
0307-BCOPK,San Francisco,Female,No,No,No,16,One year,Mailed check,19.05,326.65,No,60,,0,20.415625,1,0,17.525,304.8,0
7629-WFGLW,Palo Alto,Female,Yes,Yes,No,56,One year,Electronic check,95.65,5471.75,No,20,,0,97.70982142857143,1,1,75.825,5356.400000000001,1
2542-HYGIQ,Palo Alto,Female,No,No,No,1,Month-to-month,Credit card (automatic),19.95,19.95,No,48,,0,19.95,2,0,10.475,19.95,0
6481-LXPWL,Palo Alto,Male,No,Yes,Yes,56,One year,Credit card (automatic),36.1,1971.5,No,38,,0,35.205357142857146,1,0,46.05,2021.6000000000001,1
6124-ACRHJ,San Mateo,Female,No,No,No,1,Month-to-month,Mailed check,19.75,19.75,No,32,,0,19.75,2,0,10.375,19.75,0
9362-MWODR,San Mateo,Female,No,No,Yes,40,Month-to-month,Credit card (automatic),64.1,2460.35,No,79,,0,61.50875,2,0,52.05,2564,1
9975-GPKZU,Alameda,Male,No,Yes,Yes,46,Two year,Credit card (automatic),19.75,856.5,No,56,,0,18.619565217391305,0,0,32.875,908.5,0
9625-RZFUK,Alameda,Male,No,Yes,Yes,63,Two year,Mailed check,19.7,1275.85,No,63,,0,20.2515873015873,0,0,41.35,1241.1,0
5153-LXKDT,Danville,Male,No,Yes,Yes,68,Two year,Electronic check,110.2,7467.5,No,37,,0,109.81617647058823,0,1,89.1,7493.6,1
5161-UBZXI,Alamo,Male,No,Yes,Yes,69,Two year,Credit card (automatic),106.35,7261.75,No,58,,0,105.2427536231884,0,0,87.675,7338.15,1
1020-JPQOW,Angwin,Female,No,Yes,No,56,Month-to-month,Electronic check,90.55,5116.6,No,63,,0,91.36785714285715,2,1,73.275,5070.8,1
7919-ZODZZ,Antioch,Female,No,Yes,Yes,10,One year,Mailed check,65.9,660.05,No,78,,0,66.005,1,0,37.95,659,0
0565-JUPYD,Benicia,Male,No,No,No,63,One year,Credit card (automatic),104.5,6590.8,No,43,,0,104.61587301587302,1,0,83.75,6583.5,1
6867-ACCZI,Bethel Island,Female,No,Yes,Yes,24,Two year,Mailed check,52.5,1208.15,No,47,,0,50.33958333333334,0,0,38.25,1260,0
5939-XAIXZ,Birds Landing,Female,No,No,No,19,Month-to-month,Mailed check,56.1,1033.9,No,27,,0,54.415789473684214,2,0,37.55,1065.9,0
9054-FOWNV,Brentwood,Male,No,Yes,Yes,22,Month-to-month,Electronic check,88.75,1885.15,No,48,,0,85.68863636363636,2,1,55.375,1952.5,0
8207-VVMYB,Clayton,Female,No,Yes,No,70,Two year,Bank transfer (automatic),26,2006.95,No,76,,0,28.670714285714286,0,0,48,1820,0
9732-EQMWY,Concord,Female,No,Yes,No,49,Month-to-month,Electronic check,99.4,5025,No,59,,0,102.55102040816327,2,1,74.2,4870.6,1
5269-NRGDP,Concord,Male,No,Yes,Yes,42,One year,Electronic check,73.15,3088.25,No,58,,0,73.5297619047619,1,1,57.575,3072.3,1
6195-MELTI,Pleasant Hill,Male,No,No,No,57,One year,Mailed check,54.65,3134.7,No,58,,0,54.99473684210526,1,0,55.825,3115.0499999999997,1
2121-JAFOM,Danville,Female,No,Yes,No,72,Two year,Credit card (automatic),115.55,8312.4,No,38,,0,115.44999999999999,0,0,93.775,8319.6,1
8818-DOPVL,El Cerrito,Female,Yes,No,No,46,Month-to-month,Electronic check,104.45,4863.85,No,76,,0,105.7358695652174,2,1,75.225,4804.7,1
1227-UDMZR,Fremont,Female,No,Yes,No,72,Two year,Bank transfer (automatic),91.15,6637.9,No,33,,0,92.19305555555555,0,0,81.575,6562.8,1
5198-HQAEN,Fremont,Male,No,Yes,Yes,35,One year,Electronic check,89.7,3165.6,No,44,,0,90.44571428571429,1,1,62.35,3139.5,1
2167-FQSTQ,Hayward,Female,No,Yes,No,72,Two year,Electronic check,92.4,6786.1,No,59,,0,94.2513888888889,0,1,82.2,6652.8,1
2819-GWENI,Hayward,Female,No,Yes,Yes,28,One year,Mailed check,19.9,543,No,41,,0,19.392857142857142,1,0,23.95,557.1999999999999,0
3572-UUHRS,Castro Valley,Male,No,No,No,45,One year,Bank transfer (automatic),18.85,867.3,No,78,,0,19.273333333333333,1,0,31.925,848.2500000000001,0
2692-PFYTJ,Hercules,Female,No,No,No,1,Month-to-month,Mailed check,25.75,25.75,No,67,,0,25.75,2,0,13.375,25.75,0
5955-EPOAZ,Livermore,Female,No,No,No,6,Month-to-month,Mailed check,20.95,109.5,No,77,,0,18.25,2,0,13.475,125.69999999999999,0
6821-JPCDC,Castro Valley,Female,No,Yes,No,48,One year,Electronic check,97.05,4692.95,No,66,,0,97.76979166666666,1,1,72.525,4658.4,1
8815-LMFLX,Martinez,Male,No,Yes,Yes,25,Month-to-month,Bank transfer (automatic),25.4,546.85,No,26,,0,21.874000000000002,2,0,25.2,635,0
9135-HSWOC,Fremont,Male,No,Yes,Yes,64,Two year,Bank transfer (automatic),19.7,1274.05,No,79,,0,19.90703125,0,0,41.85,1260.8,0
8582-KRHPJ,Moraga,Male,No,No,No,50,Month-to-month,Mailed check,35,1782.4,No,45,,0,35.648,2,0,42.5,1750,0
5811-IWXYM,Napa,Female,No,Yes,Yes,52,One year,Bank transfer (automatic),101.25,5301.1,No,25,,0,101.94423076923077,1,0,76.625,5265,1
7044-YAACC,Napa,Male,Yes,Yes,No,4,Month-to-month,Electronic check,70.2,280.35,No,53,,0,70.0875,2,1,37.1,280.8,0
1494-EJZDW,Nice,Female,No,Yes,Yes,10,Two year,Mailed check,20.15,220.8,No,74,,0,22.080000000000002,0,0,15.075,201.5,0
8189-XRIKE,Newark,Female,Yes,No,No,32,Month-to-month,Electronic check,90.95,2897.95,No,52,,0,90.5609375,2,1,61.475,2910.4,1
1506-YJTYT,Oakley,Male,No,Yes,Yes,45,Two year,Credit card (automatic),73.85,3371,No,76,,0,74.91111111111111,0,0,59.425,3323.2499999999995,1
4123-DVHPH,Orinda,Male,No,Yes,No,9,Month-to-month,Electronic check,88.05,801.3,No,30,,0,89.03333333333333,2,1,48.525,792.4499999999999,0
2228-BZDEE,Pleasanton,Female,No,No,No,54,Two year,Mailed check,20.1,1079.45,No,57,,0,19.989814814814817,0,0,37.05,1085.4,0
2789-CZANW,Dublin,Female,No,Yes,Yes,64,Two year,Bank transfer (automatic),110.3,6997.3,No,45,,0,109.3328125,0,0,87.15,7059.2,1
7596-LDUXP,Rodeo,Female,No,No,No,12,One year,Credit card (automatic),85.15,979.05,No,52,,0,81.58749999999999,1,0,48.575,1021.8000000000001,0
3740-RLMVT,Saint Helena,Male,Yes,Yes,No,67,One year,Bank transfer (automatic),60.95,4119.4,No,41,,0,61.483582089552236,1,0,63.975,4083.65,1
2192-OZITF,San Leandro,Female,No,No,No,45,Two year,Mailed check,73.55,3349.1,No,56,,0,74.42444444444445,0,0,59.275,3309.75,1
5651-CPDND,San Leandro,Male,No,No,No,10,Month-to-month,Mailed check,46,492.1,No,38,,0,49.21,2,0,28,460,0
2186-QZEYA,San Leandro,Female,Yes,No,No,29,Month-to-month,Bank transfer (automatic),58.55,1718.95,No,30,,0,59.27413793103448,2,0,43.775,1697.9499999999998,0
1131-ALZWV,San Lorenzo,Female,No,No,No,24,One year,Bank transfer (automatic),24.6,605.25,No,62,,0,25.21875,1,0,24.3,590.4000000000001,0
7729-XBTWX,San Ramon,Male,No,Yes,Yes,66,Two year,Mailed check,19.75,1344.5,No,58,,0,20.37121212121212,0,0,42.875,1303.5,0
9134-WYRVP,Suisun City,Male,No,No,No,51,One year,Mailed check,86.35,4267.15,No,74,,0,83.66960784313724,1,0,68.675,4403.849999999999,1
3284-SVCRO,Sunol,Female,No,Yes,No,45,Two year,Mailed check,25.5,1121.05,No,47,,0,24.912222222222223,0,0,35.25,1147.5,0
9732-OUYRN,Union City,Female,No,Yes,No,49,One year,Credit card (automatic),19,918.7,No,39,,0,18.748979591836736,1,0,34,931,0
0559-CKHUS,Pleasanton,Female,No,Yes,No,29,Two year,Mailed check,19.55,521.8,No,77,,0,17.99310344827586,0,0,24.275,566.95,0
2931-SVLTV,Vallejo,Male,No,Yes,Yes,40,Month-to-month,Credit card (automatic),110.1,4469.1,No,39,,0,111.7275,2,0,75.05,4404,1
7504-UWHNB,Vallejo,Male,No,No,No,25,Month-to-month,Electronic check,69.75,1729.35,No,26,,0,69.17399999999999,2,1,47.375,1743.75,0
2582-FFFZR,Vallejo,Female,No,No,No,22,Month-to-month,Electronic check,50.6,1073.3,No,62,,0,48.78636363636363,2,1,36.3,1113.2,0
8908-NMQTX,Walnut Creek,Male,No,No,No,72,Two year,Bank transfer (automatic),65.6,4566.5,No,75,,0,63.423611111111114,0,0,68.8,4723.2,1
1431-AIDJQ,Walnut Creek,Male,No,Yes,Yes,33,Two year,Credit card (automatic),82.1,2603.1,No,32,,0,78.88181818181818,0,0,57.55,2709.2999999999997,1
6288-LBEAR,Yountville,Female,No,No,No,23,Month-to-month,Mailed check,79.1,1783.75,No,75,,0,77.55434782608695,2,0,51.05,1819.3,0
8413-YNHNV,Oakland,Male,No,No,No,69,Two year,Mailed check,90.65,6322.1,No,55,,0,91.62463768115943,0,0,79.825,6254.85,1
5808-TOTXO,Oakland,Female,No,No,Yes,3,One year,Credit card (automatic),20.55,57.4,No,69,,0,19.133333333333333,1,0,11.775,61.650000000000006,0
4369-NYSCF,Oakland,Male,No,No,No,56,One year,Bank transfer (automatic),75.75,4284.65,No,56,,0,76.51160714285713,1,0,65.875,4242,1
6333-YDVLT,Oakland,Male,No,No,No,65,One year,Credit card (automatic),110,7138.65,No,78,,0,109.8253846153846,1,0,87.5,7150,1
5324-KTGCG,Emeryville,Male,No,Yes,No,71,One year,Electronic check,20.85,1539.75,No,67,,0,21.68661971830986,1,1,45.925,1480.3500000000001,0
5599-HVLTW,Oakland,Female,Yes,No,No,14,Month-to-month,Bank transfer (automatic),80.35,1058.1,No,39,,0,75.57857142857142,2,0,47.175,1124.8999999999999,0
7394-LWLYN,Oakland,Female,No,No,No,2,Month-to-month,Electronic check,70.15,123.8,No,75,,0,61.9,2,1,36.075,140.3,0
6873-UDNLD,Oakland,Male,No,No,No,40,Month-to-month,Electronic check,67.45,2731,No,55,,0,68.275,2,1,53.725,2698,1
2700-LUEVA,Oakland,Male,No,No,No,1,Month-to-month,Credit card (automatic),20.75,20.75,No,76,,0,20.75,2,0,10.875,20.75,0
0958-YHXGP,Oakland,Female,No,No,No,7,Month-to-month,Mailed check,69.9,497.3,No,80,,0,71.04285714285714,2,0,38.45,489.30000000000007,0
1101-SSWAG,Berkeley,Female,No,Yes,No,15,Month-to-month,Electronic check,51.1,711.15,No,33,,0,47.41,2,1,33.05,766.5,0
5743-KHMNA,Berkeley,Male,No,No,No,71,Two year,Bank transfer (automatic),25.55,1898.1,No,27,,0,26.733802816901406,0,0,48.275,1814.05,0
4194-FJARJ,Albany,Female,No,Yes,Yes,54,Two year,Bank transfer (automatic),60,3273.95,No,52,,0,60.6287037037037,0,0,57,3240,1
5325-UWTWJ,Berkeley,Male,No,Yes,No,31,Month-to-month,Credit card (automatic),90.55,2929.75,No,48,,0,94.50806451612904,2,0,60.775,2807.0499999999997,1
3969-GYXEL,Berkeley,Female,No,No,No,11,Month-to-month,Electronic check,76.4,838.7,No,41,,0,76.24545454545455,2,1,43.7,840.4000000000001,0
9208-OLGAQ,Berkeley,Female,Yes,No,No,18,Month-to-month,Electronic check,84.95,1443.65,No,74,,0,80.20277777777778,2,1,51.475,1529.1000000000001,0
3244-CQPHU,Berkeley,Female,Yes,No,No,72,Two year,Bank transfer (automatic),110.1,7746.7,No,57,,0,107.59305555555555,0,0,91.05,7927.2,1
2674-MLXMN,Richmond,Female,Yes,No,No,71,Month-to-month,Credit card (automatic),99.65,6951.15,No,77,,0,97.90352112676055,2,0,85.325,7075.150000000001,1
9708-HPXWZ,El Sobrante,Male,Yes,No,No,5,Month-to-month,Credit card (automatic),45.4,214.75,No,68,,0,42.95,2,0,25.2,227,0
6992-TKNYO,Richmond,Male,No,Yes,No,38,One year,Credit card (automatic),69,2669.45,No,23,,0,70.2486842105263,1,0,53.5,2622,1
4468-YDOVK,Richmond,Male,No,No,Yes,5,Month-to-month,Bank transfer (automatic),48.65,235.2,No,68,,0,47.04,2,0,26.825,243.25,0
5792-JALQC,San Rafael,Female,Yes,No,No,52,Two year,Bank transfer (automatic),59.85,3103.25,No,71,,0,59.67788461538461,0,0,55.925,3112.2000000000003,1
1230-QAJDW,Somes Bar,Male,No,No,No,3,Month-to-month,Mailed check,65.25,209.9,No,43,,0,69.96666666666667,2,0,34.125,195.75,0
2200-DSAAL,Greenbrae,Female,No,No,No,68,Two year,Electronic check,80.65,5330.2,No,70,,0,78.38529411764705,0,1,74.325,5484.200000000001,1
4302-ZYFEL,Belvedere Tiburon,Male,No,Yes,Yes,69,One year,Credit card (automatic),20.55,1403.1,No,32,,0,20.33478260869565,1,0,44.775,1417.95,0
9351-LZYGF,Bodega,Female,No,Yes,No,42,Month-to-month,Credit card (automatic),66.4,2727.8,No,38,,0,64.94761904761906,2,0,54.2,2788.8,1
4366-CTOUZ,Bodega Bay,Female,No,No,No,50,Two year,Mailed check,100.2,5038.45,No,53,,0,100.76899999999999,0,0,75.1,5010,1
1518-OMDIK,Rohnert Park,Male,No,Yes,No,33,Month-to-month,Credit card (automatic),44.55,1462.6,No,28,,0,44.32121212121212,2,0,38.775,1470.1499999999999,0
6671-NGWON,Dillon Beach,Female,No,No,No,7,Month-to-month,Mailed check,20.35,150.6,No,52,,0,21.514285714285712,2,0,13.675,142.45000000000002,0
0595-ITUDF,Fairfax,Male,No,Yes,Yes,64,Month-to-month,Electronic check,91.8,5960.5,No,37,,0,93.1328125,2,1,77.9,5875.2,1
1955-IBMMB,Forest Knolls,Male,No,No,No,59,Two year,Bank transfer (automatic),20.2,1192.3,No,65,,0,20.208474576271186,0,0,39.6,1191.8,0
0096-BXERS,Inverness,Female,No,Yes,No,6,Month-to-month,Electronic check,50.35,314.55,No,74,,0,52.425000000000004,2,1,28.175,302.1,0
3806-YAZOV,Lagunitas,Female,No,No,No,3,Month-to-month,Mailed check,18.8,56,No,67,,0,18.666666666666668,2,0,10.9,56.400000000000006,0
7998-ZLXWN,Larkspur,Female,No,Yes,No,15,Month-to-month,Credit card (automatic),20.45,330.8,No,78,,0,22.053333333333335,2,0,17.725,306.75,0
6253-WRFHY,Marshall,Male,No,Yes,Yes,13,One year,Electronic check,64.75,877.35,No,73,,0,67.48846153846154,1,1,38.875,841.75,0
9133-AYJZG,Mill Valley,Female,No,No,No,23,Month-to-month,Credit card (automatic),98.7,2249.1,No,71,,0,97.78695652173913,2,0,60.85,2270.1,1
2675-OTVVJ,Novato,Male,Yes,Yes,No,31,Month-to-month,Electronic check,89.45,2807.65,No,68,,0,90.56935483870969,2,1,60.225,2772.9500000000003,1
8680-CGLTP,Nicasio,Male,No,No,No,29,One year,Electronic check,58.75,1696.2,No,80,,0,58.4896551724138,1,1,43.875,1703.75,0
8430-TWCBX,Novato,Female,No,Yes,No,49,One year,Credit card (automatic),20.7,1032.05,No,50,,0,21.062244897959182,1,0,34.85,1014.3,0
5018-GWURO,Novato,Female,No,Yes,No,56,Month-to-month,Bank transfer (automatic),85.6,4902.8,No,20,,0,87.55,2,0,70.8,4793.599999999999,1
6741-QRLUP,Olema,Female,No,No,No,63,Two year,Credit card (automatic),80.3,4995.35,No,74,,0,79.29126984126985,0,0,71.65,5058.9,1
4737-HOBAX,Penngrove,Male,No,Yes,No,63,Two year,Credit card (automatic),79.8,5034.05,No,52,,0,79.90555555555555,0,0,71.4,5027.4,1
0537-QYZZN,Petaluma,Male,Yes,Yes,Yes,24,Month-to-month,Electronic check,79.85,1857.75,No,36,,0,77.40625,2,1,51.925,1916.3999999999999,0
3340-QBBFM,Petaluma,Male,Yes,Yes,No,36,One year,Credit card (automatic),54.1,1992.85,No,48,,0,55.356944444444444,1,0,45.05,1947.6000000000001,0
8200-KLNYW,San Geronimo,Female,No,Yes,No,21,One year,Mailed check,80.9,1714.95,No,36,,0,81.66428571428571,1,0,50.95,1698.9,0
3372-CDXFJ,San Quentin,Male,No,Yes,Yes,13,One year,Bank transfer (automatic),24.5,343.6,No,59,,0,26.430769230769233,1,0,18.75,318.5,0
4781-ZXYGU,Sausalito,Male,No,Yes,Yes,1,Month-to-month,Bank transfer (automatic),20.15,20.15,No,40,,0,20.15,2,0,10.575,20.15,0
7632-YUTXB,Stinson Beach,Female,No,Yes,Yes,25,One year,Mailed check,20.05,520.1,No,60,,0,20.804000000000002,1,0,22.525,501.25,0
2718-YSKCS,Tomales,Male,No,Yes,Yes,71,Two year,Bank transfer (automatic),19.6,1387.45,No,56,,0,19.541549295774647,0,0,45.3,1391.6000000000001,0
9896-UYMIE,Valley Ford,Male,No,No,No,66,One year,Bank transfer (automatic),114.3,7383.7,No,52,,0,111.87424242424242,1,0,90.15,7543.8,1
3488-PGMQJ,Alpine,Male,Yes,No,No,8,Month-to-month,Electronic check,74.5,606.55,Yes,80,Poor expertise of online support,1,75.81875,2,1,41.25,596,0
0853-NWIFK,Woodacre,Female,No,No,No,45,One year,Electronic check,100.3,4483.95,No,64,,0,99.64333333333333,1,1,72.65,4513.5,1
8212-CRQXP,Alviso,Female,No,Yes,No,22,Month-to-month,Credit card (automatic),80,1706.45,No,80,,0,77.56590909090909,2,0,51,1760,0
6980-CDGFC,Aptos,Female,No,Yes,No,67,One year,Bank transfer (automatic),20.85,1327.4,No,71,,0,19.811940298507466,1,0,43.925,1396.95,0
7691-XVTZH,Aromas,Female,No,Yes,No,68,Two year,Bank transfer (automatic),89.95,5974.3,No,64,,0,87.85735294117647,0,0,78.975,6116.6,1
2277-VWCNI,Brookdale,Female,Yes,No,No,4,Month-to-month,Mailed check,48.75,179.85,No,25,,0,44.9625,2,0,26.375,195,0
1088-CNNKB,Campbell,Male,No,Yes,No,63,One year,Credit card (automatic),80,5040.2,No,56,,0,80.0031746031746,1,0,71.5,5040,1
1930-BZLHI,Castroville,Male,No,No,No,21,One year,Mailed check,20.35,422.7,No,40,,0,20.128571428571426,1,0,20.675,427.35,0
5868-YTYKS,Davenport,Male,No,No,Yes,1,Month-to-month,Mailed check,20.25,20.25,No,48,,0,20.25,2,0,10.625,20.25,0
3525-DVKFN,Felton,Female,No,No,No,17,Two year,Mailed check,19.4,358.05,No,44,,0,21.061764705882354,0,0,18.2,329.79999999999995,0
1482-OXZSY,Freedom,Male,No,No,No,30,Month-to-month,Bank transfer (automatic),100.4,2936.25,No,37,,0,97.875,2,0,65.2,3012,1
0377-JBKKT,Gilroy,Male,No,Yes,Yes,22,Month-to-month,Mailed check,57.95,1271.8,No,41,,0,57.809090909090905,2,0,39.975,1274.9,0
5778-BVOFB,Hollister,Female,No,No,No,9,Month-to-month,Bank transfer (automatic),59.5,530.05,No,53,,0,58.89444444444444,2,0,34.25,535.5,0
3373-YZZYM,Los Gatos,Male,No,Yes,Yes,1,Month-to-month,Mailed check,19.2,19.2,No,46,,0,19.2,2,0,10.1,19.2,0
0228-MAUWC,Los Gatos,Male,No,No,No,19,Month-to-month,Electronic check,59.55,1144.6,No,39,,0,60.24210526315789,2,1,39.275,1131.45,0
7663-YJHSN,Moss Landing,Female,No,Yes,No,72,Two year,Bank transfer (automatic),103.95,7556.9,No,56,,0,104.95694444444445,0,0,87.975,7484.400000000001,1
4915-BFSXL,Mount Hermon,Male,No,Yes,Yes,70,Two year,Credit card (automatic),68.95,4858.7,No,60,,0,69.41,0,0,69.475,4826.5,1
3086-RUCRN,Paicines,Female,No,No,No,66,Month-to-month,Bank transfer (automatic),103.1,6595,No,46,,0,99.92424242424242,2,0,84.55,6804.599999999999,1
5215-LNLDJ,San Juan Bautista,Female,No,Yes,Yes,7,Month-to-month,Electronic check,24.7,149.05,No,52,,0,21.292857142857144,2,1,15.85,172.9,0
7576-JMYWV,San Martin,Female,Yes,Yes,Yes,46,Month-to-month,Electronic check,110.2,4972.1,No,55,,0,108.08913043478262,2,1,78.1,5069.2,1
0257-KXZGU,Santa Clara,Female,No,Yes,Yes,32,Month-to-month,Bank transfer (automatic),62.45,2045.55,No,74,,0,63.9234375,2,0,47.225,1998.4,0
1307-ATKGB,Santa Clara,Male,No,No,No,24,Month-to-month,Electronic check,89.55,2187.15,No,41,,0,91.13125000000001,2,1,56.775,2149.2,1
3714-XPXBW,Santa Cruz,Female,No,No,No,37,Month-to-month,Credit card (automatic),78.9,2976.95,No,64,,0,80.4581081081081,2,0,57.95,2919.3,1
1850-AKQEP,Santa Cruz,Male,No,No,Yes,8,Month-to-month,Mailed check,20.35,178.7,No,42,,0,22.3375,2,0,14.175,162.8,0
2824-DXNKN,Santa Cruz,Female,No,Yes,Yes,72,Two year,Bank transfer (automatic),71.45,5025.85,No,30,,0,69.80347222222223,0,0,71.725,5144.400000000001,1
5227-JSCFE,Scotts Valley,Male,Yes,Yes,No,71,Two year,Credit card (automatic),46.35,3353.4,No,28,,0,47.23098591549296,0,0,58.675,3290.85,1
0848-ZGQIJ,Saratoga,Female,No,Yes,No,16,Month-to-month,Bank transfer (automatic),94.65,1461.15,No,36,,0,91.321875,2,0,55.325,1514.4,0
3621-CHYVB,Soquel,Female,No,Yes,No,57,Month-to-month,Bank transfer (automatic),49.9,2782.4,No,68,,0,48.8140350877193,2,0,53.45,2844.2999999999997,1
8042-RNLKO,Watsonville,Male,No,No,No,66,One year,Bank transfer (automatic),25.45,1699.15,No,48,,0,25.74469696969697,1,0,45.725,1679.7,0
5372-FBKBN,San Jose,Female,No,No,Yes,21,Month-to-month,Mailed check,20.75,452.2,No,39,,0,21.53333333333333,2,0,20.875,435.75,0
0420-TXVSG,San Jose,Male,No,Yes,No,66,Two year,Credit card (automatic),66.1,4428.45,No,73,,0,67.09772727272727,0,0,66.05,4362.599999999999,1
6217-TOWGS,San Jose,Female,No,Yes,No,17,Month-to-month,Bank transfer (automatic),75.4,1322.55,No,64,,0,77.79705882352941,2,0,46.2,1281.8000000000002,0
1045-LTCYT,San Jose,Female,No,Yes,Yes,8,Month-to-month,Credit card (automatic),21.05,139.75,No,78,,0,17.46875,2,0,14.525,168.4,0
1544-JJMYL,San Jose,Male,No,No,No,27,One year,Credit card (automatic),69.35,1927.3,No,60,,0,71.38148148148149,1,0,48.175,1872.4499999999998,0
4636-JGAAI,San Jose,Male,No,Yes,No,34,Month-to-month,Mailed check,88.85,3000.25,No,70,,0,88.24264705882354,2,0,61.425,3020.8999999999996,1
6874-SGLHU,San Jose,Male,No,No,No,30,One year,Bank transfer (automatic),97,3021.3,No,23,,0,100.71000000000001,1,0,63.5,2910,1
5951-AOFIH,San Jose,Male,No,No,No,33,Month-to-month,Credit card (automatic),66.4,2245.4,No,69,,0,68.04242424242425,2,0,49.7,2191.2000000000003,1
3059-NGMXB,San Jose,Male,No,Yes,Yes,14,Month-to-month,Mailed check,69.2,944.65,No,24,,0,67.475,2,0,41.6,968.8000000000001,0
8652-YHIYU,San Jose,Female,No,No,Yes,16,One year,Credit card (automatic),79.5,1264.2,No,64,,0,79.0125,1,0,47.75,1272,0
5278-PNYOX,San Jose,Female,No,No,No,49,Two year,Credit card (automatic),100.65,4917.75,No,52,,0,100.36224489795919,0,0,74.825,4931.85,1
3486-HOOGQ,San Jose,Female,No,Yes,Yes,70,Two year,Bank transfer (automatic),79.7,5743.3,No,41,,0,82.04714285714286,0,0,74.85,5579,1
5061-PBXFW,San Jose,Female,No,Yes,Yes,32,Month-to-month,Bank transfer (automatic),61.4,1864.65,No,51,,0,58.2703125,2,0,46.7,1964.8,0
8630-FJLIB,San Jose,Female,No,No,No,18,Month-to-month,Electronic check,69.8,1221.65,No,68,,0,67.86944444444445,2,1,43.9,1256.3999999999999,0
3891-NLXJB,San Jose,Male,No,No,No,37,Two year,Mailed check,40.55,1390.85,No,24,,0,37.59054054054054,0,0,38.775,1500.35,0
4749-OJKQU,San Jose,Female,No,No,No,4,Month-to-month,Electronic check,75.65,302.35,No,31,,0,75.5875,2,1,39.825,302.6,0
0577-WHMEV,San Jose,Female,No,Yes,No,16,Month-to-month,Electronic check,90.7,1374.9,No,73,,0,85.93125,2,1,53.35,1451.2,0
5453-AXEPF,San Jose,Male,No,Yes,No,17,Month-to-month,Bank transfer (automatic),80.5,1336.9,No,76,,0,78.64117647058823,2,0,48.75,1368.5,0
3639-XJHKQ,San Jose,Female,No,No,Yes,19,Month-to-month,Electronic check,60.6,1297.8,No,33,,0,68.30526315789473,2,1,39.8,1151.4,0
3716-LRGXK,San Jose,Male,No,Yes,No,60,Two year,Credit card (automatic),101.15,6067.4,No,35,,0,101.12333333333332,0,0,80.575,6069,1
2263-SFSQZ,San Jose,Male,No,Yes,Yes,51,Two year,Mailed check,24.95,1222.25,No,37,,0,23.965686274509803,0,0,37.975,1272.45,0
9950-MTGYX,San Jose,Male,No,Yes,Yes,28,Two year,Credit card (automatic),20.3,487.95,No,73,,0,17.426785714285714,0,0,24.15,568.4,0
3397-AVTKU,Mount Hamilton,Male,No,No,No,43,Two year,Electronic check,60,2548.55,No,73,,0,59.268604651162796,0,1,51.5,2580,1
4825-FUREZ,San Jose,Male,No,Yes,No,42,Two year,Electronic check,20.25,835.5,No,61,,0,19.892857142857142,0,1,31.125,850.5,0
2672-OJQZP,Stockton,Female,No,No,No,1,Month-to-month,Mailed check,44.75,44.75,No,30,,0,44.75,2,0,22.875,44.75,0
3134-DSHVC,Stockton,Female,No,No,No,63,Two year,Credit card (automatic),98,6218.45,No,75,,0,98.70555555555555,0,0,80.5,6174,1
7821-DPRQE,Stockton,Male,No,Yes,No,68,Month-to-month,Electronic check,107.7,7320.9,No,53,,0,107.66029411764706,2,1,87.85,7323.6,1
2001-EWBQU,Stockton,Female,No,No,No,60,Two year,Electronic check,104.7,6333.8,No,75,,0,105.56333333333333,0,1,82.35,6282,1
1608-GMEWB,Stockton,Male,Yes,No,No,45,Month-to-month,Bank transfer (automatic),93.9,4200.25,No,58,,0,93.33888888888889,2,0,69.45,4225.5,1
6695-AMZUF,Stockton,Female,No,Yes,No,70,Two year,Credit card (automatic),86.45,5950.2,No,54,,0,85.00285714285714,0,0,78.225,6051.5,1
8410-BGQXN,Angels Camp,Male,No,No,No,4,Month-to-month,Mailed check,19.4,93.4,No,54,,0,23.35,2,0,11.7,77.6,0
1619-YWUBB,Avery,Female,No,Yes,No,68,Two year,Credit card (automatic),24.95,1614.9,No,72,,0,23.748529411764707,0,0,46.475,1696.6,0
7611-YKYTC,Burson,Male,No,Yes,Yes,22,Month-to-month,Bank transfer (automatic),75,1573.95,No,48,,0,71.54318181818182,2,0,48.5,1650,0
7501-VTYLJ,Sacramento,Female,No,No,Yes,2,Month-to-month,Mailed check,51.55,106.2,No,72,,0,53.1,2,0,26.775,103.1,0
0365-GXEZS,Copperopolis,Male,No,Yes,No,18,Month-to-month,Electronic check,78.2,1468.75,No,79,,0,81.59722222222223,2,1,48.1,1407.6000000000001,0
0082-OQIQY,Farmington,Male,No,No,No,29,Month-to-month,Electronic check,94.2,2607.6,No,60,,0,89.91724137931034,2,1,61.6,2731.8,1
3606-SBKRY,Linden,Male,No,No,No,31,One year,Electronic check,50.05,1523.4,No,35,,0,49.141935483870974,1,1,40.525,1551.55,0
0667-NSRGI,Lodi,Female,No,Yes,No,48,One year,Mailed check,69.55,3435.6,No,75,,0,71.575,1,0,58.775,3338.3999999999996,1
6893-ODYYE,Mokelumne Hill,Male,No,No,No,50,One year,Credit card (automatic),90.1,4549.45,No,25,,0,90.98899999999999,1,0,70.05,4505,1
8242-JSVBO,Mountain Ranch,Male,No,No,No,7,Month-to-month,Bank transfer (automatic),44.65,322.5,No,65,,0,46.07142857142857,2,0,25.825,312.55,0
9541-ZPSEA,San Andreas,Male,No,Yes,Yes,68,Two year,Credit card (automatic),80.35,5375.15,No,33,,0,79.04632352941177,0,0,74.175,5463.799999999999,1
2665-NPTGL,Sheep Ranch,Female,Yes,Yes,No,26,Month-to-month,Bank transfer (automatic),98.1,2510.7,No,38,,0,96.5653846153846,2,0,62.05,2550.6,1
1139-WUOAH,Vallecito,Male,No,No,No,57,Two year,Credit card (automatic),53.35,3090.05,No,42,,0,54.21140350877193,0,0,55.175,3040.9500000000003,1
4693-VWVBO,Valley Springs,Female,No,No,No,3,Month-to-month,Electronic check,19.55,61.05,No,46,,0,20.349999999999998,2,1,11.275,58.650000000000006,0
6937-GCDGQ,West Point,Male,No,Yes,Yes,19,One year,Bank transfer (automatic),48.95,955.6,No,35,,0,50.294736842105266,1,0,33.975,930.0500000000001,0
0988-JRWWP,Wilseyville,Female,No,No,No,3,Month-to-month,Electronic check,54.2,140.4,No,68,,0,46.800000000000004,2,1,28.6,162.60000000000002,0
5075-JSDKI,Woodbridge,Female,No,No,No,59,Two year,Electronic check,24.45,1493.1,No,26,,0,25.306779661016947,0,1,41.725,1442.55,0
8644-XYTSV,Ballico,Male,No,Yes,No,42,Month-to-month,Bank transfer (automatic),40.15,1626.05,No,68,,0,38.71547619047619,2,0,41.075,1686.3,0
3873-WOSBC,Catheys Valley,Male,No,Yes,No,67,Two year,Credit card (automatic),25.6,1784.9,No,38,,0,26.64029850746269,0,0,46.3,1715.2,0
7465-ZZRVX,Ceres,Male,No,No,No,1,Month-to-month,Electronic check,70.35,70.35,No,32,,0,70.35,2,1,35.675,70.35,0
7975-JMZNT,Columbia,Male,No,Yes,No,66,Two year,Bank transfer (automatic),91.7,6075.9,No,39,,0,92.0590909090909,0,0,78.85,6052.2,1
7251-XFOIL,Coulterville,Female,No,No,No,61,Month-to-month,Mailed check,89.2,5500.6,No,23,,0,90.17377049180328,2,0,75.1,5441.2,1
4116-IQRFR,Cressey,Male,No,Yes,Yes,4,One year,Credit card (automatic),24.1,73.1,No,21,,0,18.275,1,0,14.05,96.4,0
8259-DZLIZ,Delhi,Female,No,Yes,Yes,64,One year,Bank transfer (automatic),53.85,3399.85,No,36,,0,53.12265625,1,0,58.925,3446.4,1
0442-ZXKVS,Denair,Female,Yes,Yes,No,54,One year,Bank transfer (automatic),115.6,6431.05,No,45,,0,119.09351851851852,1,0,84.8,6242.4,1
7853-WNZSY,El Nido,Male,No,No,No,1,Month-to-month,Credit card (automatic),19.75,19.75,No,33,,0,19.75,2,0,10.375,19.75,0
3120-FAZKD,El Portal,Male,No,Yes,Yes,54,Two year,Bank transfer (automatic),24.05,1230.9,No,41,,0,22.794444444444448,0,0,39.025,1298.7,0
8606-OEGQZ,Escalon,Female,No,No,Yes,18,Two year,Credit card (automatic),25.3,454.65,No,78,,0,25.258333333333333,0,0,21.65,455.40000000000003,0
0225-ZORZP,Groveland,Male,No,No,No,3,Month-to-month,Electronic check,84.3,235.05,No,43,,0,78.35000000000001,2,1,43.65,252.89999999999998,0
9489-JMTTN,Hickman,Female,No,Yes,Yes,72,Two year,Credit card (automatic),89.75,6595.9,No,60,,0,91.60972222222222,0,0,80.875,6462,1
0575-CUQOV,Hilmar,Male,Yes,Yes,No,60,One year,Electronic check,97.95,5867,No,29,,0,97.78333333333333,1,1,78.975,5877,1
0967-BMLBD,Hornitos,Female,No,Yes,Yes,11,One year,Mailed check,20,196.35,No,72,,0,17.849999999999998,1,0,15.5,220,0
2830-LEWOA,Jamestown,Male,No,Yes,Yes,61,One year,Credit card (automatic),103.9,6449.15,No,28,,0,105.72377049180328,1,0,82.45,6337.900000000001,1
5006-MXVRN,Keyes,Female,No,No,No,39,Two year,Credit card (automatic),20.7,762.45,No,45,,0,19.55,0,0,29.85,807.3,0
8327-WKMIE,Le Grand,Male,No,No,No,37,One year,Credit card (automatic),20.15,785.75,No,65,,0,21.236486486486488,1,0,28.575,745.55,0
6917-FIJHC,Livingston,Female,No,Yes,No,72,Two year,Mailed check,26,1776,No,20,,0,24.666666666666668,0,0,49,1872,0
5329-KRDTM,Long Barn,Male,Yes,Yes,No,72,Two year,Credit card (automatic),77.35,5396.25,No,29,,0,74.94791666666667,0,0,74.675,5569.2,1
7797-EJMDP,Manteca,Female,No,No,No,8,Month-to-month,Bank transfer (automatic),66.05,574.5,No,59,,0,71.8125,2,0,37.025,528.4,0
3530-VWVGU,Manteca,Female,No,Yes,Yes,22,Month-to-month,Mailed check,19.9,400.3,No,43,,0,18.195454545454545,2,0,20.95,437.79999999999995,0
6368-NWMCE,Merced,Female,No,No,No,38,Month-to-month,Credit card (automatic),68.15,2656.3,No,66,,0,69.90263157894738,2,0,53.075,2589.7000000000003,1
3633-CDBUW,Midpines,Male,No,No,Yes,17,One year,Electronic check,80.85,1445.95,No,24,,0,85.05588235294118,1,1,48.925,1374.4499999999998,0
0707-HOVVN,Mi Wuk Village,Female,Yes,No,No,70,Two year,Bank transfer (automatic),75.5,5212.65,No,62,,0,74.46642857142857,0,0,72.75,5285,1
3956-MGXOG,Modesto,Female,No,No,No,28,Month-to-month,Electronic check,80.6,2244.95,No,70,,0,80.17678571428571,2,1,54.3,2256.7999999999997,1
9274-UARKJ,Modesto,Female,No,No,No,15,Month-to-month,Bank transfer (automatic),83.2,1130,No,36,,0,75.33333333333333,2,0,49.1,1248,0
4077-HWUYD,Modesto,Male,No,Yes,Yes,72,Two year,Bank transfer (automatic),87.55,6463.15,No,43,,0,89.76597222222222,0,0,79.775,6303.599999999999,1
0103-CSITQ,Modesto,Female,No,Yes,No,57,One year,Bank transfer (automatic),109.4,6252.7,No,65,,0,109.69649122807017,1,0,83.2,6235.8,1
7305-ZWMAJ,Oakdale,Male,No,Yes,No,30,One year,Credit card (automatic),20.7,587.1,No,78,,0,19.57,1,0,25.35,621,0
3950-VPYJB,Chester,Male,No,Yes,Yes,57,One year,Mailed check,59.6,3509.4,No,28,,0,61.56842105263158,1,0,58.3,3397.2000000000003,1
9518-XXBXE,Patterson,Male,Yes,Yes,No,10,Month-to-month,Electronic check,75.3,720.45,No,41,,0,72.045,2,1,42.65,753,0
6578-KRMAW,Planada,Male,No,No,No,32,Month-to-month,Credit card (automatic),93.4,2979.3,No,66,,0,93.103125,2,0,62.7,2988.8,1
4860-IJUDE,Ripon,Male,No,No,No,13,Month-to-month,Credit card (automatic),73.75,956.65,No,78,,0,73.58846153846153,2,0,43.375,958.75,0
9688-YGXVR,Salida,Female,No,No,No,44,Month-to-month,Credit card (automatic),88.15,3973.2,No,59,,0,90.3,2,0,66.075,3878.6000000000004,1
0423-UDIJQ,Snelling,Male,Yes,No,No,9,Month-to-month,Mailed check,49.2,447.9,No,22,,0,49.766666666666666,2,0,29.1,442.8,0
1945-XISKS,Sonora,Female,No,Yes,No,67,Two year,Mailed check,19.65,1335.2,No,26,,0,19.928358208955224,0,0,43.325,1316.55,0
5360-LJCNJ,Tracy,Female,No,Yes,No,71,Two year,Bank transfer (automatic),105.15,7555,No,32,,0,106.40845070422536,0,0,88.075,7465.650000000001,1
2607-FBDFF,Tuolumne,Male,No,No,No,1,Month-to-month,Credit card (automatic),49,49,No,45,,0,49,2,0,25,49,0
1100-DDVRV,Twain Harte,Male,No,Yes,No,17,Month-to-month,Mailed check,49.8,836.35,No,24,,0,49.19705882352941,2,0,33.4,846.5999999999999,0
6728-WYQBC,Westley,Male,No,No,No,1,Month-to-month,Bank transfer (automatic),20.95,20.95,No,62,,0,20.95,2,0,10.975,20.95,0
9029-FEGVJ,Yosemite National Park,Female,Yes,Yes,No,32,Month-to-month,Mailed check,79.3,2570,No,27,,0,80.3125,2,0,55.65,2537.6,1
7216-KAOID,Santa Rosa,Male,No,Yes,Yes,41,One year,Bank transfer (automatic),19.5,798.2,No,72,,0,19.46829268292683,1,0,30.25,799.5,0
6145-NNPNO,Santa Rosa,Female,No,No,No,1,Month-to-month,Bank transfer (automatic),44.15,44.15,No,64,,0,44.15,2,0,22.575,44.15,0
5339-TJFEK,Santa Rosa,Male,No,Yes,Yes,62,Month-to-month,Electronic check,105.5,6487.2,No,56,,0,104.63225806451612,2,1,83.75,6541,1
2074-GUHPQ,Albion,Female,No,No,Yes,17,Month-to-month,Credit card (automatic),92.7,1556.85,No,41,,0,91.57941176470588,2,0,54.85,1575.9,0
4625-XMOYM,Annapolis,Female,No,Yes,Yes,72,Two year,Bank transfer (automatic),26.25,1988.05,No,36,,0,27.611805555555556,0,0,49.125,1890,0
5827-MWCZK,Boonville,Male,No,Yes,Yes,56,Month-to-month,Credit card (automatic),96.95,5432.2,No,66,,0,97.00357142857142,2,0,76.475,5429.2,1
1385-TQOZW,Branscomb,Female,No,No,No,9,Month-to-month,Credit card (automatic),20.45,147.55,No,41,,0,16.394444444444446,2,0,14.725,184.04999999999998,0
5914-XRFQB,Caspar,Male,No,Yes,No,72,Two year,Bank transfer (automatic),115.8,8424.9,No,80,,0,117.01249999999999,0,0,93.9,8337.6,1
4329-YPDDQ,Cazadero,Male,No,No,No,20,Month-to-month,Bank transfer (automatic),108.2,2203.7,No,67,,0,110.18499999999999,2,0,64.1,2164,1
4804-NCPET,Clearlake,Male,No,Yes,Yes,19,Two year,Mailed check,20.2,387.4,No,60,,0,20.389473684210525,0,0,19.6,383.8,0
5944-UGLLK,Cloverdale,Male,No,No,No,53,One year,Credit card (automatic),54.9,3045.75,No,80,,0,57.466981132075475,1,0,53.95,2909.7,1
7787-BNTZM,Comptche,Male,No,No,No,6,Month-to-month,Bank transfer (automatic),20.15,130.5,No,76,,0,21.75,2,0,13.075,120.89999999999999,0
2252-ISRNH,Covelo,Male,No,Yes,Yes,9,One year,Electronic check,90.35,767.9,No,27,,0,85.32222222222222,1,1,49.675,813.15,0
9415-TPKRV,Dos Rios,Female,No,Yes,Yes,8,Month-to-month,Electronic check,55.75,446.8,No,38,,0,55.85,2,1,31.875,446,0
5322-TEUJK,Duncans Mills,Female,No,Yes,Yes,71,Two year,Bank transfer (automatic),114.6,8100.25,No,71,,0,114.08802816901408,0,0,92.8,8136.599999999999,1
1866-DIOQZ,Forestville,Female,No,Yes,No,71,One year,Bank transfer (automatic),66.8,4689.15,No,42,,0,66.0443661971831,1,0,68.9,4742.8,1
8375-KVTHK,Fort Bragg,Male,No,Yes,No,68,One year,Electronic check,100.3,6754.35,No,39,,0,99.32867647058823,1,1,84.15,6820.4,1
2697-NQBPF,Fulton,Male,No,No,No,34,Month-to-month,Electronic check,105.35,3540.65,No,74,,0,104.13676470588236,2,1,69.675,3581.8999999999996,1
3709-OIJEA,Geyserville,Male,No,No,No,26,One year,Electronic check,85.2,2184.6,No,52,,0,84.02307692307691,1,1,55.6,2215.2000000000003,1
1386-ZIKUV,Glenhaven,Male,No,No,No,7,Month-to-month,Mailed check,18.95,130.55,No,26,,0,18.650000000000002,2,0,12.975,132.65,0
0599-XNYDO,Graton,Female,No,Yes,No,20,Month-to-month,Bank transfer (automatic),69.8,1540.35,No,33,,0,77.0175,2,0,44.9,1396,0
6377-WHAOX,Gualala,Female,No,Yes,No,60,Month-to-month,Electronic check,106.15,6411.25,No,32,,0,106.85416666666667,2,1,83.075,6369,1
6855-VLGOS,Guerneville,Male,No,Yes,Yes,72,Two year,Electronic check,20.55,1432.55,No,41,,0,19.896527777777777,0,1,46.275,1479.6000000000001,0
8999-XXGNS,Healdsburg,Female,Yes,Yes,No,72,One year,Credit card (automatic),105.75,7629.85,No,53,,0,105.9701388888889,1,0,88.875,7614,1
8746-OQQRW,Hopland,Male,No,No,No,4,Month-to-month,Mailed check,25.25,101.9,No,43,,0,25.475,2,0,14.625,101,0
3181-MIZBN,Jenner,Male,No,Yes,Yes,16,Month-to-month,Electronic check,19.75,313.4,No,68,,0,19.5875,2,1,17.875,316,0
0471-ARVMX,Kelseyville,Female,Yes,Yes,No,62,One year,Electronic check,104.85,6312.9,No,68,,0,101.82096774193548,1,1,83.425,6500.7,1
7766-CLTIC,Kenwood,Female,No,No,No,10,Month-to-month,Mailed check,60.95,629.55,No,28,,0,62.955,2,0,35.475,609.5,0
5650-YLIBA,Lakeport,Male,No,No,No,31,Month-to-month,Electronic check,81.15,2640.55,No,25,,0,85.17903225806452,2,1,56.075,2515.65,1
0825-CPPQH,Laytonville,Female,No,Yes,No,71,Two year,Credit card (automatic),19.1,1372.45,No,72,,0,19.330281690140847,0,0,45.05,1356.1000000000001,0
9084-OAYKL,Little River,Male,No,No,No,58,Two year,Mailed check,20.8,1212.25,No,80,,0,20.900862068965516,0,0,39.4,1206.4,0
6122-LJADA,Lower Lake,Male,No,Yes,Yes,70,Two year,Credit card (automatic),90.15,6237.05,No,49,,0,89.10071428571429,0,0,80.075,6310.5,1
2400-XIWIO,Lucerne,Female,No,Yes,No,71,Two year,Electronic check,90.1,6310.9,No,80,,0,88.88591549295774,0,1,80.55,6397.099999999999,1
7524-VRLPL,Manchester,Male,Yes,No,No,69,Two year,Credit card (automatic),74.1,5031,No,34,,0,72.91304347826087,0,0,71.55,5112.9,1
7569-NMZYQ,Middletown,Female,No,Yes,Yes,72,Two year,Bank transfer (automatic),118.75,8672.45,No,49,,0,120.45069444444445,0,0,95.375,8550,1
5201-USSQZ,Monte Rio,Female,No,Yes,No,26,Month-to-month,Credit card (automatic),85.9,2196.45,No,67,,0,84.47884615384615,2,0,55.95,2233.4,1
2105-PHWON,Navarro,Female,No,Yes,No,33,Month-to-month,Credit card (automatic),95,3008.15,No,76,,0,91.1560606060606,2,0,64,3135,1
4884-TVUQF,Occidental,Female,Yes,No,No,57,Two year,Credit card (automatic),101.3,5779.6,No,48,,0,101.39649122807018,0,0,79.15,5774.099999999999,1
8003-EWNDZ,Philo,Female,No,No,No,10,Month-to-month,Electronic check,21.2,222.65,No,34,,0,22.265,2,1,15.6,212,0
1897-RCFUM,Point Arena,Female,No,Yes,Yes,39,One year,Mailed check,24.2,914.6,No,67,,0,23.451282051282053,1,0,31.6,943.8,0
9256-JTBNZ,Potter Valley,Female,No,No,No,11,Month-to-month,Bank transfer (automatic),20.3,246.3,No,72,,0,22.39090909090909,2,0,15.65,223.3,0
2211-RMNHO,Rio Nido,Female,No,Yes,Yes,68,Two year,Bank transfer (automatic),85.3,5560,No,43,,0,81.76470588235294,0,0,76.65,5800.4,1
2432-TFSMK,Sebastopol,Male,No,No,No,18,One year,Credit card (automatic),89.6,1633,No,36,,0,90.72222222222223,1,0,53.8,1612.8,0
4929-ROART,Ukiah,Male,No,No,No,18,Month-to-month,Mailed check,56.25,969.85,No,47,,0,53.88055555555556,2,0,37.125,1012.5,0
1834-ABKHQ,Upper Lake,Female,No,Yes,Yes,52,One year,Bank transfer (automatic),50.95,2610.65,No,73,,0,50.204807692307696,1,0,51.475,2649.4,1
1741-WTPON,Westport,Male,No,Yes,Yes,56,Two year,Mailed check,115.85,6567.9,No,75,,0,117.28392857142856,0,0,85.925,6487.599999999999,1
3932-IJWDZ,Willits,Male,No,No,No,45,Month-to-month,Bank transfer (automatic),103.65,4747.85,No,21,,0,105.50777777777779,2,0,74.325,4664.25,1
1240-HCBOH,Windsor,Female,No,No,No,67,Two year,Mailed check,26.1,1759.55,No,42,,0,26.26194029850746,0,0,46.55,1748.7,0
3594-KADLU,Witter Springs,Male,No,Yes,No,3,Month-to-month,Mailed check,35.1,101.1,No,35,,0,33.699999999999996,2,0,19.05,105.30000000000001,0
8065-BVEPF,Yorkville,Male,Yes,No,No,65,Month-to-month,Bank transfer (automatic),99.1,6496.15,No,52,,0,99.94076923076922,2,0,82.05,6441.5,1
3796-ENZGF,The Sea Ranch,Male,No,Yes,No,63,Two year,Mailed check,67.25,4234.15,No,36,,0,67.20873015873015,0,0,65.125,4236.75,1
1734-ZMNTZ,Eureka,Female,No,Yes,Yes,11,Two year,Mailed check,25,300.7,No,65,,0,27.336363636363636,0,0,18,275,0
2853-CWQFQ,Eureka,Male,No,No,Yes,1,Month-to-month,Mailed check,59.55,59.55,No,47,,0,59.55,2,0,30.275,59.55,0
0813-TAXXS,Alderpoint,Male,No,No,No,55,Two year,Bank transfer (automatic),77.8,4323.35,No,59,,0,78.60636363636364,0,0,66.4,4279,1
2519-TWKFS,Blocksburg,Male,No,Yes,Yes,25,One year,Mailed check,55.1,1466.1,No,40,,0,58.644,1,0,40.05,1377.5,0
0626-QXNGV,Arcata,Female,No,Yes,No,72,Two year,Credit card (automatic),24.15,1776.45,No,68,,0,24.672916666666666,0,0,48.075,1738.8,0
6723-CEGQI,Bayside,Female,No,No,Yes,65,Two year,Mailed check,45.25,2933.95,No,37,,0,45.137692307692305,0,0,55.125,2941.25,1
4732-RRJZC,Bridgeville,Male,No,Yes,Yes,7,Month-to-month,Mailed check,20.25,144.35,No,45,,0,20.62142857142857,2,0,13.625,141.75,0
9499-XPZXM,Burnt Ranch,Female,No,Yes,No,72,Two year,Bank transfer (automatic),64.75,4804.75,No,30,,0,66.73263888888889,0,0,68.375,4662,1
4338-EYCER,Carlotta,Male,No,Yes,No,21,Month-to-month,Bank transfer (automatic),54.6,1125.2,No,43,,0,53.58095238095238,2,0,37.8,1146.6000000000001,0
3007-FDPEA,Crescent City,Female,No,No,No,2,Month-to-month,Bank transfer (automatic),20.7,39.85,No,46,,0,19.925,2,0,11.35,41.4,0
6350-XFYGW,Ferndale,Male,Yes,No,No,4,Month-to-month,Electronic check,94.75,422.4,No,44,,0,105.6,2,1,49.375,379,0
8513-OLYGY,Fortuna,Male,No,Yes,No,72,Two year,Credit card (automatic),115.8,8332.15,No,41,,0,115.72430555555555,0,0,93.9,8337.6,1
0311-QYWSS,Garberville,Female,No,No,No,6,Month-to-month,Electronic check,49.45,314.6,No,60,,0,52.43333333333334,2,1,27.725,296.70000000000005,0
8705-DWKTI,Gasquet,Male,No,No,No,52,Month-to-month,Credit card (automatic),83.8,4331.4,No,40,,0,83.29615384615384,2,0,67.9,4357.599999999999,1
8755-IWJHN,Honeydew,Male,Yes,Yes,No,69,Month-to-month,Bank transfer (automatic),95.35,6382,No,21,,0,92.4927536231884,2,0,82.175,6579.15,1
4480-QQRHC,Hydesville,Female,Yes,No,No,8,Month-to-month,Bank transfer (automatic),74.05,600.15,No,79,,0,75.01875,2,0,41.025,592.4,0
0929-PECLO,Klamath,Female,Yes,No,No,63,Month-to-month,Bank transfer (automatic),89.6,5538.8,No,38,,0,87.91746031746032,2,0,76.3,5644.799999999999,1
3680-CTHUH,Kneeland,Male,No,No,No,60,One year,Credit card (automatic),116.6,7049.5,No,74,,0,117.49166666666666,1,0,88.3,6996,1
1202-KKGFU,Korbel,Female,No,Yes,No,12,Month-to-month,Bank transfer (automatic),54.2,690.5,No,31,,0,57.541666666666664,2,0,33.1,650.4000000000001,0
6112-KTHFQ,Loleta,Female,No,No,No,13,Month-to-month,Mailed check,19.3,279.3,No,23,,0,21.484615384615385,2,0,16.15,250.9,0
1852-XEMDW,Mad River,Male,No,No,No,22,Month-to-month,Mailed check,65.05,1427.55,No,30,,0,64.88863636363637,2,0,43.525,1431.1,0
1820-DJFPH,Orick,Female,No,Yes,Yes,72,Two year,Bank transfer (automatic),24.05,1709.15,No,36,,0,23.738194444444446,0,0,48.025,1731.6000000000001,0
9426-SXNHE,Orleans,Female,No,No,No,2,Month-to-month,Bank transfer (automatic),18.75,53.15,No,23,,0,26.575,2,0,10.375,37.5,0
9068-FHQHD,Petrolia,Female,No,Yes,Yes,40,Two year,Bank transfer (automatic),20.15,777.35,No,29,,0,19.43375,0,0,30.075,806,0
1269-FOYWN,Phillipsville,Male,No,Yes,Yes,44,One year,Bank transfer (automatic),20,860.85,No,72,,0,19.56477272727273,1,0,32,880,0
9470-YFUYI,Redway,Male,Yes,Yes,No,71,One year,Bank transfer (automatic),71,5012.1,No,55,,0,70.59295774647887,1,0,71,5041,1
7402-EYFXX,Salyer,Male,Yes,No,No,26,Month-to-month,Electronic check,93.6,2404.1,No,54,,0,92.46538461538461,2,1,59.8,2433.6,1
9895-VFOXH,Scotia,Female,No,No,No,1,Month-to-month,Mailed check,24.4,24.4,No,61,,0,24.4,2,0,12.7,24.4,0
5701-ZIKJE,Redcrest,Male,No,No,No,13,Month-to-month,Mailed check,50.55,610.75,No,29,,0,46.98076923076923,2,0,31.775,657.15,0
5032-MIYKT,Weott,Female,No,No,No,1,Month-to-month,Mailed check,70.7,70.7,No,28,,0,70.7,2,0,35.85,70.7,0
7396-VJUZB,Willow Creek,Male,No,Yes,Yes,4,Month-to-month,Mailed check,45.25,155.35,No,57,,0,38.8375,2,0,24.625,181,0
9717-QEBGU,Leggett,Male,No,No,No,2,Month-to-month,Electronic check,70.3,144,No,37,,0,72,2,1,36.15,140.6,0
5172-RKOCB,Piercy,Male,No,Yes,No,72,Two year,Credit card (automatic),108.95,7875,No,21,,0,109.375,0,0,90.475,7844.400000000001,1
6509-TSGWN,Whitethorn,Female,No,Yes,Yes,37,Month-to-month,Mailed check,26.45,911.6,No,72,,0,24.63783783783784,2,0,31.725,978.65,0
3178-CIFOT,Amador City,Female,No,No,No,23,One year,Credit card (automatic),19.65,478.1,No,58,,0,20.786956521739132,1,0,21.325,451.95,0
4530-NDRKU,Auburn,Female,No,Yes,Yes,42,One year,Electronic check,19.05,761.85,No,80,,0,18.139285714285716,1,1,30.525,800.1,0
5985-TBABQ,West Sacramento,Female,No,No,No,32,One year,Mailed check,74.75,2282.95,No,66,,0,71.3421875,1,0,53.375,2392,1
9800-ONTFE,Brooks,Female,No,Yes,Yes,22,Month-to-month,Bank transfer (automatic),75.8,1615.1,No,37,,0,73.41363636363636,2,0,48.9,1667.6,0
6743-HHQPF,Capay,Male,No,Yes,No,42,Month-to-month,Credit card (automatic),25.1,1097.15,No,57,,0,26.12261904761905,2,0,33.55,1054.2,0
8455-HIRAQ,Carmichael,Female,No,No,No,8,Month-to-month,Mailed check,44.45,369.3,No,65,,0,46.1625,2,0,26.225,355.6,0
6616-AALSR,Citrus Heights,Female,No,Yes,Yes,65,Two year,Credit card (automatic),104.3,6725.3,No,76,,0,103.46615384615384,0,0,84.65,6779.5,1
9415-ZNBSX,Cool,Female,No,Yes,Yes,70,Two year,Bank transfer (automatic),89,6293.2,No,46,,0,89.90285714285714,0,0,79.5,6230,1
4018-KJYUY,Courtland,Male,No,No,Yes,22,Month-to-month,Credit card (automatic),20.15,432.5,No,78,,0,19.65909090909091,2,0,21.075,443.29999999999995,0
3884-UEBXB,Diamond Springs,Female,No,Yes,Yes,67,Two year,Bank transfer (automatic),36.15,2434.45,No,39,,0,36.33507462686567,0,0,51.575,2422.0499999999997,1
8780-RSYYU,Dixon,Female,No,No,No,25,Month-to-month,Credit card (automatic),19.2,532.1,No,23,,0,21.284000000000002,2,0,22.1,480,0
5537-UXXVS,Citrus Heights,Female,No,Yes,No,20,Month-to-month,Bank transfer (automatic),19.25,375.25,No,68,,0,18.7625,2,0,19.625,385,0
1791-PQHBB,El Dorado,Female,No,No,Yes,2,Month-to-month,Credit card (automatic),61.2,125.95,No,31,,0,62.975,2,0,31.6,122.4,0
8701-DGLVH,Elk Grove,Male,No,No,No,51,Two year,Mailed check,20.45,1042.65,No,65,,0,20.444117647058825,0,0,35.725,1042.95,0
8741-LQOBK,Elmira,Female,No,Yes,Yes,46,Month-to-month,Bank transfer (automatic),35.05,1620.25,No,33,,0,35.22282608695652,2,0,40.525,1612.3,0
8082-GHXOP,Esparto,Male,No,No,Yes,13,Month-to-month,Mailed check,44,659.35,No,24,,0,50.71923076923077,2,0,28.5,572,0
0980-FEXWF,Fiddletown,Male,No,Yes,Yes,26,One year,Mailed check,50.35,1285.8,No,48,,0,49.45384615384615,1,0,38.175,1309.1000000000001,0
3011-WQKSZ,Foresthill,Male,No,No,Yes,19,Month-to-month,Electronic check,20,377.55,No,31,,0,19.871052631578948,2,1,19.5,380,0
8218-FFJDS,Georgetown,Female,No,Yes,No,72,Two year,Bank transfer (automatic),86.4,6058.95,No,27,,0,84.15208333333334,0,0,79.2,6220.8,1
1986-PHGZF,Greenwood,Male,Yes,No,No,18,Month-to-month,Credit card (automatic),58.4,964.9,No,54,,0,53.605555555555554,2,0,38.2,1051.2,0
9360-OMDZZ,Herald,Male,No,No,No,24,Month-to-month,Electronic check,94.1,2322.85,No,69,,0,96.78541666666666,2,1,59.05,2258.3999999999996,1
0345-XMMUG,Ione,Female,No,Yes,No,46,Two year,Credit card (automatic),108.9,4854.3,No,45,,0,105.52826086956522,0,0,77.45,5009.400000000001,1
8024-XNAFQ,Isleton,Female,Yes,No,No,72,Two year,Bank transfer (automatic),107.4,7748.75,No,56,,0,107.62152777777777,0,0,89.7,7732.8,1
2988-GBIVW,Knights Landing,Female,Yes,Yes,No,70,Month-to-month,Electronic check,90.85,6470.1,No,64,,0,92.43,2,1,80.425,6359.5,1
2832-SCUCO,Kirkwood,Female,No,No,No,2,Month-to-month,Electronic check,19.9,57.4,No,40,,0,28.7,2,1,10.95,39.8,0
7036-ZZKBD,Lincoln,Male,No,Yes,No,31,Month-to-month,Credit card (automatic),66.4,2019.8,No,79,,0,65.15483870967742,2,0,48.7,2058.4,1
0265-PSUAE,Lotus,Female,No,Yes,Yes,16,Month-to-month,Bank transfer (automatic),100.7,1522.7,No,72,,0,95.16875,2,0,58.35,1611.2,0
0463-TXOAK,Madison,Male,No,No,Yes,52,Two year,Credit card (automatic),25.6,1334.5,No,76,,0,25.66346153846154,0,0,38.8,1331.2,0
0594-UFTUL,Mather,Male,No,Yes,Yes,13,Month-to-month,Mailed check,19.85,252,No,31,,0,19.384615384615383,2,0,16.425,258.05,0
9509-MPYOD,Newcastle,Female,No,No,No,35,One year,Mailed check,20.75,700.45,No,67,,0,20.012857142857143,1,0,27.875,726.25,0
9128-CPXKI,Nicolaus,Female,No,No,No,59,Two year,Electronic check,95.8,5655.45,No,45,,0,95.85508474576271,0,1,77.4,5652.2,1
0129-KPTWJ,North Highlands,Male,No,Yes,No,72,Month-to-month,Electronic check,94.65,6747.35,No,20,,0,93.71319444444445,2,1,83.325,6814.8,1
5855-EIBDE,Orangevale,Female,No,Yes,No,49,Two year,Credit card (automatic),106.65,5174.35,No,57,,0,105.59897959183674,0,0,77.825,5225.85,1
5365-LLFYV,Penryn,Female,No,No,No,2,Month-to-month,Mailed check,45.85,105.6,No,65,,0,52.8,2,0,23.925,91.7,0
5956-YHHRX,Pilot Hill,Male,Yes,No,No,21,Month-to-month,Electronic check,104.35,2271.85,No,22,,0,108.18333333333332,2,1,62.675,2191.35,1
6008-NAIXK,Pine Grove,Male,Yes,No,No,54,One year,Electronic check,55.45,2966.95,No,58,,0,54.943518518518516,1,1,54.725,2994.3,1
1928-BXYIV,Placerville,Male,No,No,No,1,Month-to-month,Electronic check,61.15,61.15,No,28,,0,61.15,2,1,31.075,61.15,0
5760-FXFVO,Pleasant Grove,Male,No,No,No,6,Month-to-month,Electronic check,78.95,494.95,No,35,,0,82.49166666666666,2,1,42.475,473.70000000000005,0
0961-ZWLVI,Rancho Cordova,Male,No,No,Yes,49,One year,Credit card (automatic),109.2,5290.45,No,44,,0,107.96836734693878,1,0,79.1,5350.8,1
5181-OABFK,Rescue,Female,No,Yes,Yes,56,Two year,Credit card (automatic),61.3,3346.8,No,72,,0,59.76428571428572,0,0,58.65,3432.7999999999997,1
4007-NHVHI,Rio Linda,Female,Yes,No,No,56,Month-to-month,Electronic check,96.85,5219.65,No,57,,0,93.20803571428571,2,1,76.425,5423.599999999999,1
7816-VGHTO,Rio Oso,Female,No,Yes,Yes,6,Two year,Mailed check,40.55,217.5,No,30,,0,36.25,0,0,23.275,243.29999999999998,0
5871-DGTXZ,River Pines,Male,No,No,No,32,One year,Mailed check,19.8,607.7,No,38,,0,18.990625,1,0,25.9,633.6,0
7550-WIQVA,Rocklin,Male,No,Yes,Yes,50,One year,Electronic check,108.25,5431.4,No,71,,0,108.62799999999999,1,1,79.125,5412.5,1
7544-ZVIKX,Roseville,Male,No,Yes,Yes,58,One year,Bank transfer (automatic),105.05,6004.85,No,75,,0,103.53189655172415,1,0,81.525,6092.9,1
3580-REOAC,Bonita,Male,No,No,No,10,Month-to-month,Credit card (automatic),44.85,435.4,Yes,83,Poor expertise of phone support,1,43.54,2,0,27.425,448.5,0
7534-BFESC,Boulevard,Male,Yes,No,No,24,Month-to-month,Electronic check,76.1,1712.7,Yes,98,Price too high,1,71.3625,2,1,50.05,1826.3999999999999,0
6390-DSAZX,Guatay,Female,No,No,No,1,Month-to-month,Mailed check,73.6,73.6,Yes,80,Product dissatisfaction,1,73.6,2,0,37.3,73.6,0
8098-LLAZX,Jacumba,Female,Yes,No,No,4,Month-to-month,Electronic check,95.45,396.1,Yes,85,Service dissatisfaction,1,99.025,2,1,49.725,381.8,0
0265-EDXBD,Mount Laguna,Male,Yes,Yes,No,32,Month-to-month,Electronic check,74.9,2303.35,Yes,69,Lack of self-service on Website,1,71.9796875,2,1,53.45,2396.8,1
7563-BIUPC,Borrego Springs,Male,No,No,No,5,Month-to-month,Electronic check,80.6,415.55,Yes,69,Network reliability,1,83.11,2,1,42.8,403,0
2321-OMBXY,Carlsbad,Female,No,Yes,No,38,One year,Credit card (automatic),80.3,3058.65,Yes,81,Limited range of services,1,80.49078947368422,1,0,59.15,3051.4,1
2840-XANRC,Del Mar,Male,Yes,Yes,No,24,Month-to-month,Electronic check,93.15,2231.05,Yes,73,Lack of affordable download/upload speed,1,92.96041666666667,2,1,58.575,2235.6000000000004,1
5020-ZSTTY,El Cajon,Female,Yes,No,No,54,One year,Bank transfer (automatic),82.45,4350.1,Yes,83,Long distance charges,1,80.55740740740741,1,0,68.225,4452.3,1
5804-LEPIM,Escondido,Female,Yes,No,No,2,Month-to-month,Electronic check,70.35,139.05,Yes,73,Extra data charges,1,69.525,2,1,36.175,140.7,0
0122-OAHPZ,Oceanside,Female,No,No,No,7,Month-to-month,Electronic check,73.85,511.25,Yes,67,Price too high,1,73.03571428571429,2,1,40.425,516.9499999999999,0
2868-SNELZ,Pala,Female,No,No,No,2,Month-to-month,Mailed check,80.6,155.8,Yes,92,Product dissatisfaction,1,77.9,2,0,41.3,161.2,0
4322-RCYMT,Palomar Mountain,Male,No,Yes,No,68,One year,Bank transfer (automatic),75.8,5293.95,Yes,81,Service dissatisfaction,1,77.85220588235293,1,0,71.9,5154.4,1
0016-QLJIS,Sheridan,Female,No,Yes,Yes,65,Two year,Mailed check,90.45,5957.9,No,25,,0,91.66,0,0,77.725,5879.25,1
7508-DQAKK,Shingle Springs,Female,No,No,No,64,Two year,Credit card (automatic),86.4,5442.05,No,33,,0,85.03203125,0,0,75.2,5529.6,1
5176-OLSKT,Sloughhouse,Female,No,Yes,No,66,Two year,Bank transfer (automatic),66.9,4370.25,No,61,,0,66.2159090909091,0,0,66.45,4415.400000000001,1
9356-AXGMP,Somerset,Male,No,Yes,No,38,One year,Electronic check,110.7,4428.6,No,60,,0,116.54210526315791,1,1,74.35,4206.6,1
3556-BVQGL,Sutter Creek,Female,No,Yes,No,20,One year,Mailed check,20,416.45,No,71,,0,20.822499999999998,1,0,20,400,0
8979-CAMGB,Vacaville,Male,Yes,No,No,64,One year,Electronic check,102.1,6688.1,No,47,,0,104.5015625,1,1,83.05,6534.4,1
7581-EBBOU,Volcano,Female,No,No,No,60,One year,Credit card (automatic),70.15,4224.7,No,62,,0,70.41166666666666,1,0,65.075,4209,1
5073-RZGBK,West Sacramento,Female,No,Yes,Yes,50,One year,Bank transfer (automatic),80.05,4042.2,No,26,,0,80.844,1,0,65.025,4002.5,1
2192-CKRLV,Wilton,Female,No,Yes,No,72,Two year,Electronic check,49.2,3580.95,No,33,,0,49.735416666666666,0,1,60.6,3542.4,1
3154-HMWUU,Winters,Male,No,Yes,No,60,Two year,Bank transfer (automatic),20.5,1198.8,No,63,,0,19.98,0,0,40.25,1230,0
6522-OIQSX,Alta,Female,No,Yes,Yes,69,Two year,Credit card (automatic),54.95,3772.5,No,23,,0,54.67391304347826,0,0,61.975,3791.55,1
7813-ZGGAW,Applegate,Male,Yes,No,No,31,Month-to-month,Bank transfer (automatic),96.6,2877.95,No,40,,0,92.83709677419354,2,0,63.8,2994.6,1
1052-QJIBV,Colfax,Female,No,Yes,Yes,71,Two year,Credit card (automatic),19.9,1397.3,No,53,,0,19.680281690140845,0,0,45.45,1412.8999999999999,0
1319-YLZJG,Dutch Flat,Male,No,Yes,No,12,Month-to-month,Electronic check,84.6,959.9,No,31,,0,79.99166666666666,2,1,48.3,1015.1999999999999,0
0723-FDLAY,Gold Run,Male,No,No,No,44,One year,Bank transfer (automatic),85.25,3704.15,No,57,,0,84.18522727272727,1,0,64.625,3751,1
3050-RLLXC,Kyburz,Female,No,Yes,Yes,56,Two year,Credit card (automatic),81.25,4620.4,No,62,,0,82.50714285714285,0,0,68.625,4550,1
9298-WGMRW,Echo Lake,Female,No,Yes,No,72,Two year,Bank transfer (automatic),115.5,8312.75,No,44,,0,115.45486111111111,0,0,93.75,8316,1
3088-LHEFH,Pollock Pines,Female,No,No,No,11,Month-to-month,Bank transfer (automatic),79,929.3,No,33,,0,84.48181818181818,2,0,45,869,0
6583-KQJLK,Twin Bridges,Female,Yes,Yes,No,15,Month-to-month,Electronic check,94.65,1285.05,No,70,,0,85.67,2,1,54.825,1419.75,0
8544-JNBOX,Weimar,Male,No,No,No,72,Two year,Mailed check,20.8,1521.2,No,57,,0,21.12777777777778,0,0,46.4,1497.6000000000001,0
6681-ZSEXG,Rancho Cordova,Male,No,Yes,No,56,Two year,Credit card (automatic),59.5,3389.25,No,71,,0,60.52232142857143,0,0,57.75,3332,1
6139-ZZRBQ,Granite Bay,Male,Yes,No,No,64,Two year,Bank transfer (automatic),20.05,1198.05,No,44,,0,18.71953125,0,0,42.025,1283.2,0
6116-RFVHN,Roseville,Female,No,Yes,No,34,Month-to-month,Electronic check,100.45,3414.65,No,42,,0,100.43088235294118,2,1,67.225,3415.3,1
8884-FEEWR,El Dorado Hills,Male,No,No,No,35,One year,Bank transfer (automatic),20.6,754,No,70,,0,21.542857142857144,1,0,27.8,721,0
3125-RAHBV,Rocklin,Male,No,No,No,22,One year,Credit card (automatic),20.3,467.15,No,55,,0,21.23409090909091,1,0,21.15,446.6,0
0373-AIVNJ,Sacramento,Male,No,No,No,9,One year,Mailed check,39.55,373,No,67,,0,41.44444444444444,1,0,24.275,355.95,0
1682-VCOIO,Sacramento,Male,No,No,No,23,One year,Mailed check,20.45,481.1,No,43,,0,20.917391304347827,1,0,21.725,470.34999999999997,0
2072-ZVJJX,Sacramento,Male,No,Yes,No,68,Two year,Bank transfer (automatic),25.25,1728.2,No,70,,0,25.41470588235294,0,0,46.625,1717,0
8849-AYPTR,Sacramento,Male,No,Yes,No,33,Month-to-month,Electronic check,91.25,2964.05,No,57,,0,89.81969696969698,2,1,62.125,3011.25,1
9518-IMLHK,Sacramento,Male,No,No,No,31,Month-to-month,Bank transfer (automatic),72.45,2156.25,No,77,,0,69.55645161290323,2,0,51.725,2245.9500000000003,1
3646-ITDGM,Sacramento,Female,No,No,No,56,Two year,Bank transfer (automatic),19.7,1051.9,No,56,,0,18.78392857142857,0,0,37.85,1103.2,0
8224-KDLKN,Sacramento,Male,No,Yes,Yes,72,Two year,Bank transfer (automatic),25,1738.9,No,41,,0,24.15138888888889,0,0,48.5,1800,0
7594-LZNWR,Sacramento,Male,Yes,No,No,34,Month-to-month,Credit card (automatic),69.15,2275.1,No,63,,0,66.91470588235293,2,0,51.575,2351.1000000000004,1
4001-TSBTV,Sacramento,Female,No,Yes,Yes,58,Month-to-month,Electronic check,91.55,5511.65,No,49,,0,95.02844827586206,2,1,74.775,5309.9,1
8727-XDPUD,Sacramento,Male,No,No,No,37,Two year,Credit card (automatic),35.8,1316.9,No,68,,0,35.5918918918919,0,0,36.4,1324.6,0
1043-UXOVO,Sacramento,Female,No,No,No,71,Two year,Credit card (automatic),113.15,7993.3,No,35,,0,112.58169014084507,0,0,92.075,8033.650000000001,1
1064-FBXNK,Sacramento,Male,No,Yes,Yes,1,One year,Credit card (automatic),19.85,19.85,No,20,,0,19.85,1,0,10.425,19.85,0
3996-ZNWYK,Sacramento,Male,Yes,Yes,Yes,71,Two year,Credit card (automatic),19.8,1388.45,No,69,,0,19.555633802816903,0,0,45.4,1405.8,0
2878-DHMIN,Sacramento,Male,No,Yes,Yes,35,One year,Electronic check,19.9,666,No,30,,0,19.02857142857143,1,1,27.45,696.5,0
7762-ONLJY,Sacramento,Female,No,Yes,Yes,6,One year,Mailed check,19.7,94.45,No,51,,0,15.741666666666667,1,0,12.85,118.19999999999999,0
5795-BKOYE,Sacramento,Female,No,Yes,Yes,69,One year,Bank transfer (automatic),59.1,4134.7,No,71,,0,59.9231884057971,1,0,64.05,4077.9,1
7402-PWYJJ,Sacramento,Female,No,Yes,No,53,One year,Electronic check,91.15,4862.5,No,44,,0,91.74528301886792,1,1,72.075,4830.950000000001,1
0018-NYROU,Antelope,Female,No,Yes,No,5,Month-to-month,Electronic check,68.95,351.5,No,57,,0,70.3,2,1,36.975,344.75,0
7608-RGIRO,Marysville,Male,No,No,Yes,62,Two year,Mailed check,24.4,1413,No,66,,0,22.79032258064516,0,0,43.2,1512.8,0
0480-BIXDE,Beale Afb,Female,No,Yes,No,19,Month-to-month,Electronic check,96.8,1743.05,No,66,,0,91.73947368421052,2,1,57.9,1839.2,0
5895-QSXOD,Alleghany,Male,No,No,No,9,Month-to-month,Mailed check,70.05,657.5,No,63,,0,73.05555555555556,2,0,39.525,630.4499999999999,0
9814-AOUDH,Arbuckle,Male,No,No,No,53,Two year,Credit card (automatic),19.5,1050.5,No,57,,0,19.82075471698113,0,0,36.25,1033.5,0
6175-IRFIT,Bangor,Male,No,No,No,5,Month-to-month,Mailed check,78.75,426.35,No,66,,0,85.27000000000001,2,0,41.875,393.75,0
8760-ZRHKE,Berry Creek,Female,Yes,Yes,Yes,71,One year,Electronic check,69.2,4982.5,No,65,,0,70.17605633802818,1,1,70.1,4913.2,1
1622-HSHSF,Biggs,Female,No,No,No,1,Month-to-month,Mailed check,19.55,19.55,No,58,,0,19.55,2,0,10.275,19.55,0
6749-UTDVX,Brownsville,Male,No,No,No,72,Two year,Electronic check,103.65,7634.8,No,63,,0,106.03888888888889,0,1,87.825,7462.8,1
5542-DHSXL,Butte City,Female,No,Yes,No,4,Month-to-month,Mailed check,54.7,235.05,No,37,,0,58.7625,2,0,29.35,218.8,0
9102-OXKFY,Camptonville,Male,No,No,No,59,Two year,Credit card (automatic),54.15,3116.15,No,64,,0,52.816101694915254,0,0,56.575,3194.85,1
5216-WASFJ,Challenge,Female,Yes,Yes,No,31,Month-to-month,Electronic check,84.85,2633.4,No,30,,0,84.9483870967742,2,1,57.925,2630.35,1
7808-DVWEP,Chico,Male,No,Yes,No,3,Month-to-month,Bank transfer (automatic),20,49.65,No,44,,0,16.55,2,0,11.5,60,0
2284-VFLKH,Clipper Mills,Male,No,Yes,No,49,One year,Credit card (automatic),99.25,4920.8,No,43,,0,100.42448979591838,1,0,74.125,4863.25,1
0366-NQSHS,Colusa,Male,No,No,No,2,Month-to-month,Mailed check,19.35,46.35,No,52,,0,23.175,2,0,10.675,38.7,0
3807-BPOMJ,Dobbins,Female,No,Yes,No,55,One year,Electronic check,94.75,5276.1,No,63,,0,95.92909090909092,1,1,74.875,5211.25,1
3892-NXAZG,Downieville,Male,No,Yes,Yes,72,Two year,Credit card (automatic),114.05,8289.2,No,72,,0,115.1277777777778,0,0,93.025,8211.6,1
4948-WBBKL,Dunnigan,Female,Yes,No,No,36,Month-to-month,Bank transfer (automatic),74.9,2659.45,No,23,,0,73.8736111111111,2,0,55.45,2696.4,1
4182-BGSIQ,Durham,Female,No,Yes,Yes,10,Month-to-month,Bank transfer (automatic),19.8,196.75,No,49,,0,19.675,2,0,14.9,198,0
0988-AADSA,Forbestown,Female,No,Yes,Yes,72,Two year,Bank transfer (automatic),80.85,5824.75,No,56,,0,80.89930555555556,0,0,76.425,5821.2,1
9972-NKTFD,Forest Ranch,Female,No,No,No,28,Month-to-month,Bank transfer (automatic),54.65,1517.5,No,73,,0,54.19642857142857,2,0,41.325,1530.2,0
3717-LNXKW,Glenn,Male,No,Yes,No,38,Month-to-month,Bank transfer (automatic),91.7,3479.05,No,36,,0,91.55394736842106,2,0,64.85,3484.6,1
5734-EJKXG,Goodyears Bar,Female,No,No,No,61,One year,Electronic check,118.6,7365.7,No,76,,0,120.74918032786886,1,1,89.8,7234.599999999999,1
2207-RYYRL,Grass Valley,Male,No,Yes,Yes,52,Two year,Mailed check,24.55,1331.05,No,28,,0,25.597115384615385,0,0,38.275,1276.6000000000001,0
6729-FZWSY,Penn Valley,Male,No,No,No,67,One year,Mailed check,19.45,1195.95,No,57,,0,17.85,1,0,43.225,1303.1499999999999,0
9695-IDRZR,Greenville,Female,No,No,Yes,34,Two year,Credit card (automatic),116.15,3946.9,No,46,,0,116.08529411764707,0,0,75.075,3949.1000000000004,1
8144-DGHXP,Gridley,Female,No,No,No,54,Two year,Electronic check,80.6,4299.95,No,53,,0,79.6287037037037,0,1,67.3,4352.4,1
7814-LEEVE,Grass Valley,Female,No,Yes,No,1,Month-to-month,Bank transfer (automatic),20.3,20.3,No,54,,0,20.3,2,0,10.65,20.3,0
8631-WUXGY,Magalia,Female,No,No,Yes,46,Month-to-month,Electronic check,99.8,4391.25,No,46,,0,95.46195652173913,2,1,72.9,4590.8,1
5906-DVAPM,Meridian,Female,No,Yes,Yes,55,One year,Credit card (automatic),75,4213.9,No,65,,0,76.61636363636363,1,0,65,4125,1
6654-QGBZZ,Nevada City,Female,No,No,No,1,Month-to-month,Mailed check,19.9,19.9,No,54,,0,19.9,2,0,10.45,19.9,0
8348-JLBUG,North San Juan,Male,Yes,Yes,No,64,One year,Credit card (automatic),80.3,5017.7,No,34,,0,78.4015625,1,0,72.15,5139.2,1
5641-DMBFJ,Oregon House,Female,No,Yes,No,58,Two year,Electronic check,84.3,4916.4,No,69,,0,84.7655172413793,0,1,71.15,4889.4,1
9200-NLNPD,Orland,Male,No,Yes,No,56,One year,Bank transfer (automatic),54.05,2959.8,No,27,,0,52.853571428571435,1,0,55.025,3026.7999999999997,1
2664-XJZNO,Oroville,Male,No,Yes,Yes,72,Two year,Credit card (automatic),104.9,7559.55,No,35,,0,104.99375,0,0,88.45,7552.8,1
3339-EAQNV,Palermo,Male,Yes,Yes,No,72,One year,Credit card (automatic),97.25,7133.1,No,69,,0,99.07083333333334,1,0,84.625,7002,1
0921-OHLVP,Paradise,Male,No,No,No,22,Month-to-month,Electronic check,83.05,1799.3,No,59,,0,81.78636363636363,2,1,52.525,1827.1,0
8350-NYMVI,Chico,Female,No,No,No,39,Month-to-month,Bank transfer (automatic),41.1,1597.05,No,42,,0,40.949999999999996,2,0,40.05,1602.9,0
1600-DILPE,Richvale,Female,No,No,No,12,Month-to-month,Bank transfer (automatic),45,524.35,No,35,,0,43.69583333333333,2,0,28.5,540,0
0536-ESJEP,Rough And Ready,Male,No,Yes,No,54,Two year,Bank transfer (automatic),74.55,4191.45,No,59,,0,77.61944444444444,0,0,64.275,4025.7,1
4654-GGUII,Smartville,Female,No,No,No,18,One year,Mailed check,40.2,711.95,No,48,,0,39.55277777777778,1,0,29.1,723.6,0
6478-HRRCZ,Stirling City,Male,No,Yes,No,32,One year,Mailed check,70.5,2201.75,No,61,,0,68.8046875,1,0,51.25,2256,1
8510-BBWMU,Stonyford,Female,No,No,No,41,One year,Mailed check,19.75,806.95,No,39,,0,19.681707317073172,1,0,30.375,809.75,0
6857-TKDJV,Strawberry Valley,Male,No,Yes,Yes,67,Two year,Bank transfer (automatic),24.65,1620.45,No,62,,0,24.18582089552239,0,0,45.825,1651.55,0
2360-RDGRO,Sutter,Male,No,Yes,No,65,Month-to-month,Electronic check,104.25,6812.95,No,70,,0,104.81461538461538,2,1,84.625,6776.25,1
0584-BJQGZ,Taylorsville,Female,No,No,No,25,Month-to-month,Bank transfer (automatic),78.35,1837.9,No,63,,0,73.516,2,0,51.675,1958.7499999999998,0
1360-XFJMR,Washington,Female,No,Yes,No,67,One year,Credit card (automatic),109.7,7344.45,No,24,,0,109.6186567164179,1,0,88.35,7349.900000000001,1
5730-RIITO,Willows,Female,Yes,No,No,43,Month-to-month,Credit card (automatic),33.45,1500.25,No,79,,0,34.88953488372093,2,0,38.225,1438.3500000000001,0
9058-MJLZC,Yuba City,Female,No,No,No,24,Month-to-month,Electronic check,94.6,2283.15,No,42,,0,95.13125000000001,2,1,59.3,2270.3999999999996,1
0902-XKXPN,Redding,Male,No,Yes,Yes,69,Two year,Bank transfer (automatic),20.2,1376.5,No,78,,0,19.94927536231884,0,0,44.6,1393.8,0
5177-RVZNU,Redding,Female,No,No,Yes,37,One year,Bank transfer (automatic),20.3,755.4,No,43,,0,20.416216216216217,1,0,28.65,751.1,0
0056-EPFBG,Redding,Male,No,Yes,Yes,20,Two year,Credit card (automatic),39.4,825.4,No,29,,0,41.269999999999996,0,0,29.7,788,0
8993-IZEUX,Adin,Male,No,No,No,7,Month-to-month,Bank transfer (automatic),69.15,488.65,No,20,,0,69.80714285714285,2,0,38.075,484.05000000000007,0
0931-MHTEM,Big Bar,Female,No,No,No,54,One year,Credit card (automatic),100.05,5299.65,No,69,,0,98.14166666666667,1,0,77.025,5402.7,1
7515-LODFU,Burney,Male,Yes,No,No,69,Two year,Credit card (automatic),20.3,1356.3,No,21,,0,19.656521739130433,0,0,44.65,1400.7,0
0440-UEDAI,Callahan,Female,No,No,No,53,One year,Credit card (automatic),94.45,5042.75,No,64,,0,95.14622641509433,1,0,73.725,5005.85,1
1337-BOZWO,Canby,Male,No,Yes,Yes,18,One year,Credit card (automatic),46.4,812.4,No,35,,0,45.13333333333333,1,0,32.2,835.1999999999999,0
0868-VJRDR,Cassel,Male,No,Yes,No,64,Two year,Credit card (automatic),104.05,6605.55,No,36,,0,103.21171875,0,0,84.025,6659.2,1
6344-SFJVH,Shasta Lake,Female,No,No,No,20,Month-to-month,Credit card (automatic),24.9,505.95,No,20,,0,25.2975,2,0,22.45,498,0
8041-TMEID,Corning,Male,Yes,Yes,No,63,Two year,Credit card (automatic),108.5,6991.9,No,49,,0,110.98253968253968,0,0,85.75,6835.5,1
7321-ZNSLA,Cottonwood,Male,No,Yes,Yes,13,Two year,Mailed check,40.55,590.35,No,27,,0,45.41153846153846,0,0,26.775,527.15,0
6941-KXRRV,Dorris,Female,Yes,Yes,No,48,One year,Bank transfer (automatic),58.95,2789.7,No,49,,0,58.11875,1,0,53.475,2829.6000000000004,1
8727-JQFHV,Dunsmuir,Male,No,Yes,Yes,57,Two year,Mailed check,20.75,1123.15,No,68,,0,19.704385964912284,0,0,38.875,1182.75,0
9475-NNDGC,Etna,Male,No,Yes,No,71,One year,Bank transfer (automatic),113.15,7953.25,No,75,,0,112.01760563380282,1,0,92.075,8033.650000000001,1
1355-KUSBG,Fall River Mills,Female,No,Yes,Yes,7,Month-to-month,Electronic check,48.8,349.8,No,51,,0,49.971428571428575,2,1,27.9,341.59999999999997,0
3688-FTHLT,Flournoy,Female,No,No,No,16,Month-to-month,Bank transfer (automatic),63.05,1067.05,No,73,,0,66.690625,2,0,39.525,1008.8,0
0899-LIIBW,Forks Of Salmon,Male,No,Yes,No,34,Month-to-month,Electronic check,100.85,3527.3,No,76,,0,103.74411764705883,2,1,67.425,3428.8999999999996,1
1384-RCUXW,French Gulch,Male,No,No,No,16,Month-to-month,Mailed check,80.55,1248.9,No,24,,0,78.05625,2,0,48.275,1288.8,0
5825-XJOCM,Gazelle,Male,No,No,Yes,48,One year,Bank transfer (automatic),64.4,3035.35,No,45,,0,63.23645833333333,1,0,56.2,3091.2000000000003,1
6848-YLDFR,Gerber,Male,No,Yes,Yes,58,One year,Credit card (automatic),75.2,4300.8,No,46,,0,74.15172413793104,1,0,66.6,4361.6,1
8125-QPFJD,Greenview,Female,No,Yes,No,72,Two year,Bank transfer (automatic),84.9,6065.3,No,65,,0,84.24027777777778,0,0,78.45,6112.8,1
2320-YKQBO,Grenada,Female,No,No,No,7,Month-to-month,Mailed check,19.3,144.95,No,57,,0,20.707142857142856,2,0,13.15,135.1,0
4973-RLZVI,Hornbrook,Female,No,No,No,30,One year,Credit card (automatic),74.65,2308.6,No,59,,0,76.95333333333333,1,0,52.325,2239.5,1
7869-ZYDST,Hyampom,Male,No,Yes,No,31,Month-to-month,Credit card (automatic),59.05,1882.8,No,59,,0,60.73548387096774,2,0,45.025,1830.55,0
4501-UYKBC,Igo,Female,Yes,No,No,46,One year,Credit card (automatic),69.1,3255.35,No,30,,0,70.76847826086956,1,0,57.55,3178.6,1
1215-EXRMO,Junction City,Male,No,Yes,No,50,Two year,Mailed check,20.55,1067.65,No,78,,0,21.353,0,0,35.275,1027.5,0
2305-MRGLV,Klamath River,Male,No,Yes,No,28,Month-to-month,Bank transfer (automatic),76.55,2065.4,No,71,,0,73.76428571428572,2,0,52.275,2143.4,1
8404-VIOMB,Lakehead,Female,No,No,No,66,Two year,Bank transfer (automatic),62.5,4136.4,No,57,,0,62.672727272727265,0,0,64.25,4125,1
2359-KLTEK,Lookout,Female,No,Yes,Yes,41,Month-to-month,Bank transfer (automatic),94.9,3848,No,53,,0,93.85365853658537,2,0,67.95,3890.9,1
5304-EFJLP,Los Molinos,Male,Yes,Yes,No,72,Two year,Bank transfer (automatic),111.65,8022.85,No,36,,0,111.42847222222223,0,0,91.825,8038.8,1
2673-ZALNP,Mcarthur,Female,No,No,No,7,One year,Mailed check,19.9,173.15,No,46,,0,24.735714285714288,1,0,13.45,139.29999999999998,0
9184-GALIL,Mccloud,Female,No,Yes,Yes,38,Month-to-month,Mailed check,20.45,781.25,No,43,,0,20.55921052631579,2,0,29.225,777.1,0
4393-RYCRE,Macdoel,Male,No,No,No,44,One year,Electronic check,106.05,4510.8,No,60,,0,102.51818181818182,1,1,75.025,4666.2,1
9746-MDMBK,Manton,Male,No,Yes,Yes,47,One year,Bank transfer (automatic),113.45,5317.8,No,35,,0,113.14468085106384,1,0,80.225,5332.150000000001,1
3162-ZJZFU,Mill Creek,Male,No,Yes,Yes,53,Month-to-month,Electronic check,92.55,4779.45,No,27,,0,90.17830188679245,2,1,72.775,4905.15,1
8404-GFGCZ,Millville,Male,No,Yes,No,4,Month-to-month,Electronic check,65.6,250.1,No,44,,0,62.525,2,1,34.8,262.4,0
8875-AKBYH,Mineral,Male,Yes,No,No,20,Month-to-month,Electronic check,84.35,1745.2,No,70,,0,87.26,2,1,52.175,1687,0
0533-UCAAU,Montgomery Creek,Male,Yes,Yes,No,57,One year,Credit card (automatic),71.1,4140.1,No,40,,0,72.63333333333334,1,0,64.05,4052.7,1
1394-SUIUH,Mount Shasta,Female,Yes,Yes,No,44,Month-to-month,Electronic check,85.15,3670.5,No,45,,0,83.42045454545455,2,1,64.575,3746.6000000000004,1
3521-MNKLV,Nubieber,Male,No,No,No,24,Month-to-month,Mailed check,49.7,1167.8,No,48,,0,48.65833333333333,2,0,36.85,1192.8000000000002,0
2533-TIBIX,Oak Run,Male,No,Yes,Yes,15,Month-to-month,Bank transfer (automatic),30.2,469.65,No,78,,0,31.31,2,0,22.6,453,0
5092-STPKP,Platina,Female,No,No,No,24,Month-to-month,Credit card (automatic),56.35,1381.2,No,42,,0,57.550000000000004,2,0,40.175,1352.4,0
0114-PEGZZ,Round Mountain,Female,No,No,No,33,Month-to-month,Electronic check,107.55,3645.5,No,33,,0,110.46969696969697,2,1,70.275,3549.15,1
3359-DSRKA,Scott Bar,Female,No,Yes,Yes,58,Two year,Mailed check,19.85,1158.85,No,46,,0,19.980172413793102,0,0,38.925,1151.3000000000002,0
8639-NHQEI,Seiad Valley,Female,No,Yes,Yes,72,Two year,Bank transfer (automatic),95.9,6954.15,No,30,,0,96.58541666666666,0,0,83.95,6904.8,1
7161-DFHUF,Shasta,Female,No,Yes,No,71,Two year,Mailed check,23.85,1672.1,No,77,,0,23.55070422535211,0,0,47.425,1693.3500000000001,0
3720-DBRWL,Tehama,Male,No,Yes,No,51,Two year,Credit card (automatic),83.85,4307.1,No,53,,0,84.45294117647059,0,0,67.425,4276.349999999999,1
8565-WUXZU,Vina,Male,Yes,Yes,No,72,Two year,Credit card (automatic),84.8,6141.65,No,54,,0,85.30069444444445,0,0,78.4,6105.599999999999,1
4994-OBRSZ,Weed,Male,No,No,Yes,14,Two year,Bank transfer (automatic),76.1,1054.8,No,33,,0,75.34285714285714,0,0,45.05,1065.3999999999999,0
0562-FGDCR,Whitmore,Female,No,Yes,Yes,72,Two year,Mailed check,74.55,5430.65,No,25,,0,75.42569444444445,0,0,73.275,5367.599999999999,1
2436-QBZFP,Yreka,Female,No,Yes,Yes,22,Month-to-month,Electronic check,39.2,849.9,No,25,,0,38.63181818181818,2,1,30.6,862.4000000000001,0
3420-YJLQT,Alturas,Female,No,No,No,2,Month-to-month,Electronic check,79.55,151.75,No,24,,0,75.875,2,1,40.775,159.1,0
6040-CGACY,Blairsden Graeagle,Female,No,No,No,15,Month-to-month,Mailed check,19.6,299.4,No,35,,0,19.959999999999997,2,0,17.3,294,0
6582-PLFUU,Cedarville,Male,No,Yes,Yes,51,Two year,Credit card (automatic),19.55,1086.75,No,40,,0,21.308823529411764,0,0,35.275,997.0500000000001,0
8242-PDSGJ,Chilcoot,Male,No,Yes,No,70,Two year,Credit card (automatic),39.15,2692.75,No,60,,0,38.46785714285714,0,0,54.575,2740.5,1
0264-CNITK,Clio,Female,No,Yes,Yes,71,Two year,Bank transfer (automatic),20.1,1389.6,No,23,,0,19.57183098591549,0,0,45.55,1427.1000000000001,0
0089-IIQKO,Coleville,Female,No,Yes,Yes,39,Month-to-month,Credit card (automatic),99.95,3767.4,No,43,,0,96.60000000000001,2,0,69.475,3898.05,1
7839-NUIAA,Davis Creek,Female,No,Yes,Yes,61,Month-to-month,Electronic check,59.8,3641.5,No,53,,0,59.69672131147541,2,1,60.4,3647.7999999999997,1
6075-QMNRR,Doyle,Female,No,No,No,52,Month-to-month,Bank transfer (automatic),49.75,2535.55,No,26,,0,48.760576923076925,2,0,50.875,2587,1
5966-EMAZU,Fort Bidwell,Male,No,Yes,No,64,One year,Mailed check,108.5,6880.85,No,22,,0,107.51328125,1,0,86.25,6944,1
0440-EKDCF,Herlong,Male,No,Yes,No,62,Two year,Credit card (automatic),60.15,3753.2,No,80,,0,60.53548387096774,0,0,61.075,3729.2999999999997,1
4774-HHGGS,Janesville,Male,No,Yes,No,30,Two year,Mailed check,19.05,637.55,No,28,,0,21.251666666666665,0,0,24.525,571.5,0
2055-BFOCC,Likely,Male,Yes,Yes,No,63,One year,Bank transfer (automatic),84,5329.55,No,42,,0,84.59603174603176,1,0,73.5,5292,1
8180-AKMJV,Litchfield,Female,No,No,No,1,Month-to-month,Credit card (automatic),44.55,44.55,No,45,,0,44.55,2,0,22.775,44.55,0
4298-OYIFC,Loyalton,Male,No,Yes,No,15,Month-to-month,Electronic check,103.45,1539.8,No,53,,0,102.65333333333334,2,1,59.225,1551.75,0
5566-SOEZD,Madeline,Male,No,Yes,Yes,27,One year,Credit card (automatic),80.65,2209.75,No,31,,0,81.8425925925926,1,0,53.825,2177.55,1
9842-EFSYY,Markleeville,Female,No,No,Yes,4,Month-to-month,Mailed check,57.2,223.75,No,26,,0,55.9375,2,0,30.6,228.8,0
2272-WUSPA,Milford,Female,No,Yes,No,72,Two year,Electronic check,110.75,7751.7,No,34,,0,107.6625,0,1,91.375,7974,1
4584-LBNMK,Portola,Male,Yes,Yes,No,45,One year,Credit card (automatic),24.7,1174.35,No,61,,0,26.096666666666664,1,0,34.85,1111.5,0
3898-GUYTS,Ravendale,Female,Yes,No,No,45,Month-to-month,Electronic check,97.05,4385.05,No,34,,0,97.44555555555556,2,1,71.025,4367.25,1
0930-EHUZA,Calpine,Female,No,No,No,36,One year,Mailed check,76.35,2606.35,No,38,,0,72.39861111111111,1,0,56.175,2748.6,1
9975-SKRNR,Sierraville,Male,No,No,No,1,Month-to-month,Mailed check,18.9,18.9,No,69,,0,18.9,2,0,9.95,18.9,0
3703-KBKZP,Standish,Male,Yes,No,No,16,Month-to-month,Bank transfer (automatic),74.45,1261.35,No,47,,0,78.834375,2,0,45.225,1191.2,0
4973-MGTON,Topaz,Female,No,Yes,No,71,Two year,Credit card (automatic),84.4,5969.3,No,21,,0,84.07464788732395,0,0,77.7,5992.400000000001,1
3682-YEUWS,Tulelake,Male,No,Yes,Yes,10,Month-to-month,Mailed check,24.4,253.9,No,54,,0,25.39,2,0,17.2,244,0
1223-UNPKS,Wendel,Male,No,Yes,Yes,20,Two year,Mailed check,20.05,400,No,24,,0,20,0,0,20.025,401,0
3446-QDSZF,Homewood,Female,No,No,No,4,Month-to-month,Credit card (automatic),55.5,227.35,No,66,,0,56.8375,2,0,29.75,222,0
5117-IFGPS,Tahoe City,Male,Yes,Yes,No,29,Month-to-month,Electronic check,84.3,2357.75,No,67,,0,81.30172413793103,2,1,56.65,2444.7,1
7379-FNIUJ,Olympic Valley,Male,No,No,No,2,Month-to-month,Electronic check,100.2,198.5,No,23,,0,99.25,2,1,51.1,200.4,0
1627-AFWVJ,Tahoe Vista,Female,No,No,No,29,Two year,Mailed check,19.4,554.25,No,35,,0,19.112068965517242,0,0,24.2,562.5999999999999,0
4486-EFAEB,Los Angeles,Male,No,No,No,13,Month-to-month,Electronic check,20.4,251.65,No,54,,0,19.357692307692307,2,1,16.7,265.2,0
1460-UZPRJ,Heber,Male,No,Yes,No,60,Two year,Mailed check,19.95,1258.15,No,72,,0,20.96916666666667,0,0,39.975,1197,0
0060-FUALY,Los Angeles,Female,No,Yes,No,59,Month-to-month,Electronic check,94.75,5597.65,No,26,,0,94.87542372881356,2,1,76.875,5590.25,1
6954-OOYZZ,Los Angeles,Male,No,Yes,No,18,Month-to-month,Bank transfer (automatic),44.35,768.05,No,44,,0,42.669444444444444,2,0,31.175,798.3000000000001,0
7088-FBAWU,Los Angeles,Female,No,Yes,Yes,17,Month-to-month,Mailed check,74.55,1215.8,No,22,,0,71.51764705882353,2,0,45.775,1267.35,0
8313-AFGBW,Los Angeles,Male,No,Yes,No,47,Two year,Electronic check,73.6,3522.65,No,51,,0,74.95,0,1,60.3,3459.2,1
3097-IDVPU,Los Angeles,Male,No,Yes,Yes,19,Month-to-month,Credit card (automatic),50.1,910.45,No,76,,0,47.91842105263158,2,0,34.55,951.9,0
2197-OMWGI,Los Angeles,Female,Yes,Yes,Yes,68,Two year,Electronic check,53,3656.25,No,31,,0,53.768382352941174,0,1,60.5,3604,1
2303-PJYHN,Los Angeles,Female,No,Yes,No,2,Month-to-month,Bank transfer (automatic),19.85,52,No,80,,0,26,2,0,10.925,39.7,0
9795-VOWON,Los Angeles,Male,No,No,No,7,One year,Credit card (automatic),24.35,150.85,No,26,,0,21.55,1,0,15.675,170.45000000000002,0
1237-WIYYZ,Los Angeles,Female,No,No,No,18,Month-to-month,Mailed check,19.55,389.25,No,28,,0,21.625,2,0,18.775,351.90000000000003,0
1987-AUELQ,Los Angeles,Female,No,Yes,No,71,Two year,Credit card (automatic),25.05,1873.7,No,52,,0,26.390140845070423,0,0,48.025,1778.55,0
7852-LECYP,Los Angeles,Male,Yes,Yes,No,13,Month-to-month,Credit card (automatic),93.8,1261,No,43,,0,97,2,0,53.4,1219.3999999999999,0
4822-LPTYJ,Los Angeles,Male,No,Yes,No,72,Two year,Bank transfer (automatic),103.75,7346.2,No,45,,0,102.03055555555555,0,0,87.875,7470,1
8165-CBKXO,Los Angeles,Male,No,Yes,Yes,66,Two year,Credit card (automatic),56.75,3708.4,No,46,,0,56.18787878787879,0,0,61.375,3745.5,1
6527-PZFPV,Los Angeles,Male,No,Yes,Yes,24,One year,Credit card (automatic),20.8,469.65,No,48,,0,19.568749999999998,1,0,22.4,499.20000000000005,0
9593-CVZKR,Los Angeles,Female,No,Yes,Yes,56,Two year,Mailed check,24.45,1385.85,No,52,,0,24.74732142857143,0,0,40.225,1369.2,0
8595-SIZNC,Los Angeles,Female,Yes,Yes,No,22,One year,Bank transfer (automatic),25.6,548.8,No,75,,0,24.94545454545454,1,0,23.8,563.2,0
5236-XMZJY,Los Angeles,Female,No,No,No,42,Month-to-month,Bank transfer (automatic),59.65,2536.55,No,80,,0,60.394047619047626,2,0,50.825,2505.2999999999997,1
4827-DPADN,Los Angeles,Female,No,Yes,Yes,72,Two year,Bank transfer (automatic),83.3,6042.7,No,61,,0,83.92638888888888,0,0,77.65,5997.599999999999,1
2694-CIUMO,Los Angeles,Female,No,No,No,12,Month-to-month,Credit card (automatic),79.55,958.25,No,62,,0,79.85416666666667,2,0,45.775,954.5999999999999,0
5846-ABOBJ,Los Angeles,Male,No,Yes,No,71,Two year,Bank transfer (automatic),24.45,1730.65,No,72,,0,24.375352112676058,0,0,47.725,1735.95,0
1439-LCGVL,Los Angeles,Female,No,Yes,No,26,One year,Mailed check,19.2,459.6,No,39,,0,17.676923076923078,1,0,22.6,499.2,0
0909-SDHNU,Los Angeles,Female,No,No,Yes,7,Month-to-month,Mailed check,29.8,201.95,No,56,,0,28.849999999999998,2,0,18.4,208.6,0
4647-XXZAM,Los Angeles,Female,No,Yes,Yes,6,Month-to-month,Mailed check,45.5,285.2,No,51,,0,47.53333333333333,2,0,25.75,273,0
7740-KKCXF,Los Angeles,Male,No,Yes,No,51,Month-to-month,Credit card (automatic),30.05,1529.45,No,21,,0,29.98921568627451,2,0,40.525,1532.55,0
5360-XGYAZ,Los Angeles,Male,No,Yes,Yes,72,Two year,Bank transfer (automatic),65.65,4664.5,No,47,,0,64.78472222222223,0,0,68.825,4726.8,1
3557-HTYWR,Los Angeles,Female,No,No,No,47,Two year,Mailed check,74.05,3496.3,No,75,,0,74.38936170212766,0,0,60.525,3480.35,1
8920-NAVAY,Los Angeles,Male,Yes,No,No,62,One year,Bank transfer (automatic),110.75,7053.35,No,43,,0,113.76370967741936,1,0,86.375,6866.5,1
1699-TLDLZ,Los Angeles,Female,No,Yes,Yes,16,Two year,Mailed check,19.7,301.55,No,43,,0,18.846875,0,0,17.85,315.2,0
5600-PDUJF,Los Angeles,Male,No,No,No,6,Month-to-month,Credit card (automatic),49.5,312.7,No,75,,0,52.11666666666667,2,0,27.75,297,0
0567-XRHCU,Los Angeles,Female,No,Yes,Yes,69,Two year,Credit card (automatic),43.95,2960.1,No,73,,0,42.9,0,0,56.475,3032.55,1
2067-QYTCF,Los Angeles,Female,No,Yes,No,64,Month-to-month,Electronic check,111.15,6953.4,No,55,,0,108.646875,2,1,87.575,7113.6,1
7407-SUJIZ,Los Angeles,Male,No,No,No,25,Month-to-month,Mailed check,20.6,541.5,No,50,,0,21.66,2,0,22.8,515,0
9150-KPBJQ,Los Angeles,Female,No,No,No,6,Two year,Credit card (automatic),19.65,116.85,No,27,,0,19.474999999999998,0,0,12.825,117.89999999999999,0
0052-DCKON,Los Angeles,Male,No,Yes,No,66,One year,Bank transfer (automatic),115.8,7942.15,No,42,,0,120.33560606060605,1,0,90.9,7642.8,1
3654-ARMGP,Los Angeles,Female,No,No,No,61,Two year,Credit card (automatic),88.65,5321.25,No,79,,0,87.23360655737704,0,0,74.825,5407.650000000001,1
9699-UBQFS,Los Angeles,Female,Yes,Yes,No,43,Month-to-month,Electronic check,94.5,4156.8,No,32,,0,96.66976744186047,2,1,68.75,4063.5,1
9367-TCUYN,Los Angeles,Female,No,No,No,12,Month-to-month,Mailed check,20.1,223.6,No,32,,0,18.633333333333333,2,0,16.05,241.20000000000002,0
1261-FWTTE,Los Angeles,Male,Yes,No,No,23,Month-to-month,Bank transfer (automatic),34.65,768.45,No,67,,0,33.410869565217396,2,0,28.825,796.9499999999999,0
3528-HFRIQ,Los Angeles,Male,Yes,Yes,No,71,Month-to-month,Bank transfer (automatic),52.3,3765.05,No,51,,0,53.02887323943662,2,0,61.65,3713.2999999999997,1
0708-SJDIS,West Hollywood,Female,No,No,No,34,Month-to-month,Mailed check,65,2157.5,No,55,,0,63.455882352941174,2,0,49.5,2210,1
2073-QBVBI,Los Angeles,Female,No,Yes,No,41,One year,Mailed check,35.45,1391.65,No,80,,0,33.94268292682927,1,0,38.225,1453.45,0
6928-ONTRW,Bell,Female,No,Yes,Yes,72,Two year,Credit card (automatic),19.7,1379.8,No,33,,0,19.163888888888888,0,0,45.85,1418.3999999999999,0
3320-VEOYC,Beverly Hills,Male,Yes,No,No,14,Month-to-month,Electronic check,95.6,1273.3,No,78,,0,90.95,2,1,54.8,1338.3999999999999,0
5231-FIQPA,Beverly Hills,Female,No,No,No,41,Two year,Mailed check,19.85,810.45,No,40,,0,19.76707317073171,0,0,30.425,813.85,0
6617-WLBQC,Beverly Hills,Female,No,Yes,Yes,23,One year,Credit card (automatic),81.85,1810.85,No,80,,0,78.73260869565217,1,0,52.425,1882.55,0
2599-CIPQE,Compton,Male,No,Yes,Yes,71,Two year,Credit card (automatic),109.3,7782.85,No,61,,0,109.61760563380282,0,0,90.15,7760.3,1
8774-GSBUN,Compton,Male,No,Yes,No,72,Two year,Mailed check,25.4,1797.1,No,46,,0,24.959722222222222,0,0,48.7,1828.8,0
7326-RIGQZ,Culver City,Male,No,Yes,Yes,6,Month-to-month,Electronic check,69.8,377.85,No,62,,0,62.975,2,1,37.9,418.79999999999995,0
5915-DGNVC,Cambria,Female,No,Yes,No,49,One year,Electronic check,71.8,3472.05,No,79,,0,70.85816326530613,1,1,60.4,3518.2,1
1401-FTHFQ,Culver City,Male,No,Yes,Yes,23,One year,Credit card (automatic),20,445.3,No,62,,0,19.360869565217392,1,0,21.5,460,0
0254-FNMCI,Downey,Female,No,No,No,72,Two year,Electronic check,109.9,7624.2,No,37,,0,105.89166666666667,0,1,90.95,7912.8,1
1848-LBZHY,Downey,Female,No,Yes,No,7,Month-to-month,Bank transfer (automatic),50.3,355.1,No,42,,0,50.728571428571435,2,0,28.65,352.09999999999997,0
8118-TJAFG,Gardena,Male,No,Yes,Yes,9,Month-to-month,Electronic check,101.5,906.85,No,60,,0,100.76111111111112,2,1,55.25,913.5,0
5429-LWCMV,Gardena,Female,No,No,No,12,Month-to-month,Electronic check,89.15,1057.55,No,80,,0,88.12916666666666,2,1,50.575,1069.8000000000002,0
7298-IZWLY,Gardena,Female,No,No,No,1,Month-to-month,Mailed check,19.4,19.4,No,25,,0,19.4,2,0,10.2,19.4,0
9758-MFWGD,Hawthorne,Female,Yes,Yes,Yes,48,One year,Bank transfer (automatic),29.9,1388.75,No,49,,0,28.932291666666668,1,0,38.95,1435.1999999999998,0
3955-JBZZM,Hermosa Beach,Male,No,No,No,20,Month-to-month,Electronic check,78.8,1641.3,No,80,,0,82.065,2,1,49.4,1576,0
4815-TUMEQ,Lynwood,Female,No,No,No,10,One year,Mailed check,19.3,185.2,No,38,,0,18.52,1,0,14.65,193,0
9909-IDLEK,Malibu,Male,No,Yes,Yes,20,Month-to-month,Mailed check,96.8,1826.7,No,26,,0,91.33500000000001,2,0,58.4,1936,0
4092-OFQZS,Manhattan Beach,Male,No,Yes,No,20,One year,Mailed check,20.65,417.5,No,40,,0,20.875,1,0,20.325,413,0
1561-BWHIN,Maywood,Male,No,Yes,Yes,19,One year,Mailed check,19.8,344.5,No,27,,0,18.13157894736842,1,0,19.4,376.2,0
9927-DSWDF,Palos Verdes Peninsula,Male,No,Yes,No,22,Month-to-month,Electronic check,104.6,2180.55,No,68,,0,99.1159090909091,2,1,63.3,2301.2,1
9500-LTVBP,Rancho Palos Verdes,Female,No,No,No,35,Month-to-month,Credit card (automatic),80.05,2835.9,No,31,,0,81.02571428571429,2,0,57.525,2801.75,1
7252-NTGSS,Redondo Beach,Female,No,No,No,1,Month-to-month,Mailed check,45.15,45.15,No,48,,0,45.15,2,0,23.075,45.15,0
8149-AIQCG,Redondo Beach,Male,No,No,No,39,Month-to-month,Credit card (automatic),73.15,2730.85,No,62,,0,70.02179487179487,2,0,56.075,2852.8500000000004,1
1360-JYXKQ,South Gate,Female,Yes,Yes,No,54,One year,Electronic check,99.1,5437.1,No,54,,0,100.68703703703704,1,1,76.55,5351.4,1
0899-WZRSD,Marina Del Rey,Male,No,No,No,56,Month-to-month,Mailed check,105.35,5794.45,No,31,,0,103.47232142857142,2,0,80.675,5899.599999999999,1
3255-GRXMG,Playa Del Rey,Male,No,No,Yes,18,Month-to-month,Credit card (automatic),45.65,747.2,No,75,,0,41.51111111111111,2,0,31.825,821.6999999999999,0
4828-FAZPK,Inglewood,Female,No,Yes,Yes,16,Month-to-month,Credit card (automatic),79.95,1267.95,No,65,,0,79.246875,2,0,47.975,1279.2,0
6094-ZIVKX,Inglewood,Female,No,No,No,68,One year,Credit card (automatic),54.45,3674.95,No,45,,0,54.04338235294117,1,0,61.225,3702.6000000000004,1
6925-BAYGL,Inglewood,Female,Yes,Yes,No,53,Two year,Credit card (automatic),25.1,1275.6,No,70,,0,24.067924528301884,0,0,39.05,1330.3000000000002,0
3262-EIDHV,Inglewood,Female,No,Yes,Yes,72,Two year,Credit card (automatic),84.7,5893.9,No,49,,0,81.85972222222222,0,0,78.35,6098.400000000001,1
7354-OIJLX,Inglewood,Male,No,No,No,9,Month-to-month,Electronic check,75.85,724.65,No,70,,0,80.51666666666667,2,1,42.425,682.65,0
1376-HHBDV,Santa Monica,Female,No,No,No,30,Month-to-month,Mailed check,48.8,1536.75,No,71,,0,51.225,2,0,39.4,1464,0
6133-OZILE,Santa Monica,Female,No,No,No,18,Month-to-month,Electronic check,35.2,607.3,No,32,,0,33.73888888888889,2,1,26.6,633.6,0
4135-FRWKJ,Santa Monica,Female,Yes,Yes,Yes,55,One year,Electronic check,76.25,4154.55,No,42,,0,75.53727272727274,1,1,65.625,4193.75,1
6551-ZCOTS,Torrance,Male,Yes,No,No,33,One year,Bank transfer (automatic),24.9,847.8,No,52,,0,25.690909090909088,1,0,28.95,821.6999999999999,0
7191-ADRGF,Torrance,Male,No,Yes,No,44,Two year,Bank transfer (automatic),54.3,2390.45,No,64,,0,54.32840909090908,0,0,49.15,2389.2,1
5018-LXQQG,Torrance,Female,No,Yes,Yes,30,Month-to-month,Bank transfer (automatic),66.3,1923.5,No,80,,0,64.11666666666666,2,0,48.15,1989,0
6892-BOGQE,Whittier,Female,No,Yes,No,71,Two year,Bank transfer (automatic),20.9,1493.2,No,53,,0,21.03098591549296,0,0,45.95,1483.8999999999999,0
1746-TGTWV,Whittier,Male,No,Yes,No,1,Month-to-month,Credit card (automatic),75.35,75.35,No,70,,0,75.35,2,0,38.175,75.35,0
5995-SNNEW,Whittier,Male,Yes,Yes,No,23,Month-to-month,Electronic check,104.45,2184.85,No,37,,0,94.99347826086957,2,1,63.725,2402.35,1
8050-WYBND,Whittier,Female,No,No,Yes,22,One year,Credit card (automatic),49.45,1031.4,No,28,,0,46.88181818181818,1,0,35.725,1087.9,0
2821-WARNZ,Buena Park,Female,No,No,Yes,49,One year,Credit card (automatic),19.45,921.3,No,34,,0,18.802040816326528,1,0,34.225,953.05,0
4879-GZLFH,Buena Park,Female,No,Yes,Yes,42,Month-to-month,Electronic check,92.15,3875.4,No,33,,0,92.27142857142857,2,1,67.075,3870.3,1
8314-HTWVE,Cypress,Female,No,Yes,Yes,7,Two year,Mailed check,19.85,144.15,No,60,,0,20.592857142857145,0,0,13.425,138.95000000000002,0
9402-ROUMJ,La Habra,Female,No,Yes,Yes,67,One year,Bank transfer (automatic),100.25,6689,No,64,,0,99.83582089552239,1,0,83.625,6716.75,1
2507-QZPQS,La Mirada,Male,No,No,No,15,Month-to-month,Electronic check,95.7,1451.1,No,23,,0,96.74,2,1,55.35,1435.5,0
7159-NOKYQ,Montebello,Male,No,Yes,No,67,Two year,Electronic check,93.15,6368.2,No,59,,0,95.04776119402985,0,1,80.075,6241.05,1
8779-YIQQA,Pico Rivera,Male,No,Yes,Yes,21,One year,Mailed check,19.8,350.1,No,47,,0,16.67142857142857,1,0,20.4,415.8,0
7136-IHZJA,Santa Fe Springs,Female,No,Yes,Yes,40,Month-to-month,Mailed check,71.35,2847.2,No,43,,0,71.17999999999999,2,0,55.675,2854,1
8966-OIQHG,Stanton,Female,No,Yes,Yes,22,One year,Bank transfer (automatic),20.75,452.35,No,59,,0,20.561363636363637,1,0,21.375,456.5,0
7074-STDCN,Artesia,Male,No,No,No,39,Month-to-month,Electronic check,40.6,1494.5,No,58,,0,38.32051282051282,2,1,39.8,1583.4,0
8739-QOTTN,Avalon,Female,No,Yes,No,2,Month-to-month,Mailed check,20.35,41.85,No,74,,0,20.925,2,0,11.175,40.7,0
1399-OUPJN,Bellflower,Female,No,Yes,Yes,57,Two year,Bank transfer (automatic),19.75,1272.05,No,80,,0,22.316666666666666,0,0,38.375,1125.75,0
0277-BKSQP,Harbor City,Male,No,Yes,Yes,8,Month-to-month,Electronic check,54.4,475.1,No,62,,0,59.3875,2,1,31.2,435.2,0
5774-XZTQC,Lakewood,Female,No,Yes,Yes,7,Month-to-month,Mailed check,20.45,150.75,No,75,,0,21.535714285714285,2,0,13.725,143.15,0
2676-SSLTO,Hawaiian Gardens,Male,No,No,No,49,Two year,Bank transfer (automatic),66.15,3199,No,33,,0,65.28571428571429,0,0,57.575,3241.3500000000004,1
6266-QHOJZ,Lomita,Female,No,No,No,65,One year,Electronic check,89.85,5844.65,No,77,,0,89.9176923076923,1,1,77.425,5840.25,1
7269-JISCY,Los Alamitos,Female,No,No,No,55,One year,Bank transfer (automatic),45.05,2462.6,No,39,,0,44.77454545454545,1,0,50.025,2477.75,1
0363-SVHYR,Paramount,Male,No,Yes,Yes,71,Two year,Bank transfer (automatic),86.85,6263.8,No,60,,0,88.22253521126761,0,0,78.925,6166.349999999999,1
8547-NSBBO,San Pedro,Male,No,No,No,35,Month-to-month,Mailed check,96.75,3403.4,No,37,,0,97.24000000000001,2,0,65.875,3386.25,1
6591-QGOYB,Surfside,Male,No,No,No,17,Month-to-month,Bank transfer (automatic),106.65,1672.1,No,25,,0,98.35882352941177,2,0,61.825,1813.0500000000002,0
9070-BCKQP,Wilmington,Female,No,Yes,No,72,Two year,Credit card (automatic),110.15,7881.2,No,21,,0,109.46111111111111,0,0,91.075,7930.8,1
6421-SZVEM,Carson,Female,No,Yes,Yes,28,One year,Bank transfer (automatic),82.85,2320.8,No,75,,0,82.88571428571429,1,0,55.425,2319.7999999999997,1
1328-EUZHC,Carson,Female,No,Yes,No,18,Two year,Mailed check,20.1,370.5,No,30,,0,20.583333333333332,0,0,19.05,361.8,0
8878-RYUKI,Long Beach,Female,No,No,No,52,Month-to-month,Electronic check,59.45,3043.7,No,40,,0,58.5326923076923,2,1,55.725,3091.4,1
9633-DENPU,Long Beach,Female,No,Yes,No,47,Month-to-month,Bank transfer (automatic),58.6,2723.4,No,33,,0,57.94468085106383,2,0,52.8,2754.2000000000003,1
7811-JIVPF,Long Beach,Female,No,No,No,23,Month-to-month,Credit card (automatic),49.7,1081.25,No,47,,0,47.01086956521739,2,0,36.35,1143.1000000000001,0
7113-HIPFI,Long Beach,Male,No,Yes,Yes,66,Two year,Mailed check,65.85,4097.05,No,53,,0,62.07651515151515,0,0,65.925,4346.099999999999,1
8541-QVFKM,Long Beach,Female,No,No,No,8,Month-to-month,Electronic check,73.5,632.2,No,61,,0,79.025,2,1,40.75,588,0
9258-CNWAC,Long Beach,Female,No,Yes,Yes,71,Two year,Credit card (automatic),113.65,8166.8,No,27,,0,115.02535211267606,0,0,92.325,8069.150000000001,1
5371-VYLSX,Long Beach,Female,Yes,No,No,50,Month-to-month,Electronic check,83.4,4113.7,No,68,,0,82.274,2,1,66.7,4170,1
6374-AFWOX,Long Beach,Male,No,Yes,No,46,Two year,Mailed check,65.65,3047.15,No,79,,0,66.24239130434783,0,0,55.825,3019.9,1
5317-FLPJF,Altadena,Female,No,No,No,66,Two year,Bank transfer (automatic),61.35,4193.4,No,67,,0,63.53636363636363,0,0,63.675,4049.1,1
7621-VPNET,Arcadia,Female,No,Yes,No,42,Month-to-month,Credit card (automatic),85.9,3729.75,No,25,,0,88.80357142857143,2,0,63.95,3607.8,1
6034-YMTOB,Arcadia,Female,No,No,No,5,Month-to-month,Mailed check,75.65,399.45,No,40,,0,79.89,2,0,40.325,378.25,0
4903-CNOZC,La Canada Flintridge,Male,No,No,No,29,One year,Credit card (automatic),70.9,1964.6,No,29,,0,67.7448275862069,1,0,49.95,2056.1000000000004,1
4353-HYOJD,Monrovia,Female,No,Yes,Yes,27,Month-to-month,Mailed check,49.85,1336.15,No,75,,0,49.48703703703704,2,0,38.425,1345.95,0
7267-FRMJW,Sierra Madre,Female,No,Yes,Yes,25,Two year,Mailed check,20.1,486.05,No,46,,0,19.442,0,0,22.55,502.50000000000006,0
4188-FRABG,Sunland,Male,No,Yes,No,57,Month-to-month,Electronic check,103.05,5925.75,No,22,,0,103.96052631578948,2,1,80.025,5873.849999999999,1
4128-ETESU,Pasadena,Female,Yes,Yes,No,47,Month-to-month,Electronic check,99.7,4747.2,No,67,,0,101.00425531914894,2,1,73.35,4685.900000000001,1
0620-DLSLK,Pasadena,Female,No,No,No,13,Month-to-month,Mailed check,81.9,1028.9,No,71,,0,79.14615384615385,2,0,47.45,1064.7,0
3850-OKINF,Pasadena,Male,No,Yes,Yes,71,One year,Electronic check,66.2,4692.55,No,62,,0,66.09225352112676,1,1,68.6,4700.2,1
1156-ZFYDO,Glendale,Female,No,No,No,1,Month-to-month,Electronic check,19.75,19.75,No,38,,0,19.75,2,1,10.375,19.75,0
3295-YVUSR,Glendale,Male,Yes,No,No,2,Month-to-month,Mailed check,72.6,154.3,No,47,,0,77.15,2,0,37.3,145.2,0
8016-NCFVO,Glendale,Male,Yes,No,No,55,Month-to-month,Electronic check,116.5,6382.55,No,58,,0,116.04636363636364,2,1,85.75,6407.5,1
4119-ZYPZY,Glendale,Male,Yes,No,No,71,Two year,Electronic check,106.8,7623.2,No,28,,0,107.36901408450704,0,1,88.9,7582.8,1
5549-ZGHFB,Glendale,Male,No,Yes,Yes,50,Two year,Mailed check,24.95,1261.45,No,57,,0,25.229,0,0,37.475,1247.5,0
7577-SWIFR,Glendale,Male,No,No,No,1,Month-to-month,Electronic check,89.25,89.25,No,28,,0,89.25,2,1,45.125,89.25,0
0303-WMMRN,Glendale,Male,No,No,No,5,Month-to-month,Mailed check,19.25,86.05,No,27,,0,17.21,2,0,12.125,96.25,0
6408-OTUBZ,Glendale,Female,No,No,No,66,One year,Bank transfer (automatic),104.55,6779.05,No,53,,0,102.7128787878788,1,0,85.275,6900.3,1
5204-HMGYF,La Crescenta,Female,No,Yes,Yes,49,One year,Mailed check,87.2,4345,No,68,,0,88.6734693877551,1,0,68.1,4272.8,1
1078-TDCRN,Agoura Hills,Female,Yes,Yes,No,3,Month-to-month,Electronic check,30.75,82.85,No,27,,0,27.616666666666664,2,1,16.875,92.25,0
3727-OVPRY,Calabasas,Male,No,Yes,Yes,66,One year,Credit card (automatic),25.7,1714.55,No,43,,0,25.9780303030303,1,0,45.85,1696.2,0
3797-FKOGQ,Canoga Park,Male,No,No,Yes,11,Month-to-month,Electronic check,86.2,893.2,No,41,,0,81.2,2,1,48.6,948.2,0
7622-NXQZR,Canoga Park,Male,No,No,No,28,Month-to-month,Credit card (automatic),30.1,810.85,No,31,,0,28.958928571428572,2,0,29.05,842.8000000000001,0
6196-HBOBZ,Winnetka,Male,No,Yes,No,65,Two year,Electronic check,99.35,6347.55,No,80,,0,97.65461538461538,0,1,82.175,6457.75,1
3970-XGJDU,West Hills,Female,No,No,No,62,Two year,Credit card (automatic),19.2,1123.65,No,64,,0,18.123387096774195,0,0,40.6,1190.3999999999999,0
7017-VFULY,Chatsworth,Female,No,Yes,No,2,Month-to-month,Bank transfer (automatic),20.1,43.15,No,26,,0,21.575,2,0,11.05,40.2,0
5562-YJQGT,Encino,Female,No,No,No,2,Month-to-month,Credit card (automatic),20.35,35.1,No,40,,0,17.55,2,0,11.175,40.7,0
8807-OPMBM,Newbury Park,Female,No,Yes,Yes,55,Two year,Credit card (automatic),25.65,1388,No,42,,0,25.236363636363638,0,0,40.325,1410.75,0
5439-WIKXB,Newhall,Male,Yes,Yes,No,41,Month-to-month,Electronic check,94.55,3851.45,No,45,,0,93.93780487804878,2,1,67.775,3876.5499999999997,1
8294-UIMBA,Northridge,Female,No,No,No,30,One year,Bank transfer (automatic),94.4,2638.1,No,68,,0,87.93666666666667,1,0,62.2,2832,1
8109-YUOHE,Porter Ranch,Male,No,No,No,17,One year,Mailed check,56.1,946.95,No,56,,0,55.70294117647059,1,0,36.55,953.7,0
5840-NVDCG,Pacoima,Female,No,Yes,Yes,16,Two year,Bank transfer (automatic),68.25,1114.85,No,43,,0,69.678125,0,0,42.125,1092,0
8092-NLTGF,Reseda,Male,No,No,No,72,Two year,Bank transfer (automatic),24.75,1777.6,No,35,,0,24.688888888888886,0,0,48.375,1782,0
5928-QLDHB,San Fernando,Male,No,No,No,9,Month-to-month,Electronic check,76.25,684.85,No,62,,0,76.09444444444445,2,1,42.625,686.25,0
9840-EFJQB,Sylmar,Female,No,No,No,1,Month-to-month,Electronic check,74.35,74.35,No,80,,0,74.35,2,1,37.675,74.35,0
0696-UKTOX,North Hills,Male,No,No,Yes,23,Month-to-month,Electronic check,54.15,1312.45,No,80,,0,57.06304347826087,2,1,38.575,1245.45,0
4801-KFYKL,Granada Hills,Male,No,No,Yes,8,Month-to-month,Bank transfer (automatic),19.45,159.2,No,20,,0,19.9,2,0,13.725,155.6,0
3472-OAOOR,Mission Hills,Male,No,Yes,Yes,19,Month-to-month,Mailed check,34.95,610.2,No,79,,0,32.11578947368421,2,0,26.975,664.0500000000001,0
6135-OZQVA,Santa Clarita,Female,No,No,No,7,Month-to-month,Electronic check,53.65,404.35,No,51,,0,57.76428571428572,2,1,30.325,375.55,0
2252-JHJGE,Sun Valley,Male,No,No,No,61,One year,Electronic check,104,6363.45,No,22,,0,104.31885245901638,1,1,82.5,6344,1
4188-PCPIG,Valencia,Female,No,Yes,No,57,Two year,Credit card (automatic),70.35,4124.65,No,32,,0,72.36228070175439,0,0,63.675,4009.95,1
7105-BENQF,Tarzana,Male,No,No,Yes,15,One year,Mailed check,64.85,950.75,No,51,,0,63.38333333333333,1,0,39.925,972.7499999999999,0
7721-DVEKZ,Thousand Oaks,Female,No,No,No,1,Month-to-month,Mailed check,19.65,19.65,No,73,,0,19.65,2,0,10.325,19.65,0
3566-VVORZ,Westlake Village,Female,No,Yes,No,12,Month-to-month,Bank transfer (automatic),45.9,505.95,No,60,,0,42.1625,2,0,28.95,550.8,0
9507-HSMMZ,Thousand Oaks,Male,No,No,No,54,Two year,Mailed check,20,1149.65,No,41,,0,21.289814814814818,0,0,37,1080,0
2480-SQIOB,Woodland Hills,Male,No,Yes,Yes,4,Month-to-month,Electronic check,44.8,169.65,No,63,,0,42.4125,2,1,24.4,179.2,0
7813-TKCVO,Oak Park,Female,No,Yes,No,20,One year,Mailed check,20.35,393.15,No,57,,0,19.6575,1,0,20.175,407,0
0128-MKWSG,Stevenson Ranch,Female,No,No,Yes,26,Month-to-month,Mailed check,45.8,1147,No,45,,0,44.11538461538461,2,0,35.9,1190.8,0
4350-ZTLPI,Van Nuys,Female,No,Yes,No,53,One year,Bank transfer (automatic),108.95,5718.2,No,36,,0,107.89056603773585,1,0,80.975,5774.35,1
0361-HJRDX,Sherman Oaks,Female,No,No,No,68,Two year,Credit card (automatic),64.35,4539.6,No,40,,0,66.75882352941177,0,0,66.175,4375.799999999999,1
5727-MYATE,Van Nuys,Male,No,Yes,Yes,72,Two year,Credit card (automatic),90.8,6397.6,No,46,,0,88.85555555555555,0,0,81.4,6537.599999999999,1
3823-KYNQY,Van Nuys,Male,No,No,No,12,One year,Credit card (automatic),24.95,280.4,No,71,,0,23.366666666666664,1,0,18.475,299.4,0
7570-WELNY,Sherman Oaks,Female,No,Yes,No,68,Two year,Bank transfer (automatic),84.7,5711.05,No,41,,0,83.9860294117647,0,0,76.35,5759.6,1
3021-VLNRJ,Encino,Female,No,No,Yes,50,One year,Credit card (automatic),70.8,3478.15,No,34,,0,69.563,1,0,60.4,3540,1
2080-CAZNM,Burbank,Female,Yes,No,No,41,Month-to-month,Electronic check,104.4,4133.95,No,61,,0,100.8280487804878,2,1,72.7,4280.400000000001,1
1028-FFNJK,Burbank,Male,Yes,Yes,No,30,Month-to-month,Electronic check,101.5,2917.65,No,73,,0,97.25500000000001,2,1,65.75,3045,1
6907-FLBER,Burbank,Male,No,No,No,1,Month-to-month,Electronic check,54.3,54.3,No,78,,0,54.3,2,1,27.65,54.3,0
3001-UNBTL,Burbank,Male,Yes,Yes,Yes,29,Month-to-month,Electronic check,103.95,2964.8,No,58,,0,102.2344827586207,2,1,66.475,3014.55,1
5982-PSMKW,North Hollywood,Female,No,Yes,Yes,23,Two year,Credit card (automatic),91.1,2198.3,No,71,,0,95.57826086956523,0,0,57.05,2095.2999999999997,1
3507-GASNP,North Hollywood,Male,No,No,Yes,60,Two year,Mailed check,19.95,1189.9,No,74,,0,19.831666666666667,0,0,39.975,1197,0
7096-ZNBZI,Studio City,Female,No,Yes,No,72,Two year,Credit card (automatic),26.45,1914.5,No,55,,0,26.59027777777778,0,0,49.225,1904.3999999999999,0
1676-MQAOA,North Hollywood,Male,No,No,No,72,Two year,Bank transfer (automatic),75.1,5336.35,No,55,,0,74.11597222222223,0,0,73.55,5407.2,1
0786-IVLAW,Valley Village,Female,Yes,No,No,66,One year,Bank transfer (automatic),108.1,7238.6,No,20,,0,109.67575757575759,1,0,87.05,7134.599999999999,1
7566-DSRLQ,Rancho Cucamonga,Female,No,Yes,No,72,Two year,Electronic check,110.15,7998.8,No,70,,0,111.09444444444445,0,1,91.075,7930.8,1
7245-JMTTQ,Baldwin Park,Female,No,No,No,51,One year,Electronic check,111.5,5703.25,No,47,,0,111.82843137254902,1,1,81.25,5686.5,1
6050-IJRHS,Chino Hills,Female,No,Yes,Yes,70,One year,Electronic check,106.5,7397,No,41,,0,105.67142857142858,1,1,88.25,7455,1
6202-JVYEU,Chino,Male,No,No,No,9,One year,Electronic check,19.9,164.6,No,31,,0,18.288888888888888,1,1,14.45,179.1,0
8591-TKMZH,Claremont,Male,No,Yes,Yes,59,Two year,Mailed check,111.1,6555.2,No,76,,0,111.10508474576271,0,0,85.05,6554.9,1
0734-OXWBT,Covina,Male,No,No,Yes,3,Month-to-month,Mailed check,70.7,225.65,No,56,,0,75.21666666666667,2,0,36.85,212.10000000000002,0
4282-ACRXS,Covina,Male,Yes,Yes,No,38,Month-to-month,Electronic check,24.85,955.75,No,33,,0,25.151315789473685,2,1,31.425,944.3000000000001,0
0365-TRTPY,Covina,Female,No,No,No,37,Month-to-month,Bank transfer (automatic),91.2,3382.3,No,44,,0,91.41351351351352,2,0,64.1,3374.4,1
7349-ALMUX,Rancho Cucamonga,Male,No,No,No,37,Two year,Bank transfer (automatic),65.6,2313.8,No,27,,0,62.53513513513514,0,0,51.3,2427.2,1
6502-KUGLL,El Monte,Female,No,Yes,Yes,14,Month-to-month,Bank transfer (automatic),59.45,780.85,No,26,,0,55.775,2,0,36.725,832.3000000000001,0
1841-YSJGV,South El Monte,Male,No,Yes,No,72,Two year,Credit card (automatic),109.95,7852.4,No,59,,0,109.0611111111111,0,0,90.975,7916.400000000001,1
3511-BFTJW,Glendora,Male,No,Yes,Yes,72,Two year,Credit card (automatic),38.5,2763,No,58,,0,38.375,0,0,55.25,2772,1
7668-XCFYV,Glendora,Female,Yes,Yes,No,17,Month-to-month,Electronic check,92.55,1614.7,No,23,,0,94.98235294117647,2,1,54.775,1573.35,0
5018-HEKFO,Rowland Heights,Female,No,No,No,10,Month-to-month,Mailed check,24.5,270.15,No,78,,0,27.014999999999997,2,0,17.25,245,0
3976-NLDEZ,Mira Loma,Male,No,No,No,1,Month-to-month,Mailed check,20.6,20.6,No,52,,0,20.6,2,0,10.8,20.6,0
2282-YGNOR,Monterey Park,Female,No,No,No,29,One year,Credit card (automatic),58,1734.5,No,63,,0,59.810344827586206,1,0,43.5,1682,0
5336-UFNZP,Monterey Park,Female,Yes,Yes,Yes,65,One year,Electronic check,107.45,7047.5,No,32,,0,108.42307692307692,1,1,86.225,6984.25,1
6854-EXGSF,Mt Baldy,Female,No,No,No,8,Month-to-month,Bank transfer (automatic),65.5,573.15,No,38,,0,71.64375,2,0,36.75,524,0
1241-EZFMJ,Ontario,Male,No,Yes,No,61,Two year,Bank transfer (automatic),25.45,1538.6,No,41,,0,25.22295081967213,0,0,43.225,1552.45,0
9233-PSYHO,Ontario,Female,Yes,No,No,45,One year,Bank transfer (automatic),100.15,4459.8,No,21,,0,99.10666666666667,1,0,72.575,4506.75,1
5376-PCKNB,Montclair,Male,No,Yes,Yes,72,One year,Credit card (automatic),104.45,7459,No,29,,0,103.59722222222223,1,0,88.225,7520.400000000001,1
8044-BGWPI,Ontario,Male,No,Yes,Yes,12,Month-to-month,Electronic check,21.15,306.05,No,40,,0,25.504166666666666,2,1,16.575,253.79999999999998,0
4060-LDNLU,Diamond Bar,Male,No,No,No,7,Month-to-month,Electronic check,96.2,639.7,No,38,,0,91.38571428571429,2,1,51.6,673.4,0
3589-PPVKW,Pomona,Male,No,No,No,9,Month-to-month,Mailed check,44.4,348.15,No,31,,0,38.68333333333333,2,0,26.7,399.59999999999997,0
5887-IKKYO,Pomona,Male,No,Yes,Yes,58,Two year,Bank transfer (automatic),94.35,5563.65,No,49,,0,95.925,0,0,76.175,5472.299999999999,1
1755-RMCXH,San Dimas,Male,No,Yes,Yes,2,Month-to-month,Mailed check,20.3,40.25,No,38,,0,20.125,2,0,11.15,40.6,0
3858-XHYJO,San Gabriel,Female,No,Yes,No,40,One year,Bank transfer (automatic),105.75,4228.55,No,41,,0,105.71375,1,0,72.875,4230,1
4299-SIMNS,Temple City,Male,No,No,No,9,Month-to-month,Electronic check,81.15,784.45,No,68,,0,87.16111111111111,2,1,45.075,730.35,0
7025-IWFHT,Upland,Male,No,No,No,41,One year,Electronic check,89.55,3729.75,No,66,,0,90.96951219512195,1,1,65.275,3671.5499999999997,1
6261-LHRTG,Upland,Female,No,No,No,26,Month-to-month,Credit card (automatic),54.75,1406.9,No,23,,0,54.111538461538466,2,0,40.375,1423.5,0
7841-FCRQD,Walnut,Female,No,Yes,No,33,One year,Credit card (automatic),53.75,1857.3,No,49,,0,56.28181818181818,1,0,43.375,1773.75,0
2056-EVGZL,West Covina,Male,No,Yes,Yes,68,One year,Credit card (automatic),105.75,7322.5,No,39,,0,107.68382352941177,1,0,86.875,7191,1
8777-MBMTS,West Covina,Female,Yes,Yes,No,65,Two year,Credit card (automatic),105.85,6725.5,No,80,,0,103.46923076923076,0,0,85.425,6880.25,1
7753-USQYQ,West Covina,Male,No,No,No,55,One year,Electronic check,64.2,3627.3,No,40,,0,65.9509090909091,1,1,59.6,3531,1
7661-CPURM,Alhambra,Male,No,No,No,19,One year,Credit card (automatic),87.7,1725.95,No,78,,0,90.83947368421053,1,0,53.35,1666.3,0
6233-HXJMX,Alpine,Female,No,No,No,45,Month-to-month,Credit card (automatic),89.3,4192.15,No,32,,0,93.15888888888888,2,0,67.15,4018.5,1
5902-WBLSE,Bonita,Female,No,Yes,Yes,70,Two year,Credit card (automatic),20.15,1411.2,No,67,,0,20.16,0,0,45.075,1410.5,0
3239-TPHPZ,Chula Vista,Female,No,Yes,No,12,Two year,Electronic check,20.05,264.55,No,74,,0,22.045833333333334,0,1,16.025,240.60000000000002,0
5115-GZDEL,Chula Vista,Male,No,No,Yes,72,Two year,Credit card (automatic),67.2,4671.7,No,25,,0,64.88472222222222,0,0,69.6,4838.400000000001,1
3338-CVVEH,Chula Vista,Male,No,No,No,12,Month-to-month,Electronic check,94.55,1173.55,No,25,,0,97.79583333333333,2,1,53.275,1134.6,0
2615-YVMYX,Chula Vista,Male,Yes,Yes,No,71,Month-to-month,Electronic check,107.5,7713.55,No,64,,0,108.64154929577465,2,1,89.25,7632.5,1
2851-STERV,Descanso,Male,Yes,No,No,35,One year,Electronic check,73,2471.25,No,59,,0,70.60714285714286,1,1,54,2555,1
4393-GEADV,Dulzura,Male,No,Yes,Yes,70,Two year,Credit card (automatic),114.75,7842.3,No,72,,0,112.03285714285714,0,0,92.375,8032.5,1
8486-AYEQH,Guatay,Female,No,No,No,31,Month-to-month,Electronic check,76.05,2227.8,No,63,,0,71.86451612903227,2,1,53.525,2357.5499999999997,1
5419-JKZNQ,La Mesa,Male,Yes,Yes,No,30,Month-to-month,Mailed check,77.9,2351.45,No,49,,0,78.38166666666666,2,0,53.95,2337,1
2495-KZNFB,La Mesa,Female,No,No,No,33,Month-to-month,Electronic check,90.65,2989.6,No,44,,0,90.5939393939394,2,1,61.825,2991.4500000000003,1
1409-PHXTF,Lemon Grove,Male,Yes,Yes,No,54,Two year,Electronic check,110.45,6077.75,No,77,,0,112.55092592592592,0,1,82.225,5964.3,1
4560-WQAQW,Mount Laguna,Female,No,No,No,59,One year,Bank transfer (automatic),68.7,4070.95,No,29,,0,68.99915254237288,1,0,63.85,4053.3,1
9591-YVTEB,National City,Male,Yes,No,No,55,Month-to-month,Electronic check,44.85,2479.05,No,49,,0,45.07363636363637,2,1,49.925,2466.75,1
9309-BZGNT,Pine Valley,Male,Yes,Yes,No,69,One year,Credit card (automatic),29.8,2134.3,No,43,,0,30.93188405797102,1,0,49.4,2056.2000000000003,1
4274-DRSQT,Potrero,Female,No,No,No,66,One year,Bank transfer (automatic),88.9,6000.1,No,27,,0,90.91060606060607,1,0,77.45,5867.400000000001,1
2027-DNKIV,Spring Valley,Male,No,Yes,Yes,37,One year,Mailed check,58.75,2203.1,No,31,,0,59.54324324324324,1,0,47.875,2173.75,1
8075-GXIUB,Spring Valley,Male,Yes,Yes,No,9,One year,Credit card (automatic),19.85,183.15,No,59,,0,20.35,1,0,14.425,178.65,0
2885-HIJDH,Tecate,Male,No,Yes,Yes,69,Two year,Bank transfer (automatic),86.9,6194.1,No,49,,0,89.7695652173913,0,0,77.95,5996.1,1
5424-RLQLC,Bonsall,Male,No,No,No,10,Month-to-month,Mailed check,59.65,638.95,No,20,,0,63.895,2,0,34.825,596.5,0
6507-DTJZV,Cardiff By The Sea,Male,No,No,Yes,13,Month-to-month,Credit card (automatic),66.4,831.75,No,43,,0,63.98076923076923,2,0,39.7,863.2,0
7673-BQGKU,Carlsbad,Female,No,Yes,Yes,69,Two year,Bank transfer (automatic),20.15,1337.5,No,23,,0,19.384057971014492,0,0,44.575,1390.35,0
6723-WSNTY,Del Mar,Female,Yes,Yes,No,66,One year,Credit card (automatic),108.1,7181.95,No,35,,0,108.81742424242424,1,0,87.05,7134.599999999999,1
2725-IWWBA,El Cajon,Male,No,Yes,Yes,46,One year,Mailed check,56.9,2560.1,No,44,,0,55.654347826086955,1,0,51.45,2617.4,1
1061-PNTHC,Encinitas,Female,No,Yes,Yes,56,Month-to-month,Mailed check,109.6,5953,No,67,,0,106.30357142857143,2,0,82.8,6137.599999999999,1
0394-YONDK,Escondido,Male,No,Yes,Yes,70,Two year,Credit card (automatic),25.15,1790.15,No,39,,0,25.57357142857143,0,0,47.575,1760.5,0
6574-MCOEH,Escondido,Female,No,Yes,Yes,33,One year,Electronic check,79.15,2531.4,No,73,,0,76.70909090909092,1,1,56.075,2611.9500000000003,1
7399-QHBJS,Escondido,Female,No,Yes,Yes,72,Two year,Credit card (automatic),66.75,4760.3,No,65,,0,66.11527777777778,0,0,69.375,4806,1
0997-YTLNY,Escondido,Female,No,No,Yes,19,Month-to-month,Mailed check,48.8,953.65,No,74,,0,50.19210526315789,2,0,33.9,927.1999999999999,0
9479-HYNYL,La Jolla,Female,No,Yes,No,71,Two year,Credit card (automatic),80.7,5705.05,No,24,,0,80.35281690140846,0,0,75.85,5729.7,1
9708-KFDBY,Oceanside,Male,No,No,No,1,Month-to-month,Credit card (automatic),20.55,20.55,No,28,,0,20.55,2,0,10.775,20.55,0
3642-GKTCT,Oceanside,Female,No,No,No,61,One year,Mailed check,115.1,6993.65,No,53,,0,114.64999999999999,1,0,88.05,7021.099999999999,1
0774-RMNUW,Pala,Female,No,Yes,Yes,71,Two year,Bank transfer (automatic),59.7,4122.65,No,63,,0,58.06549295774647,0,0,65.35,4238.7,1
1334-PDUKM,Palomar Mountain,Female,No,Yes,No,68,One year,Credit card (automatic),86.45,5762.95,No,39,,0,84.74926470588235,1,0,77.225,5878.6,1
0756-MPZRL,Pauma Valley,Male,No,No,No,46,One year,Credit card (automatic),33.7,1537.85,No,22,,0,33.43152173913043,1,0,39.85,1550.2,0
2242-MFOTG,Poway,Male,No,No,No,33,One year,Bank transfer (automatic),80.1,2603.3,No,54,,0,78.88787878787879,1,0,56.55,2643.2999999999997,1
2927-CVULT,Ramona,Female,No,Yes,Yes,53,Two year,Bank transfer (automatic),104.05,5566.4,No,43,,0,105.02641509433961,0,0,78.525,5514.65,1
2144-BFDSO,Ranchita,Female,Yes,Yes,No,50,Month-to-month,Bank transfer (automatic),108.75,5431.9,No,54,,0,108.63799999999999,2,0,79.375,5437.5,1
8745-PVESG,Rancho Santa Fe,Female,No,No,No,57,One year,Credit card (automatic),41.1,2258.25,No,41,,0,39.61842105263158,1,0,49.05,2342.7000000000003,1
7647-GYYKX,San Marcos,Female,No,Yes,Yes,54,Two year,Bank transfer (automatic),20.35,1092.35,No,79,,0,20.2287037037037,0,0,37.175,1098.9,0
5647-FXOTP,Santa Ysabel,Female,Yes,Yes,No,60,Month-to-month,Electronic check,105.9,6401.25,No,40,,0,106.6875,2,1,82.95,6354,1
9700-ISPUP,Valley Center,Female,No,Yes,Yes,10,Month-to-month,Electronic check,65.5,616.9,No,44,,0,61.69,2,1,37.75,655,0
9839-ETQOE,Vista,Male,No,No,Yes,43,Month-to-month,Electronic check,40.45,1912.85,No,72,,0,44.48488372093023,2,1,41.725,1739.3500000000001,0
6078-VESFR,Vista,Male,Yes,Yes,No,13,Month-to-month,Bank transfer (automatic),70.45,849.1,No,53,,0,65.31538461538462,2,0,41.725,915.85,0
9027-TMATR,Warner Springs,Female,No,Yes,No,43,Two year,Electronic check,78.8,3460.3,No,24,,0,80.47209302325582,0,1,60.9,3388.4,1
1941-HOSAM,San Diego,Male,No,Yes,Yes,1,Month-to-month,Electronic check,90.1,90.1,No,47,,0,90.1,2,1,45.55,90.1,0
9110-HSGTV,San Diego,Female,No,No,No,69,Two year,Credit card (automatic),82.45,5555.3,No,80,,0,80.51159420289855,0,0,75.725,5689.05,1
0704-VCUMB,San Diego,Female,No,Yes,No,61,Two year,Credit card (automatic),20.25,1278.8,No,55,,0,20.963934426229507,0,0,40.625,1235.25,0
6171-ZTVYB,San Diego,Male,No,Yes,No,43,Month-to-month,Bank transfer (automatic),66.25,2907.35,No,29,,0,67.61279069767441,2,0,54.625,2848.75,1
1935-IMVBB,San Diego,Male,No,Yes,No,56,Month-to-month,Mailed check,89.7,4952.95,No,49,,0,88.44553571428571,2,0,72.85,5023.2,1
2535-PBCGC,San Diego,Female,No,Yes,No,70,Two year,Bank transfer (automatic),64.55,4504.9,No,30,,0,64.35571428571428,0,0,67.275,4518.5,1
1470-PSXNM,San Diego,Male,No,Yes,Yes,49,One year,Electronic check,93.65,4520.15,No,65,,0,92.24795918367346,1,1,71.325,4588.85,1
2498-XLDZR,San Diego,Female,No,Yes,Yes,32,Two year,Mailed check,73.6,2316.85,No,42,,0,72.4015625,0,0,52.8,2355.2,1
9866-OCCKE,San Diego,Female,Yes,Yes,No,72,Two year,Mailed check,109.75,8075.35,No,34,,0,112.1576388888889,0,0,90.875,7902,1
5338-YHWYT,San Diego,Male,No,No,Yes,37,Two year,Credit card (automatic),61.45,2302.35,No,77,,0,62.225675675675674,0,0,49.225,2273.65,1
7718-UPSKJ,San Diego,Female,No,Yes,No,69,One year,Credit card (automatic),106.4,7251.9,No,26,,0,105.1,1,0,87.7,7341.6,1
8731-WBBMB,San Diego,Female,No,Yes,No,26,Month-to-month,Bank transfer (automatic),81.9,2078.55,No,55,,0,79.94423076923077,2,0,53.95,2129.4,1
1448-CYWKC,Coronado,Female,No,Yes,Yes,58,One year,Credit card (automatic),105.2,6225.4,No,59,,0,107.33448275862068,1,0,81.6,6101.6,1
4846-WHAFZ,Whittier,Female,Yes,Yes,Yes,37,Month-to-month,Electronic check,76.5,2868.15,Yes,67,Extra data charges,1,77.51756756756757,2,1,56.75,2830.5,1
5299-RULOA,Whittier,Female,No,Yes,Yes,10,Month-to-month,Electronic check,100.25,1064.65,Yes,87,Price too high,1,106.465,2,1,55.125,1002.5,0
0404-SWRVG,La Habra,Male,No,No,Yes,3,Month-to-month,Electronic check,74.4,229.55,Yes,76,Product dissatisfaction,1,76.51666666666667,2,1,38.7,223.20000000000002,0
4412-YLTKF,Pico Rivera,Female,Yes,No,Yes,27,Month-to-month,Electronic check,78.05,2135.5,Yes,95,Service dissatisfaction,1,79.0925925925926,2,1,52.525,2107.35,1
6207-WIOLX,Avalon,Female,No,Yes,No,25,Month-to-month,Credit card (automatic),58.6,1502.65,Yes,99,Lack of self-service on Website,1,60.106,2,0,41.8,1465,0
3091-FYHKI,Harbor City,Male,No,No,No,1,Month-to-month,Electronic check,35.45,35.45,Yes,80,Network reliability,1,35.45,2,1,18.225,35.45,0
2372-HWUHI,Lakewood,Male,No,No,No,2,Month-to-month,Electronic check,44.35,81.25,Yes,76,Don't know,1,40.625,2,1,23.175,88.7,0
0390-DCFDQ,Los Alamitos,Female,Yes,Yes,Yes,1,Month-to-month,Mailed check,70.45,70.45,Yes,76,Don't know,1,70.45,2,0,35.725,70.45,0
4080-OGPJL,San Pedro,Female,No,No,No,8,Month-to-month,Electronic check,71.15,563.65,Yes,66,Don't know,1,70.45625,2,1,39.575,569.2,0
2135-RXIHG,Carson,Male,No,No,No,1,Month-to-month,Electronic check,45.65,45.65,Yes,73,Poor expertise of online support,1,45.65,2,1,23.325,45.65,0
3874-EQOEP,Long Beach,Male,No,No,Yes,7,Month-to-month,Mailed check,95,655.5,Yes,94,Poor expertise of phone support,1,93.64285714285714,2,0,51,665,0
0867-MKZVY,Altadena,Female,No,Yes,Yes,20,Month-to-month,Electronic check,82.4,1592.35,Yes,86,Price too high,1,79.61749999999999,2,1,51.2,1648,0
3376-BMGFE,Monrovia,Female,No,No,Yes,4,Month-to-month,Bank transfer (automatic),70.9,273,Yes,75,Product dissatisfaction,1,68.25,2,0,37.45,283.6,0
3445-HXXGF,Sierra Madre,Male,Yes,Yes,No,58,Month-to-month,Electronic check,45.3,2651.2,Yes,100,Service dissatisfaction,1,45.710344827586205,2,1,51.65,2627.3999999999996,1
1875-QIVME,Tujunga,Female,No,Yes,Yes,2,Month-to-month,Electronic check,104.4,242.8,Yes,83,Lack of self-service on Website,1,121.4,2,1,53.2,208.8,0
7901-IIDQV,San Diego,Male,No,No,No,24,One year,Bank transfer (automatic),54.6,1242.25,No,51,,0,51.760416666666664,1,0,39.3,1310.4,0
2690-DVRVK,San Diego,Male,No,Yes,Yes,5,One year,Electronic check,20.55,99.45,No,54,,0,19.89,1,1,12.775,102.75,0
1270-XKUCC,San Diego,Female,No,Yes,Yes,30,Two year,Mailed check,19.7,599.25,No,38,,0,19.975,0,0,24.85,591,0
0334-ZFJSR,San Diego,Female,No,Yes,No,55,One year,Credit card (automatic),66.05,3462.1,No,68,,0,62.947272727272725,1,0,60.525,3632.75,1
5583-EJXRD,San Diego,Male,No,Yes,Yes,44,Two year,Credit card (automatic),54.05,2375.2,No,68,,0,53.98181818181818,0,0,49.025,2378.2,1
4565-EVZMJ,San Diego,Female,No,No,No,47,One year,Mailed check,58.9,2813.05,No,40,,0,59.85212765957447,1,0,52.95,2768.2999999999997,1
3327-YBAKM,San Diego,Female,No,Yes,No,64,One year,Mailed check,96.9,6314.35,No,55,,0,98.66171875,1,0,80.45,6201.6,1
9441-QHEVC,San Diego,Male,No,No,No,1,Month-to-month,Mailed check,19.1,19.1,No,30,,0,19.1,2,0,10.05,19.1,0
6705-LNMDD,San Diego,Male,No,No,No,20,Month-to-month,Mailed check,50,1003.05,No,46,,0,50.152499999999996,2,0,35,1000,0
2580-ASVVY,San Ysidro,Female,No,Yes,No,37,Two year,Electronic check,45.4,1593.1,No,33,,0,43.056756756756755,0,1,41.2,1679.8,0
3370-GQEAL,Indio,Male,No,Yes,Yes,30,Month-to-month,Electronic check,85.45,2509.95,No,21,,0,83.66499999999999,2,1,57.725,2563.5,1
5032-USPKF,Indio,Female,No,No,No,38,One year,Bank transfer (automatic),84.1,3187.65,No,78,,0,83.88552631578948,1,0,61.05,3195.7999999999997,1
4254-QPEDE,Banning,Female,No,Yes,No,52,Two year,Credit card (automatic),66.25,3330.1,No,23,,0,64.04038461538461,0,0,59.125,3445,1
6283-GITPX,Beaumont,Male,No,No,Yes,71,Two year,Credit card (automatic),76.9,5522.7,No,26,,0,77.78450704225352,0,0,73.95,5459.900000000001,1
0771-CHWSK,Brawley,Male,No,No,No,66,Two year,Credit card (automatic),74.6,4798.4,No,78,,0,72.7030303030303,0,0,70.3,4923.599999999999,1
9788-HNGUT,Cabazon,Male,No,Yes,No,72,Two year,Credit card (automatic),116.95,8594.4,No,78,,0,119.36666666666666,0,0,94.475,8420.4,1
9495-REDIY,Calexico,Male,No,No,Yes,25,One year,Credit card (automatic),40.65,970.55,No,29,,0,38.821999999999996,1,0,32.825,1016.25,0
5375-XLDOF,Calipatria,Male,No,Yes,Yes,69,Two year,Bank transfer (automatic),114.35,7665.8,No,51,,0,111.09855072463769,0,0,91.675,7890.15,1
1172-VIYBP,Cathedral City,Male,No,Yes,Yes,53,Two year,Bank transfer (automatic),69.7,3686.05,No,22,,0,69.54811320754717,0,0,61.35,3694.1000000000004,1
6559-PDZLR,Desert Center,Male,No,No,No,26,Month-to-month,Electronic check,98.65,2537,No,62,,0,97.57692307692308,2,1,62.325,2564.9,1
8992-OBVDG,Desert Hot Springs,Male,No,No,No,21,Month-to-month,Mailed check,61.65,1393.6,No,63,,0,66.36190476190475,2,0,41.325,1294.6499999999999,0
4273-MBHYA,Desert Hot Springs,Female,No,No,Yes,1,Month-to-month,Electronic check,89.35,89.35,No,38,,0,89.35,2,1,45.175,89.35,0
4724-WXVWF,Earp,Male,No,No,No,48,Month-to-month,Electronic check,95.4,4445.3,No,33,,0,92.61041666666667,2,1,71.7,4579.200000000001,1
5701-GUXDC,El Centro,Female,No,Yes,No,26,One year,Credit card (automatic),35.4,978.6,No,29,,0,37.63846153846154,1,0,30.7,920.4,0
6082-GLJIX,Holtville,Male,No,No,No,18,Month-to-month,Mailed check,19.25,331.35,No,22,,0,18.408333333333335,2,0,18.625,346.5,0
2495-TTHBQ,La Quinta,Female,No,No,Yes,4,One year,Mailed check,20.4,84.75,No,24,,0,21.1875,1,0,12.2,81.6,0
0485-ZBSLN,Mecca,Male,No,Yes,Yes,65,Two year,Credit card (automatic),24.75,1715.1,No,39,,0,26.386153846153846,0,0,44.875,1608.75,0
3810-PJUHR,Morongo Valley,Male,No,Yes,Yes,70,Two year,Mailed check,25.35,1715.15,No,69,,0,24.502142857142857,0,0,47.675,1774.5,0
0847-HGRML,North Palm Springs,Male,No,No,Yes,62,Two year,Bank transfer (automatic),20,1250.1,No,37,,0,20.16290322580645,0,0,41,1240,0
8232-CTLKO,Ocotillo,Female,No,Yes,Yes,66,Two year,Electronic check,59.75,3996.8,No,80,,0,60.55757575757576,0,1,62.875,3943.5,1
9227-YBAXE,Palm Desert,Female,No,Yes,Yes,65,Two year,Bank transfer (automatic),82.5,5215.1,No,26,,0,80.2323076923077,0,0,73.75,5362.5,1
9860-LISIZ,Palm Springs,Female,No,No,No,34,Month-to-month,Mailed check,20.35,673.2,No,68,,0,19.8,2,0,27.175,691.9000000000001,0
0112-QAWRZ,Palo Verde,Male,No,Yes,Yes,16,Month-to-month,Bank transfer (automatic),90.8,1442.2,No,66,,0,90.1375,2,0,53.4,1452.8,0
2786-GCDPI,Pioneertown,Female,Yes,No,No,50,Month-to-month,Electronic check,104.95,5222.35,No,39,,0,104.447,2,1,77.475,5247.5,1
4043-MKDTV,Rancho Mirage,Male,No,Yes,No,71,Two year,Electronic check,105.25,7291.75,No,31,,0,102.70070422535211,0,1,88.125,7472.75,1
9229-RQABD,Salton City,Male,No,No,No,18,One year,Mailed check,23.75,424.5,No,70,,0,23.583333333333332,1,0,20.875,427.5,0
8313-KTIHG,Thousand Palms,Male,No,No,No,4,Month-to-month,Electronic check,61.3,249.4,No,58,,0,62.35,2,1,32.65,245.2,0
5320-BRKGK,Twentynine Palms,Female,No,Yes,Yes,58,Two year,Mailed check,75.8,4415.75,No,62,,0,76.13362068965517,0,0,66.9,4396.4,1
6284-KMNUF,Twentynine Palms,Female,No,Yes,No,56,One year,Electronic check,98,5270.6,No,25,,0,94.11785714285715,1,1,77,5488,1
6229-UOLQL,White Water,Male,No,Yes,Yes,56,One year,Mailed check,52,2884.9,No,55,,0,51.51607142857143,1,0,54,2912,1
3137-LUPIX,Yucca Valley,Female,No,No,No,4,Month-to-month,Mailed check,64.4,253,No,61,,0,63.25,2,0,34.2,257.6,0
6143-JQKEA,Adelanto,Male,No,No,No,10,Month-to-month,Credit card (automatic),45.8,436.2,No,80,,0,43.62,2,0,27.9,458,0
8676-OOQEJ,Amboy,Male,No,No,No,4,Month-to-month,Electronic check,30.5,118.4,No,29,,0,29.6,2,1,17.25,122,0
9701-CDXHR,Apple Valley,Female,No,Yes,No,51,Month-to-month,Mailed check,69.15,3649.6,No,55,,0,71.56078431372549,2,0,60.075,3526.65,1
8124-NZVGJ,Baker,Female,No,No,No,6,One year,Mailed check,49.25,255.6,No,52,,0,42.6,1,0,27.625,295.5,0
2162-FRZAA,Fort Irwin,Male,No,Yes,Yes,63,Two year,Bank transfer (automatic),39.35,2395.05,No,24,,0,38.01666666666667,0,0,51.175,2479.05,1
5118-MUEYH,Grand Terrace,Female,No,Yes,No,48,Month-to-month,Credit card (automatic),105.1,5083.55,No,42,,0,105.90729166666667,2,0,76.55,5044.799999999999,1
5627-TVBPP,Big Bear Lake,Female,No,No,Yes,35,One year,Credit card (automatic),20.1,644.5,No,72,,0,18.414285714285715,1,0,27.55,703.5,0
3936-QQFLL,Calimesa,Male,No,No,No,2,Month-to-month,Mailed check,19.75,39.3,No,67,,0,19.65,2,0,10.875,39.5,0
2589-AYCRP,Cedar Glen,Female,No,No,No,50,One year,Bank transfer (automatic),19.75,989.05,No,71,,0,19.781,1,0,34.875,987.5,0
4067-HLYQI,Colton,Female,No,No,No,33,Month-to-month,Bank transfer (automatic),70.4,2406.1,No,29,,0,72.9121212121212,2,0,51.7,2323.2000000000003,1
5124-EOGYE,Crestline,Male,No,No,No,31,Two year,Mailed check,20.45,638.55,No,35,,0,20.598387096774193,0,0,25.725,633.9499999999999,0
5057-RKGLH,Daggett,Female,No,Yes,Yes,9,Two year,Mailed check,20.35,191.1,No,70,,0,21.233333333333334,0,0,14.675,183.15,0
0292-WEGCH,Death Valley,Female,No,Yes,Yes,54,Month-to-month,Electronic check,86.2,4524.05,No,45,,0,83.77870370370371,2,1,70.1,4654.8,1
8910-ICHIU,Essex,Female,No,No,No,46,One year,Credit card (automatic),95.65,4664.2,No,54,,0,101.39565217391304,1,0,70.825,4399.900000000001,1
4097-YODCF,Fawnskin,Male,No,No,Yes,34,One year,Electronic check,103.8,3470.8,No,78,,0,102.08235294117648,1,1,68.9,3529.2,1
9715-WZCLW,Fontana,Male,No,Yes,Yes,71,Two year,Electronic check,97.2,6910.3,No,43,,0,97.32816901408451,0,1,84.1,6901.2,1
9786-YWNHU,Fontana,Female,No,Yes,Yes,63,Two year,Mailed check,63.55,4014.2,No,48,,0,63.717460317460315,0,0,63.275,4003.6499999999996,1
6407-GSJNL,Fontana,Female,No,No,No,51,Two year,Bank transfer (automatic),24.95,1288,No,77,,0,25.254901960784313,0,0,37.975,1272.45,0
4049-ZPALD,Forest Falls,Female,No,Yes,No,64,Two year,Bank transfer (automatic),99,6375.8,No,68,,0,99.621875,0,0,81.5,6336,1
3733-UOCWF,Helendale,Male,Yes,Yes,No,61,One year,Bank transfer (automatic),85.55,5251.75,No,62,,0,86.09426229508196,1,0,73.275,5218.55,1
6833-JMZYP,Hesperia,Female,No,No,No,15,Month-to-month,Credit card (automatic),94,1505.45,No,77,,0,100.36333333333333,2,0,54.5,1410,0
1310-QRITU,Hinkley,Female,No,No,No,18,Month-to-month,Electronic check,50.3,913.3,No,65,,0,50.73888888888889,2,1,34.15,905.4,0
8961-QDZZJ,Lake Arrowhead,Female,No,Yes,Yes,57,One year,Electronic check,95,5535.8,No,70,,0,97.11929824561403,1,1,76,5415,1
9715-SBVSU,Loma Linda,Male,No,Yes,Yes,14,Two year,Bank transfer (automatic),61.4,815.55,No,22,,0,58.253571428571426,0,0,37.7,859.6,0
8490-BXHEO,Lucerne Valley,Male,Yes,No,No,18,Month-to-month,Credit card (automatic),80.55,1411.65,No,27,,0,78.42500000000001,2,0,49.275,1449.8999999999999,0
7173-TETGO,Lytle Creek,Female,Yes,Yes,No,72,Two year,Bank transfer (automatic),78.5,5602.25,No,69,,0,77.80902777777777,0,0,75.25,5652,1
7929-SKFGK,Mentone,Male,No,Yes,No,70,Two year,Credit card (automatic),114.3,8244.3,No,24,,0,117.77571428571427,0,0,92.15,8001,1
2300-RQGOI,Needles,Female,No,No,No,38,Two year,Mailed check,20.05,741.5,No,62,,0,19.513157894736842,0,0,29.025,761.9,0
3563-SVYLG,Nipton,Male,No,Yes,Yes,68,Two year,Credit card (automatic),62.65,4375.8,No,59,,0,64.35000000000001,0,0,65.325,4260.2,1
6435-VWCCY,Oro Grande,Male,Yes,Yes,No,65,Two year,Credit card (automatic),92.7,5968.4,No,64,,0,91.82153846153845,0,0,78.85,6025.5,1
4998-IKFSE,Phelan,Female,No,No,No,30,Month-to-month,Electronic check,100.45,3096.9,No,32,,0,103.23,2,1,65.225,3013.5,1
8630-QSGXK,Pinon Hills,Male,No,Yes,No,51,Two year,Bank transfer (automatic),75.2,3901.25,No,59,,0,76.49509803921569,0,0,63.1,3835.2000000000003,1
2455-USLMV,Redlands,Female,No,No,No,31,Month-to-month,Credit card (automatic),84.75,2613.4,No,35,,0,84.30322580645162,2,0,57.875,2627.25,1
9488-FVZCC,Rialto,Female,No,Yes,Yes,72,Two year,Bank transfer (automatic),79.5,5661.7,No,78,,0,78.63472222222222,0,0,75.75,5724,1
5995-WWKKG,Running Springs,Female,No,No,No,37,One year,Electronic check,19.8,695.05,No,31,,0,18.785135135135135,1,1,28.4,732.6,0
7879-CGSFV,Sugarloaf,Male,No,No,No,55,One year,Mailed check,100.9,5552.05,No,22,,0,100.94636363636364,1,0,77.95,5549.5,1
9921-EZKBY,Tecopa,Male,No,No,Yes,33,Month-to-month,Bank transfer (automatic),95.3,3275.15,No,38,,0,99.2469696969697,2,0,64.15,3144.9,1
7432-FFVAR,Victorville,Female,No,Yes,Yes,46,One year,Bank transfer (automatic),90.95,4236.6,No,38,,0,92.10000000000001,1,0,68.475,4183.7,1
7246-ZGQDF,Victorville,Female,No,No,Yes,1,Month-to-month,Electronic check,54.5,54.5,No,54,,0,54.5,2,1,27.75,54.5,0
4456-RHSNB,San Bernardino,Female,No,Yes,Yes,19,Month-to-month,Bank transfer (automatic),49.6,962.9,No,27,,0,50.67894736842105,2,0,34.3,942.4,0
2481-SBOYW,San Bernardino,Female,No,No,Yes,61,Two year,Credit card (automatic),25,1498.35,No,54,,0,24.563114754098358,0,0,43,1525,0
7109-MFBYV,San Bernardino,Male,No,No,No,26,Month-to-month,Electronic check,45.45,1233.15,No,68,,0,47.42884615384616,2,1,35.725,1181.7,0
1833-TCXKK,San Bernardino,Male,No,Yes,No,45,Month-to-month,Bank transfer (automatic),107.75,4882.8,No,27,,0,108.50666666666667,2,0,76.375,4848.75,1
1832-PEUTS,San Bernardino,Male,No,Yes,Yes,62,Two year,Credit card (automatic),89.1,5411.65,No,68,,0,87.28467741935484,0,0,75.55,5524.2,1
0580-PIQHM,Riverside,Female,No,Yes,Yes,41,One year,Bank transfer (automatic),101.6,3930.55,No,52,,0,95.86707317073171,1,0,71.3,4165.599999999999,1
5696-CEIQJ,Riverside,Male,No,Yes,Yes,67,Two year,Bank transfer (automatic),103.15,6895.5,No,40,,0,102.91791044776119,0,0,85.075,6911.05,1
1696-HXOWK,Riverside,Female,No,Yes,No,71,One year,Mailed check,95.65,6856.95,No,65,,0,96.57676056338028,1,0,83.325,6791.150000000001,1
3026-ATZYV,Riverside,Female,No,Yes,Yes,37,One year,Bank transfer (automatic),75.1,2658.8,No,64,,0,71.85945945945946,1,0,56.05,2778.7,1
4012-YCFAI,Riverside,Male,No,Yes,No,60,Two year,Mailed check,61.35,3766.2,No,79,,0,62.769999999999996,0,0,60.675,3681,1
9970-QBCDA,March Air Reserve Base,Female,No,No,No,6,Month-to-month,Credit card (automatic),19.7,129.55,No,74,,0,21.59166666666667,2,0,12.85,118.19999999999999,0
9496-IVVRP,Lake Elsinore,Female,No,Yes,Yes,11,Month-to-month,Bank transfer (automatic),51,581.7,No,49,,0,52.88181818181818,2,0,31,561,0
2657-VPXTA,Anza,Female,No,Yes,Yes,10,Month-to-month,Electronic check,88.85,929.45,No,54,,0,92.94500000000001,2,1,49.425,888.5,0
6551-VLJMV,Hemet,Male,No,Yes,No,34,Two year,Credit card (automatic),20.05,679,No,29,,0,19.970588235294116,0,0,27.025,681.7,0
2978-XXSOG,Doyle,Female,No,No,No,22,Month-to-month,Mailed check,59.05,1253.5,No,47,,0,56.97727272727273,2,0,40.525,1299.1,0
1221-GHZEP,Hemet,Female,No,No,No,62,Two year,Mailed check,65.1,3846.75,No,47,,0,62.04435483870968,0,0,63.55,4036.2,1
9289-LBQVU,Hemet,Male,No,Yes,No,64,One year,Mailed check,70.15,4480.7,No,49,,0,70.0109375,1,0,67.075,4489.6,1
3458-IDMFK,Idyllwild,Male,No,No,No,25,Two year,Mailed check,20.75,499.4,No,74,,0,19.976,0,0,22.875,518.75,0
6933-FHBZC,Moreno Valley,Female,No,No,No,26,One year,Mailed check,56.05,1553.2,No,46,,0,59.73846153846154,1,0,41.025,1457.3,0
0221-NAUXK,Moreno Valley,Male,No,No,Yes,10,One year,Bank transfer (automatic),19.95,219.5,No,48,,0,21.95,1,0,14.975,199.5,0
9770-KXGQU,Moreno Valley,Female,No,No,No,53,One year,Mailed check,98.6,5311.85,No,20,,0,100.22358490566039,1,0,75.8,5225.799999999999,1
6538-POCHL,Mountain Center,Male,No,No,No,33,Month-to-month,Credit card (automatic),79,2576.8,No,21,,0,78.0848484848485,2,0,56,2607,1
6726-NNFWD,Murrieta,Female,Yes,Yes,No,71,Two year,Credit card (automatic),89.45,6435.25,No,72,,0,90.63732394366197,0,0,80.225,6350.95,1
3002-WQZWT,Murrieta,Female,No,No,No,29,Month-to-month,Electronic check,74.2,1993.25,No,55,,0,68.73275862068965,2,1,51.6,2151.8,1
4277-UDIEF,Nuevo,Male,No,Yes,Yes,24,Month-to-month,Bank transfer (automatic),81,1923.85,No,50,,0,80.16041666666666,2,0,52.5,1944,0
1208-NBVFH,Perris,Male,No,Yes,Yes,20,Month-to-month,Electronic check,49.6,939.8,No,68,,0,46.989999999999995,2,1,34.8,992,0
4912-PIGUY,Perris,Female,No,No,No,1,Month-to-month,Electronic check,84.6,84.6,No,46,,0,84.6,2,1,42.8,84.6,0
2725-TTRIQ,Menifee,Female,No,Yes,Yes,72,Two year,Bank transfer (automatic),84.2,5986.55,No,69,,0,83.14652777777778,0,0,78.1,6062.400000000001,1
3374-TTZTK,Sun City,Male,No,Yes,No,52,Two year,Electronic check,106.3,5487,No,36,,0,105.51923076923077,0,1,79.15,5527.599999999999,1
8990-ZXLSU,Sun City,Female,No,No,No,9,Month-to-month,Electronic check,69.05,651.5,No,50,,0,72.38888888888889,2,1,39.025,621.4499999999999,0
2275-RBYQS,Sun City,Female,No,No,No,1,Month-to-month,Mailed check,45.4,45.4,No,50,,0,45.4,2,0,23.2,45.4,0
4419-UJMUS,Wildomar,Male,No,Yes,Yes,69,Two year,Electronic check,99.35,6856.45,No,73,,0,99.36884057971014,0,1,84.175,6855.15,1
7794-JASDG,Winchester,Male,No,No,No,1,Month-to-month,Mailed check,50.75,50.75,No,80,,0,50.75,2,0,25.875,50.75,0
7609-YBPXG,Irvine,Male,No,No,No,54,Two year,Bank transfer (automatic),87.1,4735.2,No,44,,0,87.68888888888888,0,0,70.55,4703.4,1
5519-TEEUH,Irvine,Male,No,No,Yes,33,One year,Mailed check,20.15,682.15,No,57,,0,20.671212121212122,1,0,26.575,664.9499999999999,0
7856-GANIL,Irvine,Male,Yes,Yes,No,45,One year,Bank transfer (automatic),98.7,4525.8,No,66,,0,100.57333333333334,1,0,71.85,4441.5,1
0804-XBFBV,Foothill Ranch,Female,No,No,Yes,11,Month-to-month,Electronic check,25.2,321.05,No,57,,0,29.186363636363637,2,1,18.1,277.2,0
2676-OXPPQ,Irvine,Male,No,No,No,6,Month-to-month,Bank transfer (automatic),55.7,335.65,No,45,,0,55.94166666666666,2,0,30.85,334.20000000000005,0
3703-TTEPD,Irvine,Male,No,No,No,21,Month-to-month,Bank transfer (automatic),65.35,1424.4,No,45,,0,67.82857142857144,2,0,43.175,1372.35,0
2799-TSLAG,Irvine,Female,No,Yes,Yes,65,Two year,Bank transfer (automatic),25.3,1748.55,No,51,,0,26.90076923076923,0,0,45.15,1644.5,0
2208-NKVVH,Costa Mesa,Male,No,Yes,Yes,43,Two year,Mailed check,24.25,1077.95,No,51,,0,25.06860465116279,0,0,33.625,1042.75,0
7139-JZFVG,Huntington Beach,Male,No,Yes,Yes,60,Two year,Bank transfer (automatic),60.5,3694.45,No,43,,0,61.57416666666666,0,0,60.25,3630,1
4987-GQWPO,Huntington Beach,Male,No,No,No,17,Month-to-month,Credit card (automatic),25.1,382.8,No,33,,0,22.51764705882353,2,0,21.05,426.70000000000005,0
1757-TCATG,Huntington Beach,Male,No,Yes,Yes,35,One year,Bank transfer (automatic),20.05,746.75,No,49,,0,21.335714285714285,1,0,27.525,701.75,0
4776-XSKYQ,Laguna Hills,Female,No,Yes,Yes,12,One year,Credit card (automatic),30.25,368.85,No,64,,0,30.7375,1,0,21.125,363,0
8048-DSDFQ,Midway City,Male,No,No,No,1,Month-to-month,Mailed check,20.2,20.2,No,42,,0,20.2,2,0,10.6,20.2,0
5753-QQWPW,Aliso Viejo,Female,No,No,No,28,One year,Electronic check,59.9,1654.7,No,69,,0,59.096428571428575,1,1,43.95,1677.2,0
6010-DDPPW,Newport Coast,Male,No,Yes,No,70,Two year,Bank transfer (automatic),25.15,1940.85,No,30,,0,27.72642857142857,0,0,47.575,1760.5,0
6693-FRIRW,Newport Beach,Male,No,No,No,18,Month-to-month,Credit card (automatic),101.3,1794.65,No,80,,0,99.70277777777778,2,0,59.65,1823.3999999999999,0
6586-MYGKD,Newport Beach,Male,No,Yes,No,70,Two year,Credit card (automatic),76.95,5289.8,No,47,,0,75.56857142857143,0,0,73.475,5386.5,1
3173-NVMPX,Newport Beach,Female,No,Yes,Yes,9,Month-to-month,Mailed check,55.3,501.2,No,80,,0,55.68888888888889,2,0,32.15,497.7,0
0248-PGHBZ,San Clemente,Female,Yes,No,No,67,Two year,Bank transfer (automatic),92.45,6140.85,No,80,,0,91.65447761194031,0,0,79.725,6194.150000000001,1
0623-GDISB,San Clemente,Female,No,No,No,1,Month-to-month,Bank transfer (automatic),48.45,48.45,No,27,,0,48.45,2,0,24.725,48.45,0
2892-GESUL,San Juan Capistrano,Female,No,Yes,Yes,18,Two year,Mailed check,19.35,309.25,No,36,,0,17.180555555555557,0,0,18.675,348.3,0
7472-EQOAV,Laguna Niguel,Male,Yes,Yes,Yes,71,One year,Bank transfer (automatic),86.7,6179.35,No,44,,0,87.0330985915493,1,0,78.85,6155.7,1
3417-TSCIC,Cloverdale,Male,No,No,No,29,One year,Mailed check,24.85,788.05,No,49,,0,27.17413793103448,1,0,26.925,720.6500000000001,0
2043-WVTQJ,Westminster,Male,No,Yes,No,1,Month-to-month,Mailed check,55.7,55.7,No,36,,0,55.7,2,0,28.35,55.7,0
8034-RYTVV,Rancho Santa Margarita,Female,No,No,No,55,One year,Credit card (automatic),84.25,4589.85,No,30,,0,83.45181818181818,1,0,69.625,4633.75,1
3863-QSTYI,Mission Viejo,Male,No,No,No,59,Month-to-month,Electronic check,64.65,3735.45,No,38,,0,63.31271186440678,2,1,61.825,3814.3500000000004,1
5044-LRQAQ,Ladera Ranch,Female,No,Yes,No,7,Month-to-month,Bank transfer (automatic),69.2,477.55,No,73,,0,68.22142857142858,2,0,38.1,484.40000000000003,0
1716-LSAMB,Santa Ana,Male,No,Yes,Yes,45,Two year,Bank transfer (automatic),54.65,2553.7,No,39,,0,56.748888888888885,0,0,49.825,2459.25,1
1333-PBMXB,Santa Ana,Female,No,Yes,Yes,54,One year,Bank transfer (automatic),24.75,1342.15,No,70,,0,24.85462962962963,1,0,39.375,1336.5,0
6546-OPBBH,Santa Ana,Male,No,Yes,Yes,51,One year,Mailed check,23.95,1216.35,No,26,,0,23.849999999999998,1,0,37.475,1221.45,0
5985-BEHZK,Santa Ana,Female,Yes,Yes,No,72,One year,Credit card (automatic),105,7578.05,No,56,,0,105.25069444444445,1,0,88.5,7560,1
9127-QRZMH,Santa Ana,Male,No,Yes,No,44,One year,Bank transfer (automatic),59.85,2603.95,No,35,,0,59.18068181818182,1,0,51.925,2633.4,1
5919-VCZYM,Santa Ana,Male,No,No,No,2,Month-to-month,Mailed check,20.05,42.7,No,58,,0,21.35,2,0,11.025,40.1,0
9644-KVCNC,Fountain Valley,Female,No,No,No,66,One year,Bank transfer (automatic),92.15,6056.9,No,77,,0,91.77121212121212,1,0,79.075,6081.900000000001,1
2137-DQMEV,Tustin,Male,No,Yes,Yes,68,One year,Mailed check,44.8,2983.65,No,68,,0,43.87720588235294,1,0,56.4,3046.3999999999996,1
8174-LNWMW,Tustin,Female,No,No,No,31,Two year,Credit card (automatic),20.9,689.35,No,46,,0,22.23709677419355,0,0,25.95,647.9,0
9279-CJEOJ,Anaheim,Female,Yes,No,No,21,Month-to-month,Bank transfer (automatic),95.4,2025.1,No,47,,0,96.43333333333332,2,0,58.2,2003.4,1
7964-VEXDG,Anaheim,Male,No,No,Yes,21,Month-to-month,Electronic check,80.35,1747.2,No,62,,0,83.2,2,1,50.675,1687.35,0
2404-JIBFC,Anaheim,Female,No,Yes,Yes,55,Two year,Bank transfer (automatic),85.1,4657.95,No,67,,0,84.69,0,0,70.05,4680.5,1
8029-XYPWT,Anaheim,Male,Yes,Yes,No,71,Two year,Bank transfer (automatic),115.05,8016.6,No,53,,0,112.90985915492958,0,0,93.025,8168.55,1
4632-PAOYU,Anaheim,Male,No,Yes,Yes,22,One year,Mailed check,19.95,433.5,No,61,,0,19.704545454545453,1,0,20.975,438.9,0
2990-OGYTD,Fullerton,Female,No,Yes,No,67,Two year,Bank transfer (automatic),86.15,5883.85,No,31,,0,87.81865671641792,0,0,76.575,5772.05,1
6646-JPPHA,Fullerton,Female,Yes,No,No,14,Month-to-month,Electronic check,78.85,1043.8,No,44,,0,74.55714285714285,2,1,46.425,1103.8999999999999,0
7658-UYUQS,Fullerton,Male,Yes,Yes,No,21,Month-to-month,Bank transfer (automatic),86.55,1857.25,No,67,,0,88.44047619047619,2,0,53.775,1817.55,0
7880-XSOJX,Garden Grove,Male,No,No,No,4,Month-to-month,Mailed check,42.4,146.4,No,74,,0,36.6,2,0,23.2,169.6,0
4589-IUAJB,Garden Grove,Male,No,Yes,No,70,Two year,Bank transfer (automatic),24.25,1724.15,No,75,,0,24.630714285714287,0,0,47.125,1697.5,0
8746-BFOAJ,Garden Grove,Male,Yes,No,No,21,One year,Bank transfer (automatic),20.5,429.55,No,62,,0,20.454761904761906,1,0,20.75,430.5,0
8457-XIGKN,Norco,Male,No,No,No,20,Month-to-month,Credit card (automatic),19.6,356.15,No,27,,0,17.807499999999997,2,0,19.8,392,0
6072-NUQCB,Villa Park,Male,No,Yes,Yes,22,One year,Bank transfer (automatic),20.25,488.25,No,51,,0,22.193181818181817,1,0,21.125,445.5,0
8838-GPHZP,Orange,Female,No,No,No,63,Two year,Mailed check,20.6,1298.7,No,23,,0,20.614285714285714,0,0,41.8,1297.8000000000002,0
8750-QWZAJ,Orange,Female,No,Yes,Yes,70,Two year,Bank transfer (automatic),19.8,1378.75,No,22,,0,19.696428571428573,0,0,44.9,1386,0
6918-UMQCG,Orange,Female,No,No,No,5,Month-to-month,Electronic check,80.2,384.25,No,46,,0,76.85,2,1,42.6,401,0
0675-NCDYU,Placentia,Female,No,Yes,Yes,72,Two year,Credit card (automatic),116.4,8543.25,No,74,,0,118.65625,0,0,94.2,8380.800000000001,1
6339-DKLMK,Corona,Female,No,No,No,13,Month-to-month,Electronic check,31.65,389.95,No,49,,0,29.996153846153845,2,1,22.325,411.45,0
1346-PJWTK,Corona,Male,No,Yes,No,61,Month-to-month,Credit card (automatic),94.15,5731.85,No,70,,0,93.96475409836066,2,0,77.575,5743.150000000001,1
5088-QZLRL,Corona,Male,No,No,No,1,Month-to-month,Electronic check,20.65,20.65,No,56,,0,20.65,2,1,10.825,20.65,0
8023-QHAIO,Corona,Female,Yes,Yes,No,56,Month-to-month,Bank transfer (automatic),76.85,4275.75,No,66,,0,76.35267857142857,2,0,66.425,4303.599999999999,1
4397-FRLTA,Corona,Female,No,No,No,4,Month-to-month,Mailed check,20.15,84.5,No,75,,0,21.125,2,0,12.075,80.6,0
3057-VJJQE,Yorba Linda,Male,No,No,No,35,Two year,Mailed check,55.25,1924.1,No,24,,0,54.97428571428571,0,0,45.125,1933.75,0
2302-OUZXB,Ventura,Male,No,Yes,No,72,Two year,Bank transfer (automatic),82.15,5784.3,No,70,,0,80.3375,0,0,77.075,5914.8,1
8133-ANHHJ,Ventura,Female,Yes,No,No,49,One year,Bank transfer (automatic),103,5166.2,No,75,,0,105.43265306122449,1,0,76,5047,1
2270-CHBFN,Ventura,Female,No,Yes,No,44,Month-to-month,Credit card (automatic),95.1,4060.55,No,20,,0,92.28522727272728,2,0,69.55,4184.4,1
5982-FPVQN,Camarillo,Female,No,Yes,Yes,37,Month-to-month,Electronic check,95.15,3532.85,No,22,,0,95.48243243243243,2,1,66.075,3520.55,1
9107-UKCKY,Carpinteria,Male,No,Yes,No,61,One year,Electronic check,79.8,4914.8,No,24,,0,80.57049180327868,1,1,70.4,4867.8,1
4654-ULTTN,Fillmore,Male,No,Yes,No,70,Two year,Credit card (automatic),74.8,5315.8,No,60,,0,75.94,0,0,72.4,5236,1
5546-BYZSM,Oak View,Female,No,No,No,41,Month-to-month,Electronic check,20.45,775.6,No,80,,0,18.917073170731708,2,1,30.725,838.4499999999999,0
1492-KGETH,Ojai,Male,No,Yes,Yes,70,One year,Bank transfer (automatic),78.35,5445.95,No,42,,0,77.79928571428572,1,0,74.175,5484.5,1
4163-HFTUK,Oxnard,Male,No,No,No,51,One year,Electronic check,19.1,1007.8,No,78,,0,19.76078431372549,1,1,35.05,974.1,0
8215-NGSPE,Oxnard,Female,No,Yes,Yes,42,Two year,Mailed check,20,833.55,No,46,,0,19.84642857142857,0,0,31,840,0
8859-YSTWS,Port Hueneme,Male,No,No,No,48,One year,Bank transfer (automatic),19.95,1004.5,No,44,,0,20.927083333333332,1,0,33.975,957.5999999999999,0
7601-DHFWZ,Simi Valley,Female,No,No,No,48,Two year,Credit card (automatic),24,1183.05,No,66,,0,24.646874999999998,0,0,36,1152,0
1998-VHJHK,Santa Barbara,Female,No,No,No,27,One year,Mailed check,19.15,501.35,No,38,,0,18.56851851851852,1,0,23.075,517.05,0
1707-HABPF,Santa Barbara,Female,Yes,No,No,46,One year,Bank transfer (automatic),91.3,4126.35,No,43,,0,89.70326086956523,1,0,68.65,4199.8,1
0487-VVUVK,Santa Barbara,Male,No,Yes,Yes,25,Month-to-month,Mailed check,19.15,477.6,No,57,,0,19.104,2,0,22.075,478.74999999999994,0
5063-IUOKK,Santa Barbara,Male,No,No,No,13,Two year,Mailed check,19.75,265.75,No,41,,0,20.442307692307693,0,0,16.375,256.75,0
4508-OEBEY,Goleta,Male,No,Yes,No,31,One year,Credit card (automatic),75.5,2424.45,No,61,,0,78.20806451612903,1,0,53.25,2340.5,1
0027-KWYKW,Alpaugh,Female,No,Yes,Yes,23,Month-to-month,Electronic check,83.75,1849.95,No,78,,0,80.43260869565218,2,1,53.375,1926.25,0
2308-STERM,Armona,Female,No,No,No,2,Month-to-month,Mailed check,19.4,61.05,No,63,,0,30.525,2,0,10.7,38.8,0
5982-XMDEX,Arvin,Female,No,No,No,65,Two year,Bank transfer (automatic),26.5,1698.55,No,46,,0,26.13153846153846,0,0,45.75,1722.5,0
6051-PTVNS,Bodfish,Female,No,Yes,Yes,55,One year,Credit card (automatic),19.15,998.1,No,29,,0,18.14727272727273,1,0,37.075,1053.25,0
2877-VDUER,Camp Nelson,Female,No,Yes,Yes,35,One year,Mailed check,40.9,1383.6,No,78,,0,39.53142857142857,1,0,37.95,1431.5,0
9152-AMKAK,Coalinga,Male,No,No,No,6,Two year,Mailed check,80.25,493.4,No,26,,0,82.23333333333333,0,0,43.125,481.5,0
9432-VOFYX,Delano,Male,No,No,No,17,Month-to-month,Electronic check,70.8,1207,No,56,,0,71,2,1,43.9,1203.6,0
8049-WJCLQ,Ducor,Male,No,Yes,Yes,10,Month-to-month,Mailed check,60.2,563.5,No,52,,0,56.35,2,0,35.1,602,0
6586-PSJOX,Earlimart,Male,No,No,Yes,15,One year,Credit card (automatic),55.2,864.55,No,73,,0,57.63666666666666,1,0,35.1,828,0
9705-ZJBCG,Frazier Park,Female,No,Yes,Yes,13,One year,Bank transfer (automatic),54.15,701.05,No,43,,0,53.926923076923075,1,0,33.575,703.9499999999999,0
6847-KJLTS,Frazier Park,Female,Yes,Yes,No,58,Month-to-month,Bank transfer (automatic),100.4,5749.8,No,64,,0,99.13448275862069,2,0,79.2,5823.200000000001,1
9670-BPNXF,Glennville,Female,No,No,No,45,One year,Credit card (automatic),62.55,2796.45,No,80,,0,62.14333333333333,1,0,53.775,2814.75,1
3913-FCUUW,Hanford,Female,No,Yes,Yes,72,Two year,Bank transfer (automatic),70.45,5165.7,No,48,,0,71.74583333333334,0,0,71.225,5072.400000000001,1
3301-VKTGC,Huron,Male,No,Yes,Yes,68,One year,Bank transfer (automatic),85.5,5696.6,No,48,,0,83.77352941176471,1,0,76.75,5814,1
9555-SAHUZ,Kernville,Female,No,Yes,Yes,38,Month-to-month,Electronic check,54.5,2076.05,No,23,,0,54.63289473684211,2,1,46.25,2071,1
0816-TSPHQ,Kettleman City,Male,No,No,No,2,Month-to-month,Mailed check,20.75,44.2,No,79,,0,22.1,2,0,11.375,41.5,0
9932-WBWIK,Lake Isabella,Male,No,No,No,11,Month-to-month,Mailed check,20.35,215.25,No,46,,0,19.568181818181817,2,0,15.675,223.85000000000002,0
4619-EVPHY,Lamont,Female,Yes,Yes,No,20,One year,Bank transfer (automatic),91,1859.5,No,57,,0,92.975,1,0,55.5,1820,0
5286-YHCVC,Laton,Male,No,Yes,No,72,Two year,Bank transfer (automatic),104.8,7470.1,No,21,,0,103.7513888888889,0,0,88.4,7545.599999999999,1
9115-YQHGA,Lemoore,Male,No,No,No,40,Month-to-month,Electronic check,51.1,2092.9,No,67,,0,52.322500000000005,2,1,45.55,2044,1
4462-CYWMH,Lindsay,Male,Yes,Yes,No,62,Month-to-month,Bank transfer (automatic),89.8,5629.55,No,67,,0,90.7991935483871,2,0,75.9,5567.599999999999,1
8963-MQVYN,Lost Hills,Female,No,No,Yes,22,Month-to-month,Electronic check,20.55,469.85,No,44,,0,21.356818181818184,2,1,21.275,452.1,0
2458-EOMRE,Mc Farland,Female,No,No,No,11,Month-to-month,Bank transfer (automatic),64.05,733.95,No,24,,0,66.72272727272728,2,0,37.525,704.55,0
9334-GWGOW,Mc Kittrick,Male,Yes,Yes,No,7,Month-to-month,Electronic check,74.85,485.25,No,44,,0,69.32142857142857,2,1,40.925,523.9499999999999,0
5567-GZKQY,Porterville,Male,No,No,No,58,Two year,Credit card (automatic),20.3,1131.5,No,20,,0,19.50862068965517,0,0,39.15,1177.4,0
1222-LRYKO,Posey,Male,No,No,Yes,6,Month-to-month,Mailed check,26.35,184.05,No,22,,0,30.675,2,0,16.175,158.10000000000002,0
2087-QAREY,Sequoia National Park,Female,No,Yes,No,22,Month-to-month,Mailed check,54.7,1178.75,No,53,,0,53.57954545454545,2,0,38.35,1203.4,0
4423-JWZJN,Springville,Male,No,Yes,Yes,64,One year,Credit card (automatic),90.25,5629.15,No,53,,0,87.95546875,1,0,77.125,5776,1
6490-FGZAT,Strathmore,Male,No,No,No,6,Month-to-month,Mailed check,20.65,109.3,No,79,,0,18.216666666666665,2,0,13.325,123.89999999999999,0
7452-FOLON,Terra Bella,Male,No,No,Yes,39,One year,Bank transfer (automatic),25.45,958.45,No,53,,0,24.575641025641026,1,0,32.225,992.55,0
2320-TZRRH,Three Rivers,Female,No,No,No,20,One year,Mailed check,19.5,403.15,No,59,,0,20.1575,1,0,19.75,390,0
4942-VZZOM,Tupman,Male,No,Yes,No,64,One year,Credit card (automatic),66.15,4392.5,No,25,,0,68.6328125,1,0,65.075,4233.6,1
7502-BNYGS,Wasco,Female,No,Yes,No,46,Month-to-month,Credit card (automatic),69.1,3168,No,53,,0,68.8695652173913,2,0,57.55,3178.6,1
4291-HYEBC,Weldon,Female,Yes,Yes,Yes,28,One year,Electronic check,39.1,1096.6,No,59,,0,39.16428571428571,1,1,33.55,1094.8,0
6147-CBCRA,Wofford Heights,Female,No,Yes,No,33,Month-to-month,Mailed check,20.05,669.45,No,22,,0,20.28636363636364,2,0,26.525,661.65,0
6047-SUHPR,Woodlake,Male,No,Yes,Yes,39,One year,Electronic check,59.8,2343.85,No,58,,0,60.09871794871795,1,1,49.4,2332.2,1
9752-ZNQUT,Visalia,Female,No,No,No,1,Month-to-month,Electronic check,48.6,48.6,No,24,,0,48.6,2,1,24.8,48.6,0
1576-PFZIW,Bakersfield,Male,Yes,Yes,No,70,Two year,Credit card (automatic),105.35,7511.9,No,34,,0,107.31285714285714,0,0,87.675,7374.5,1
5666-MBJPT,Bakersfield,Male,No,No,No,65,Two year,Bank transfer (automatic),25.1,1725,No,46,,0,26.53846153846154,0,0,45.05,1631.5,0
7312-XSBAT,Bakersfield,Male,No,No,No,1,Month-to-month,Electronic check,49.75,49.75,No,79,,0,49.75,2,1,25.375,49.75,0
3096-GKWEB,Bakersfield,Male,No,Yes,No,18,Month-to-month,Electronic check,94.75,1691.9,No,40,,0,93.99444444444445,2,1,56.375,1705.5,0
2371-JQHZZ,Bakersfield,Male,No,Yes,No,24,Month-to-month,Electronic check,93,2248.05,No,29,,0,93.66875,2,1,58.5,2232,1
0674-GCDXG,Bakersfield,Male,No,No,No,63,Two year,Bank transfer (automatic),71.9,4479.2,No,38,,0,71.0984126984127,0,0,67.45,4529.700000000001,1
1121-QSIVB,Bakersfield,Female,No,No,Yes,44,One year,Mailed check,77.55,3471.1,No,43,,0,78.88863636363637,1,0,60.775,3412.2,1
4396-KLSEH,Bakersfield,Male,No,No,No,4,Month-to-month,Electronic check,19.85,63,No,71,,0,15.75,2,1,11.925,79.4,0
2824-MYYBN,Bakersfield,Female,No,Yes,Yes,37,Month-to-month,Electronic check,95.25,3314.15,No,29,,0,89.57162162162163,2,1,66.125,3524.25,1
6345-HOVES,Los Osos,Male,No,No,No,34,Month-to-month,Bank transfer (automatic),25.05,852.7,No,29,,0,25.079411764705885,2,0,29.525,851.7,0
8318-LCNBW,San Luis Obispo,Male,No,Yes,No,35,One year,Credit card (automatic),53.15,1930.9,No,43,,0,55.16857142857143,1,0,44.075,1860.25,0
6469-QJKZW,Arroyo Grande,Female,No,Yes,No,4,Month-to-month,Electronic check,20.15,91.4,No,26,,0,22.85,2,1,12.075,80.6,0
0147-ESWWR,Atascadero,Female,Yes,Yes,No,39,Month-to-month,Electronic check,101.25,3949.15,No,77,,0,101.26025641025642,2,1,70.125,3948.75,1
1217-VASWC,Avila Beach,Male,Yes,Yes,No,43,One year,Bank transfer (automatic),100.55,4304,No,65,,0,100.09302325581395,1,0,71.775,4323.65,1
6370-ZVHDV,Buellton,Female,No,Yes,No,61,Two year,Bank transfer (automatic),25.3,1554.9,No,71,,0,25.49016393442623,0,0,43.15,1543.3,0
6260-XLACS,Casmalia,Male,No,No,No,4,One year,Mailed check,19.7,117.8,No,43,,0,29.45,1,0,11.85,78.8,0
3566-CAAYU,Cayucos,Female,No,Yes,Yes,64,Two year,Electronic check,49.85,3210.35,No,56,,0,50.16171875,0,1,56.925,3190.4,1
4983-CCWMC,Creston,Male,No,No,No,3,Month-to-month,Mailed check,69.6,207.4,No,39,,0,69.13333333333334,2,0,36.3,208.79999999999998,0
9103-CXVOK,Grover Beach,Male,No,Yes,Yes,1,Month-to-month,Electronic check,19.75,19.75,No,27,,0,19.75,2,1,10.375,19.75,0
2896-TBNBE,Guadalupe,Male,No,Yes,No,40,One year,Electronic check,80.8,3132.75,No,26,,0,78.31875,1,1,60.4,3232,1
2522-WLNSF,Los Olivos,Female,Yes,Yes,No,34,One year,Bank transfer (automatic),64.2,2106.3,No,34,,0,61.95,1,0,49.1,2182.8,1
3841-CONLJ,Morro Bay,Female,No,Yes,No,1,Month-to-month,Electronic check,35,35,No,54,,0,35,2,1,18,35,0
4475-NVTLU,Paso Robles,Male,No,Yes,Yes,45,Two year,Electronic check,19.2,903.7,No,24,,0,20.082222222222224,0,1,32.1,864,0
9386-LDCZR,San Ardo,Male,No,No,No,43,One year,Credit card (automatic),90.65,3882.3,No,27,,0,90.28604651162792,1,0,66.825,3897.9500000000003,1
9585-KKMFD,San Miguel,Male,No,Yes,Yes,41,Two year,Mailed check,20,879.8,No,60,,0,21.458536585365852,0,0,30.5,820,0
5399-ZIMKF,San Simeon,Male,No,No,No,5,Month-to-month,Electronic check,74.65,383.65,No,34,,0,76.72999999999999,2,1,39.825,373.25,0
0336-KXKFK,Santa Margarita,Male,No,No,No,72,Two year,Credit card (automatic),61.2,4390.25,No,38,,0,60.97569444444444,0,0,66.6,4406.400000000001,1
5619-XZZKR,Santa Maria,Male,No,No,No,4,One year,Mailed check,19.95,68.2,No,35,,0,17.05,1,0,11.975,79.8,0
3948-FVVRP,Santa Maria,Male,No,Yes,Yes,9,Month-to-month,Mailed check,54.8,452.8,No,73,,0,50.31111111111111,2,0,31.9,493.2,0
5327-XOKKY,Santa Maria,Male,Yes,Yes,No,72,Two year,Credit card (automatic),73.45,5329,No,29,,0,74.01388888888889,0,0,72.725,5288.400000000001,1
0983-TATYJ,Santa Ynez,Female,No,Yes,No,33,One year,Mailed check,51.45,1758.9,No,59,,0,53.300000000000004,1,0,42.225,1697.8500000000001,0
1813-JYWTO,Shandon,Female,No,Yes,No,72,Two year,Bank transfer (automatic),80.45,5737.6,No,62,,0,79.6888888888889,0,0,76.225,5792.400000000001,1
6719-OXYBR,California City,Male,No,No,No,15,Month-to-month,Electronic check,85.3,1219.85,No,51,,0,81.32333333333332,2,1,50.15,1279.5,0
3312-ZWLGF,Acton,Male,Yes,Yes,No,29,Month-to-month,Electronic check,79.3,2414.55,No,21,,0,83.26034482758621,2,1,54.15,2299.7,1
6476-YHMGA,Benton,Female,No,Yes,Yes,15,Month-to-month,Bank transfer (automatic),76.5,1155.6,No,76,,0,77.03999999999999,2,0,45.75,1147.5,0
0795-XCCTE,Bishop,Male,Yes,No,No,72,Two year,Bank transfer (automatic),25.4,1809.35,No,51,,0,25.12986111111111,0,0,48.7,1828.8,0
6075-SLNIL,Desert Center,Male,No,No,No,38,Month-to-month,Credit card (automatic),95.1,3691.2,No,62,,0,97.13684210526316,2,0,66.55,3613.7999999999997,1
9347-AERRL,Desert Hot Springs,Male,No,Yes,No,23,One year,Credit card (automatic),19.3,486.2,No,68,,0,21.139130434782608,1,0,21.15,443.90000000000003,0
2274-XUATA,Earp,Male,Yes,Yes,No,72,Two year,Bank transfer (automatic),63.1,4685.55,No,56,,0,65.07708333333333,0,0,67.55,4543.2,1
6691-CCIHA,Joshua Tree,Female,No,Yes,No,62,Two year,Electronic check,84.95,5150.55,No,39,,0,83.0733870967742,0,1,73.475,5266.900000000001,1
1685-BQULA,La Quinta,Female,No,No,No,40,Month-to-month,Bank transfer (automatic),93.4,3756.4,No,53,,0,93.91,2,0,66.7,3736,1
9053-EJUNL,Mecca,Male,No,No,No,41,Month-to-month,Electronic check,89.2,3645.75,No,77,,0,88.92073170731707,2,1,65.1,3657.2000000000003,1
0666-UXTJO,Morongo Valley,Male,Yes,Yes,No,34,Month-to-month,Credit card (automatic),85.2,2874.45,No,27,,0,84.54264705882352,2,0,59.6,2896.8,1
1471-GIQKQ,Niland,Female,No,No,No,1,Month-to-month,Electronic check,49.95,49.95,No,32,,0,49.95,2,1,25.475,49.95,0
4807-IZYOZ,North Palm Springs,Female,No,No,No,51,Two year,Bank transfer (automatic),20.65,1020.75,No,70,,0,20.014705882352942,0,0,35.825,1053.1499999999999,0
9710-NJERN,Palm Desert,Female,No,No,No,39,Two year,Mailed check,20.15,826,No,44,,0,21.17948717948718,0,0,29.575,785.8499999999999,0
9837-FWLCH,Palm Springs,Male,No,Yes,Yes,12,Month-to-month,Electronic check,19.2,239,No,73,,0,19.916666666666668,2,1,15.6,230.39999999999998,0
7203-OYKCT,Palo Verde,Male,No,No,No,72,One year,Electronic check,104.95,7544.3,No,20,,0,104.78194444444445,1,1,88.475,7556.400000000001,1
1035-IPQPU,Parker Dam,Female,Yes,Yes,No,63,Month-to-month,Electronic check,103.5,6479.4,No,53,,0,102.84761904761905,2,1,83.25,6520.5,1
7398-LXGYX,Pioneertown,Male,No,Yes,No,44,Month-to-month,Credit card (automatic),84.8,3626.35,No,44,,0,82.41704545454546,2,0,64.4,3731.2,1
2823-LKABH,Rancho Mirage,Female,No,No,No,18,Month-to-month,Bank transfer (automatic),95.05,1679.4,No,60,,0,93.30000000000001,2,0,56.525,1710.8999999999999,0
0550-DCXLH,Thermal,Male,No,No,No,13,Month-to-month,Mailed check,73.35,931.55,No,65,,0,71.6576923076923,2,0,43.175,953.55,0
0168-XZKBB,Boron,Female,No,Yes,No,19,Month-to-month,Electronic check,86.85,1564.4,No,64,,0,82.33684210526316,2,1,52.925,1650.1499999999999,0
3785-NRHYR,Bridgeport,Male,No,No,No,1,Month-to-month,Mailed check,19.65,19.65,No,31,,0,19.65,2,0,10.325,19.65,0
4537-DKTAL,Darwin,Female,No,No,No,2,Month-to-month,Electronic check,45.55,84.4,No,70,,0,42.2,2,1,23.775,91.1,0
7072-MBHEV,Edwards,Female,Yes,Yes,Yes,11,Month-to-month,Credit card (automatic),78.1,864.85,No,50,,0,78.62272727272727,2,0,44.55,859.0999999999999,0
5602-BVFMK,Independence,Female,No,No,No,12,One year,Mailed check,19.3,228.75,No,77,,0,19.0625,1,0,15.65,231.60000000000002,0
6297-NOOPG,Inyokern,Female,No,Yes,No,70,Two year,Electronic check,110.5,7752.05,No,64,,0,110.74357142857143,0,1,90.25,7735,1
8204-TIFGJ,June Lake,Female,No,No,No,23,Month-to-month,Bank transfer (automatic),20.3,470.6,No,43,,0,20.460869565217394,2,0,21.65,466.90000000000003,0
8050-DVOJX,Keeler,Male,Yes,No,No,49,Two year,Credit card (automatic),81.35,4060.9,No,69,,0,82.87551020408164,0,0,65.175,3986.1499999999996,1
8903-XEBGX,Lancaster,Male,No,No,Yes,2,Month-to-month,Electronic check,55.3,108.65,No,67,,0,54.325,2,1,28.65,110.6,0
8169-SAEJD,Lancaster,Male,Yes,Yes,No,69,Two year,Credit card (automatic),56.55,3952.65,No,28,,0,57.28478260869565,0,0,62.775,3901.95,1
1089-XZWHH,Lee Vining,Female,No,Yes,Yes,24,Two year,Mailed check,19.7,494.05,No,31,,0,20.585416666666667,0,0,21.85,472.79999999999995,0
2325-WINES,Littlerock,Female,No,No,No,32,One year,Credit card (automatic),104.05,3416.85,No,60,,0,106.7765625,1,0,68.025,3329.6,1
6064-ZATLR,Llano,Female,No,No,No,27,Two year,Bank transfer (automatic),52.85,1498.65,No,23,,0,55.50555555555556,0,0,39.925,1426.95,0
7824-PANSQ,Mammoth Lakes,Male,No,No,No,58,Month-to-month,Bank transfer (automatic),80.65,4807.35,No,33,,0,82.88534482758621,2,0,69.325,4677.700000000001,1
9648-BCHKM,Palmdale,Female,No,Yes,Yes,18,Two year,Credit card (automatic),24.65,471.35,No,78,,0,26.186111111111114,0,0,21.325,443.7,0
2888-ADFAO,Palmdale,Female,No,Yes,Yes,47,Two year,Bank transfer (automatic),21.3,1041.8,No,30,,0,22.16595744680851,0,0,34.15,1001.1,0
8707-HOEDG,Palmdale,Female,No,Yes,Yes,70,Two year,Electronic check,110.2,7689.8,No,53,,0,109.85428571428572,0,1,90.1,7714,1
4072-IPYLT,Randsburg,Female,No,Yes,Yes,36,Month-to-month,Credit card (automatic),51.05,1815,No,56,,0,50.416666666666664,2,0,43.525,1837.8,0
7167-PCEYD,Ridgecrest,Male,No,No,No,67,Two year,Mailed check,19.8,1311.3,No,75,,0,19.571641791044776,0,0,43.4,1326.6000000000001,0
4936-YPJNK,Rosamond,Female,No,No,No,10,Month-to-month,Mailed check,19.9,199.45,No,65,,0,19.945,2,0,14.95,199,0
1580-BMCMR,Tehachapi,Male,Yes,No,No,19,Month-to-month,Electronic check,87.3,1637.3,No,70,,0,86.17368421052632,2,1,53.15,1658.7,0
4817-KEQSP,Trona,Female,No,Yes,Yes,71,Two year,Bank transfer (automatic),19.85,1326.35,No,54,,0,18.680985915492958,0,0,45.425,1409.3500000000001,0
6408-WHTEF,Valyermo,Male,No,Yes,Yes,72,Two year,Mailed check,89.4,6376.55,No,52,,0,88.56319444444445,0,0,80.7,6436.8,1
9251-AWQGT,Palmdale,Female,No,Yes,Yes,48,Two year,Mailed check,20,935.9,No,50,,0,19.497916666666665,0,0,34,960,0
8749-CLJXC,Ahwahnee,Male,No,No,No,1,Month-to-month,Mailed check,20.05,20.05,No,79,,0,20.05,2,0,10.525,20.05,0
7989-VCQOH,Auberry,Male,No,Yes,Yes,18,Month-to-month,Electronic check,83.25,1611.15,No,43,,0,89.50833333333334,2,1,50.625,1498.5,0
4199-QHJNM,Bass Lake,Male,Yes,Yes,No,67,Two year,Bank transfer (automatic),102.9,6989.7,No,52,,0,104.32388059701492,0,0,84.95,6894.3,1
8882-TLVRW,Big Creek,Male,No,Yes,Yes,69,Two year,Mailed check,39.1,2779.5,No,53,,0,40.28260869565217,0,0,54.05,2697.9,1
5135-GRQJV,Cantua Creek,Male,Yes,Yes,No,72,Two year,Mailed check,114.5,8331.95,No,47,,0,115.7215277777778,0,0,93.25,8244,1
2384-OVPSA,Caruthers,Female,Yes,No,No,38,Two year,Mailed check,20.2,735.9,No,71,,0,19.36578947368421,0,0,29.1,767.6,0
1371-WEPDS,Chowchilla,Male,Yes,Yes,No,40,One year,Electronic check,55.8,2283.3,No,78,,0,57.0825,1,1,47.9,2232,1
3580-GICBM,Clovis,Female,No,Yes,Yes,61,Two year,Mailed check,24.2,1445.2,No,51,,0,23.691803278688525,0,0,42.6,1476.2,0
9730-DRTMJ,Coarsegold,Male,No,Yes,No,32,One year,Credit card (automatic),72.8,2333.05,No,78,,0,72.9078125,1,0,52.4,2329.6,1
4686-UXDML,Cutler,Female,No,No,No,21,Month-to-month,Credit card (automatic),99.85,1992.55,No,74,,0,94.88333333333333,2,0,60.425,2096.85,1
3349-ANQNH,Del Rey,Female,Yes,No,No,59,One year,Electronic check,99.5,5890,No,50,,0,99.83050847457628,1,1,79.25,5870.5,1
0932-YIXYU,Dos Palos,Female,No,No,No,47,Two year,Credit card (automatic),20.25,1029.8,No,64,,0,21.91063829787234,0,0,33.625,951.75,0
7480-SPLEF,Dunlap,Male,No,Yes,Yes,69,Two year,Bank transfer (automatic),26,1796.55,No,22,,0,26.03695652173913,0,0,47.5,1794,0
7636-XUHWW,Firebaugh,Male,No,No,No,2,Month-to-month,Credit card (automatic),19.9,33.7,No,58,,0,16.85,2,0,10.95,39.8,0
1431-CYWMH,Fish Camp,Female,No,Yes,Yes,22,Month-to-month,Bank transfer (automatic),19.05,454.05,No,30,,0,20.638636363636365,2,0,20.525,419.1,0
5937-EORGB,Five Points,Male,Yes,Yes,No,15,Month-to-month,Electronic check,96.5,1392.25,No,61,,0,92.81666666666666,2,1,55.75,1447.5,0
6349-JDHQP,Fowler,Female,No,No,No,53,Two year,Credit card (automatic),19.85,1049.6,No,36,,0,19.80377358490566,0,0,36.425,1052.0500000000002,0
5539-HIVAK,Friant,Female,Yes,Yes,No,28,Month-to-month,Mailed check,25.7,734.6,No,80,,0,26.235714285714288,2,0,26.85,719.6,0
5847-MXBEO,Helm,Male,No,No,No,22,One year,Mailed check,20.3,475.1,No,50,,0,21.595454545454547,1,0,21.15,446.6,0
4583-PARNH,Kerman,Male,Yes,Yes,No,16,Month-to-month,Electronic check,91.55,1540.05,No,46,,0,96.253125,2,1,53.775,1464.8,0
1116-FRYVH,Kingsburg,Female,No,Yes,Yes,48,Two year,Mailed check,39.4,1978.65,No,26,,0,41.221875000000004,0,0,43.7,1891.1999999999998,0
1421-HCERK,Lakeshore,Male,Yes,Yes,No,30,Month-to-month,Bank transfer (automatic),105.7,3181.8,No,54,,0,106.06,2,0,67.85,3171,1
9633-XQABV,Los Banos,Female,No,No,No,3,Month-to-month,Electronic check,70.25,229.7,No,46,,0,76.56666666666666,2,1,36.625,210.75,0
0716-BQNDX,Madera,Male,Yes,No,No,57,Two year,Electronic check,93.75,5625.55,No,75,,0,98.69385964912281,0,1,75.375,5343.75,1
1183-CANVH,Mendota,Female,No,Yes,No,23,One year,Bank transfer (automatic),60,1347.15,No,54,,0,58.571739130434786,1,0,41.5,1380,0
1972-XMUWV,Miramonte,Female,No,Yes,No,65,Two year,Credit card (automatic),59.8,3808.2,No,37,,0,58.58769230769231,0,0,62.4,3887,1
8679-LZBMD,North Fork,Male,No,Yes,No,44,One year,Bank transfer (automatic),90.65,3974.15,No,26,,0,90.32159090909092,1,0,67.325,3988.6000000000004,1
3407-JMJQQ,Oakhurst,Female,No,Yes,Yes,71,Two year,Bank transfer (automatic),109,7661.8,No,35,,0,107.91267605633803,0,0,90,7739,1
6252-DFGTK,O Neals,Female,No,Yes,No,37,One year,Credit card (automatic),68.1,2479.25,No,60,,0,67.00675675675676,1,0,52.55,2519.7,1
1539-LNKHM,Orange Cove,Female,No,No,No,12,Month-to-month,Mailed check,20.4,266.6,No,60,,0,22.21666666666667,2,0,16.2,244.79999999999998,0
8645-KOMJQ,Orosi,Male,No,Yes,Yes,69,Two year,Bank transfer (automatic),81.95,5601.4,No,59,,0,81.17971014492753,0,0,75.475,5654.55,1
0289-IVARM,Parlier,Female,No,No,No,35,Month-to-month,Electronic check,60.55,1982.6,No,34,,0,56.645714285714284,2,1,47.775,2119.25,1
9761-XUJWD,Fresno,Male,No,No,No,5,Month-to-month,Bank transfer (automatic),65.6,339.9,No,65,,0,67.97999999999999,2,0,35.3,328,0
4057-FKCZK,Prather,Male,No,Yes,Yes,58,Two year,Bank transfer (automatic),82.5,4828.05,No,25,,0,83.24224137931034,0,0,70.25,4785,1
4291-TPNFG,Raisin City,Male,No,Yes,No,72,Two year,Bank transfer (automatic),82.3,5980.55,No,76,,0,83.06319444444445,0,0,77.15,5925.599999999999,1
6087-YPWHO,Raymond,Male,No,Yes,No,72,Two year,Mailed check,68.15,4808.7,No,34,,0,66.7875,0,0,70.075,4906.8,1
3090-QFUVD,Reedley,Female,No,No,No,1,Month-to-month,Credit card (automatic),20.3,20.3,No,31,,0,20.3,2,0,10.65,20.3,0
1722-LDZJS,Sanger,Male,No,Yes,Yes,53,One year,Credit card (automatic),20.2,1068.15,No,22,,0,20.15377358490566,1,0,36.6,1070.6,0
1818-ESQMW,San Joaquin,Female,No,No,No,27,Month-to-month,Electronic check,89.2,2383.6,No,54,,0,88.28148148148148,2,1,58.1,2408.4,1
7401-RUBNK,South Dos Palos,Female,No,Yes,No,18,Month-to-month,Electronic check,74.8,1438.05,No,39,,0,79.89166666666667,2,1,46.4,1346.3999999999999,0
0506-YLVKJ,Sultana,Male,No,Yes,Yes,46,Two year,Mailed check,20.2,917.45,No,35,,0,19.944565217391304,0,0,33.1,929.1999999999999,0
8661-BOYNW,Tollhouse,Female,No,Yes,No,72,Two year,Credit card (automatic),84.4,6096.45,No,44,,0,84.67291666666667,0,0,78.2,6076.8,1
6680-NENYN,Pauma Valley,Female,No,No,No,43,Two year,Electronic check,104.6,4759.85,Yes,91,Lack of self-service on Website,1,110.69418604651163,0,1,73.8,4497.8,1
1343-EHPYB,Ranchita,Male,No,Yes,No,63,Month-to-month,Electronic check,103.4,6603,Yes,98,Network reliability,1,104.80952380952381,2,1,83.2,6514.200000000001,1
2034-GDRCN,Valley Center,Female,No,No,No,2,Month-to-month,Electronic check,90.4,168.2,Yes,76,Don't know,1,84.1,2,1,46.2,180.8,0
0219-YTZUE,San Diego,Male,No,Yes,No,4,Month-to-month,Bank transfer (automatic),84.8,371.9,Yes,73,Don't know,1,92.975,2,0,44.4,339.2,0
0623-IIHUG,San Diego,Female,Yes,No,No,21,Month-to-month,Electronic check,41.9,840.1,Yes,97,Don't know,1,40.00476190476191,2,1,31.45,879.9,0
4572-DVCGN,San Diego,Female,No,No,No,10,Month-to-month,Bank transfer (automatic),80.25,846,Yes,85,Poor expertise of online support,1,84.6,2,0,45.125,802.5,0
9057-MSWCO,San Diego,Male,Yes,Yes,No,27,Month-to-month,Credit card (automatic),30.75,805.1,Yes,91,Poor expertise of phone support,1,29.81851851851852,2,0,28.875,830.25,0
1010-DIAUQ,San Diego,Male,No,No,No,5,Month-to-month,Bank transfer (automatic),96.5,492.55,Yes,98,Price too high,1,98.51,2,0,50.75,482.5,0
0259-GBZSH,San Diego,Male,No,No,No,2,Month-to-month,Electronic check,85.65,181.5,Yes,73,Product dissatisfaction,1,90.75,2,1,43.825,171.3,0
9601-BRXPO,San Diego,Female,No,Yes,No,25,Month-to-month,Bank transfer (automatic),104.95,2566.5,Yes,66,Service dissatisfaction,1,102.66,2,0,64.975,2623.75,1
6905-NIQIN,San Diego,Male,No,No,No,1,Month-to-month,Mailed check,50.65,50.65,Yes,76,Don't know,1,50.65,2,0,25.825,50.65,0
4815-GBTCD,Wishon,Female,No,Yes,No,4,Month-to-month,Electronic check,25.15,99.95,No,31,,0,24.9875,2,1,14.575,100.6,0
2805-AUFQN,Traver,Female,No,No,No,25,Two year,Credit card (automatic),19.8,475.2,No,20,,0,19.008,0,0,22.4,495,0
0980-PVMRC,Squaw Valley,Female,No,Yes,Yes,40,Month-to-month,Electronic check,50.85,2036.55,No,35,,0,50.91375,2,1,45.425,2034,1
7233-DRTRF,Fresno,Male,No,Yes,No,63,Month-to-month,Electronic check,102.4,6444.05,No,43,,0,102.28650793650795,2,1,82.7,6451.200000000001,1
3873-NFTGI,Fresno,Male,No,No,No,14,Month-to-month,Credit card (automatic),55.5,767.55,No,68,,0,54.824999999999996,2,0,34.75,777,0
1162-ECVII,Fresno,Male,Yes,Yes,No,72,Two year,Bank transfer (automatic),109.75,7932.5,No,53,,0,110.17361111111111,0,0,90.875,7902,1
7048-GXDAY,Fresno,Male,No,No,No,39,Month-to-month,Electronic check,106.4,4040.65,No,66,,0,103.60641025641026,2,1,72.7,4149.6,1
8571-ZCMCX,Fresno,Female,No,Yes,Yes,47,Two year,Credit card (automatic),60,2768.65,No,48,,0,58.90744680851064,0,0,53.5,2820,1
1169-WCVAK,Fresno,Male,No,Yes,No,19,Month-to-month,Credit card (automatic),88.8,1672.35,No,63,,0,88.01842105263158,2,0,53.9,1687.2,0
7129-CAKJW,Fresno,Female,No,No,No,17,Month-to-month,Bank transfer (automatic),80.05,1345.65,No,27,,0,79.15588235294118,2,0,48.525,1360.85,0
8695-ARGXZ,Fresno,Male,Yes,Yes,No,34,Month-to-month,Electronic check,75.55,2425.4,No,22,,0,71.33529411764707,2,1,54.775,2568.7,1
3570-YUEKJ,Fresno,Female,No,No,No,42,Month-to-month,Electronic check,49.55,2077.95,No,43,,0,49.474999999999994,2,1,45.775,2081.1,1
1555-HAPSU,Fresno,Female,No,Yes,Yes,71,Two year,Credit card (automatic),23.9,1663.5,No,59,,0,23.429577464788732,0,0,47.45,1696.8999999999999,0
1697-NVVGY,Fresno,Male,Yes,Yes,No,19,Month-to-month,Bank transfer (automatic),66.4,1286.05,No,22,,0,67.68684210526315,2,0,42.7,1261.6000000000001,0
8464-EETCQ,Salinas,Male,No,No,No,57,Two year,Credit card (automatic),18.8,1094.35,No,58,,0,19.19912280701754,0,0,37.9,1071.6000000000001,0
2419-FSORS,Salinas,Male,No,Yes,No,72,Two year,Electronic check,108.4,7719.5,No,33,,0,107.21527777777777,0,1,90.2,7804.8,1
8132-YPVBX,Salinas,Female,No,No,No,6,Month-to-month,Mailed check,85.95,514.6,No,80,,0,85.76666666666667,2,0,45.975,515.7,0
6754-LZUKA,Big Sur,Male,No,Yes,No,61,Two year,Bank transfer (automatic),80.9,4932.5,No,64,,0,80.86065573770492,0,0,70.95,4934.900000000001,1
2719-BDAQO,Sunnyvale,Male,No,No,No,17,Month-to-month,Electronic check,93.85,1625.65,Yes,93,Price too high,1,95.62647058823529,2,1,55.425,1595.4499999999998,0
5445-UTODQ,Del Mar,Female,No,Yes,No,7,Month-to-month,Electronic check,81.1,576.65,Yes,87,Don't know,1,82.37857142857142,2,1,44.05,567.6999999999999,0
0524-IAVZO,Anza,Female,No,Yes,No,30,Month-to-month,Electronic check,85,2624.25,Yes,97,Don't know,1,87.475,2,1,57.5,2550,1
7410-YTJIK,Eureka,Female,No,No,No,7,Month-to-month,Mailed check,75.45,480.75,Yes,75,Lack of self-service on Website,1,68.67857142857143,2,0,41.225,528.15,0
4039-HEUNW,Irvine,Male,Yes,Yes,No,36,Month-to-month,Electronic check,96.5,3436.1,Yes,82,Lack of affordable download/upload speed,1,95.44722222222222,2,1,66.25,3474,1
5380-AFSSK,Bella Vista,Female,No,No,No,5,Month-to-month,Mailed check,93.9,486.85,Yes,92,Don't know,1,97.37,2,0,49.45,469.5,0
2344-JMOGN,Buttonwillow,Male,No,Yes,No,9,Month-to-month,Mailed check,94.85,890.6,Yes,72,Don't know,1,98.95555555555556,2,0,51.925,853.65,0
7547-EKNFS,Caspar,Male,No,Yes,No,42,Month-to-month,Bank transfer (automatic),95.25,3959.35,Yes,89,Attitude of service provider,1,94.2702380952381,2,0,68.625,4000.5,1
1767-CJKBA,Richmond,Male,No,No,No,66,Two year,Mailed check,25.1,1697.7,No,48,,0,25.722727272727273,0,0,45.55,1656.6000000000001,0
9992-UJOEL,Elk,Male,No,No,No,2,Month-to-month,Mailed check,50.3,92.75,No,33,,0,46.375,2,0,26.15,100.6,0
8076-FEZKJ,Silverado,Male,No,No,No,10,One year,Mailed check,19.5,225.85,No,80,,0,22.585,1,0,14.75,195,0
9467-ROOLM,Gridley,Female,No,No,No,25,Month-to-month,Mailed check,19.05,461.3,No,65,,0,18.452,2,0,22.025,476.25,0
9494-BDNNC,Los Angeles,Male,No,Yes,No,66,One year,Electronic check,95.3,6273.4,No,49,,0,95.05151515151515,1,1,80.65,6289.8,1
8660-BUETV,Riverside,Female,No,No,No,3,Month-to-month,Mailed check,44.75,148.05,No,20,,0,49.35,2,0,23.875,134.25,0
6542-LWGXJ,Pixley,Male,No,Yes,No,3,Month-to-month,Mailed check,25,78.25,No,70,,0,26.083333333333332,2,0,14,75,0
8099-MZPUJ,Carmel,Male,No,Yes,Yes,48,Two year,Credit card (automatic),111.8,5443.65,No,57,,0,113.409375,0,0,79.9,5366.4,1
2049-BAFNW,Vallejo,Female,No,No,No,1,Month-to-month,Mailed check,35.9,35.9,No,55,,0,35.9,2,0,18.45,35.9,0
5774-QPLTF,El Nido,Male,No,Yes,Yes,50,One year,Mailed check,20.35,938.95,No,71,,0,18.779,1,0,35.175,1017.5000000000001,0
0787-LHDYT,Carmel Valley,Male,No,No,No,16,Month-to-month,Credit card (automatic),20.6,330.25,No,64,,0,20.640625,2,0,18.3,329.6,0
0374-IOEGQ,Gonzales,Female,No,No,No,3,Month-to-month,Electronic check,44.6,122.7,No,74,,0,40.9,2,1,23.8,133.8,0
3197-NNYNB,Jolon,Male,No,No,No,65,Two year,Credit card (automatic),105.1,6631.85,No,28,,0,102.02846153846154,0,0,85.05,6831.5,1
3396-DKDEL,King City,Female,No,Yes,Yes,70,Two year,Credit card (automatic),115.15,8250,No,80,,0,117.85714285714286,0,0,92.575,8060.5,1
1752-OZXFY,Lockwood,Male,No,Yes,No,60,One year,Mailed check,59.8,3561.15,No,63,,0,59.3525,1,0,59.9,3588,1
9066-QRSDU,Marina,Female,No,Yes,No,69,One year,Electronic check,26.3,1763.55,No,25,,0,25.558695652173913,1,1,47.65,1814.7,0
9112-WSNPU,Monterey,Female,Yes,No,No,35,Month-to-month,Electronic check,70.55,2419,No,45,,0,69.11428571428571,2,1,52.775,2469.25,1
9867-NNXLC,Pacific Grove,Female,No,No,No,22,Month-to-month,Mailed check,20.05,470.2,No,44,,0,21.37272727272727,2,0,21.025,441.1,0
5321-NTRKC,Pebble Beach,Male,No,Yes,Yes,66,Two year,Bank transfer (automatic),79.85,5234.95,No,56,,0,79.31742424242424,0,0,72.925,5270.099999999999,1
3161-GETRM,Soledad,Male,No,Yes,Yes,34,Month-to-month,Credit card (automatic),90.05,3097,No,59,,0,91.08823529411765,2,0,62.025,3061.7,1
0402-OAMEN,Spreckels,Female,No,Yes,Yes,72,Two year,Bank transfer (automatic),24.45,1709.1,No,64,,0,23.737499999999997,0,0,48.225,1760.3999999999999,0
6933-VLYFX,Belmont,Male,No,Yes,Yes,31,One year,Electronic check,59.95,1848.8,No,37,,0,59.63870967741936,1,1,45.475,1858.45,0
6754-WKSHP,Brisbane,Male,No,No,Yes,30,One year,Bank transfer (automatic),25.35,723.3,No,47,,0,24.11,1,0,27.675,760.5,0
4976-LNFVV,Daly City,Male,Yes,Yes,No,19,Month-to-month,Credit card (automatic),34.3,577.15,No,20,,0,30.376315789473683,2,0,26.65,651.6999999999999,0
5055-MGMGF,Half Moon Bay,Female,No,Yes,No,65,Month-to-month,Electronic check,105.05,6914.95,No,53,,0,106.38384615384615,2,1,85.025,6828.25,1
4641-FROLU,La Honda,Female,No,Yes,Yes,30,Two year,Mailed check,19.3,602.9,No,30,,0,20.096666666666668,0,0,24.65,579,0
2862-JVEOY,Loma Mar,Male,No,No,No,6,One year,Mailed check,19.15,124.4,No,41,,0,20.733333333333334,1,0,12.575,114.89999999999999,0
2969-QWUBZ,Los Altos,Female,No,No,No,2,Month-to-month,Electronic check,51.4,96.8,No,58,,0,48.4,2,1,26.7,102.8,0
9822-BIIGN,Los Altos,Male,No,Yes,Yes,53,Month-to-month,Electronic check,71.85,3827.9,No,52,,0,72.22452830188679,2,1,62.425,3808.0499999999997,1
2077-MPJQO,Menlo Park,Male,Yes,Yes,No,7,Month-to-month,Electronic check,75.4,533.05,No,41,,0,76.14999999999999,2,1,41.2,527.8000000000001,0
1534-OULXE,Atherton,Female,No,Yes,Yes,61,One year,Bank transfer (automatic),49.7,2961.4,No,46,,0,48.54754098360656,1,0,55.35,3031.7000000000003,1
2971-SGAFL,Millbrae,Female,No,No,No,13,Month-to-month,Electronic check,78.75,995.35,No,79,,0,76.56538461538462,2,1,45.875,1023.75,0
1480-IVEVR,Montara,Male,Yes,Yes,No,35,One year,Bank transfer (automatic),81.6,2815.25,No,60,,0,80.43571428571428,1,0,58.3,2856,1
2905-KFQUV,Moss Beach,Female,No,Yes,No,2,Month-to-month,Credit card (automatic),70.4,154.8,No,39,,0,77.4,2,0,36.2,140.8,0
3370-HXOPH,Mountain View,Female,No,No,No,3,Month-to-month,Electronic check,76.1,257.6,No,25,,0,85.86666666666667,2,1,39.55,228.29999999999998,0
9391-YZEJW,Mountain View,Female,No,No,No,62,One year,Bank transfer (automatic),94,5757.2,No,25,,0,92.85806451612903,1,0,78,5828,1
9958-MEKUC,Pacifica,Male,No,Yes,Yes,72,Two year,Credit card (automatic),103.95,7517.7,No,26,,0,104.4125,0,0,87.975,7484.400000000001,1
0281-CNTZX,Pescadero,Male,No,Yes,No,63,Two year,Bank transfer (automatic),19.95,1234.8,No,74,,0,19.599999999999998,0,0,41.475,1256.85,0
4118-CEVPF,Redwood City,Female,Yes,No,No,35,One year,Bank transfer (automatic),110.8,3836.3,No,35,,0,109.60857142857144,1,0,72.9,3878,1
9114-VEPUF,Redwood City,Male,No,Yes,No,62,One year,Electronic check,96.1,6001.45,No,61,,0,96.79758064516129,1,1,79.05,5958.2,1
7876-BEUTG,San Bruno,Female,No,No,No,15,Month-to-month,Mailed check,48.8,720.1,No,57,,0,48.00666666666667,2,0,31.9,732,0
2338-BQEZT,San Carlos,Female,No,No,No,55,Month-to-month,Credit card (automatic),50.55,2832.75,No,44,,0,51.50454545454546,2,0,52.775,2780.25,1
9873-MNDKV,San Gregorio,Female,No,No,No,11,Month-to-month,Mailed check,44.65,472.25,No,64,,0,42.93181818181818,2,0,27.825,491.15,0
8241-JUIQO,Sunnyvale,Female,No,No,No,61,One year,Bank transfer (automatic),19.45,1336.35,No,26,,0,21.907377049180326,1,0,40.225,1186.45,0
2194-IIQOF,Sunnyvale,Female,No,Yes,No,71,Two year,Credit card (automatic),89.3,6388.65,No,30,,0,89.98098591549295,0,0,80.15,6340.3,1
9631-RXVJM,San Francisco,Male,No,No,No,35,Two year,Mailed check,19.25,677.9,No,77,,0,19.36857142857143,0,0,27.125,673.75,0
9584-EXCDZ,San Francisco,Female,No,No,No,17,Month-to-month,Bank transfer (automatic),70.5,1165.6,No,53,,0,68.56470588235294,2,0,43.75,1198.5,0
5093-FEGLU,San Francisco,Female,No,Yes,No,47,Two year,Bank transfer (automatic),19.65,921.55,No,28,,0,19.607446808510637,0,0,33.325,923.55,0
2621-UDNLU,San Francisco,Female,No,Yes,No,3,Month-to-month,Mailed check,20.85,72,No,56,,0,24,2,0,11.925,62.550000000000004,0
7526-IVLYU,San Francisco,Male,No,No,No,3,Month-to-month,Mailed check,19.65,68.35,No,55,,0,22.78333333333333,2,0,11.325,58.949999999999996,0
2428-HYUNX,San Francisco,Male,Yes,Yes,No,44,Two year,Credit card (automatic),19.35,847.25,No,42,,0,19.255681818181817,0,0,31.675,851.4000000000001,0
9214-EKVXR,San Francisco,Female,No,No,No,1,Month-to-month,Mailed check,44,44,No,75,,0,44,2,0,22.5,44,0
3410-MHHUM,San Francisco,Female,No,Yes,Yes,44,One year,Electronic check,94.4,4295.35,No,73,,0,97.62159090909091,1,1,69.2,4153.6,1
2122-YWVYA,San Francisco,Female,No,No,No,18,Month-to-month,Electronic check,75.4,1380.4,No,53,,0,76.6888888888889,2,1,46.7,1357.2,0
2296-DKZFP,San Francisco,Female,No,Yes,No,65,Two year,Bank transfer (automatic),71,4386.2,No,32,,0,67.48,0,0,68,4615,1
8909-BOLNL,San Francisco,Male,No,No,No,3,One year,Mailed check,21.2,52.05,No,29,,0,17.349999999999998,1,0,12.1,63.599999999999994,0
6603-YRDCJ,San Francisco,Male,No,Yes,No,33,Two year,Mailed check,61.05,2018.4,No,21,,0,61.163636363636364,0,0,47.025,2014.6499999999999,1
3229-USWAR,San Francisco,Female,No,No,No,34,One year,Bank transfer (automatic),79.95,2727.3,No,26,,0,80.21470588235294,1,0,56.975,2718.3,1
2138-VFAPZ,San Francisco,Female,No,Yes,Yes,14,Two year,Mailed check,19.7,263.65,No,68,,0,18.832142857142856,0,0,16.85,275.8,0
6131-JLWZM,San Francisco,Female,No,No,No,13,Month-to-month,Mailed check,20.3,275.4,No,45,,0,21.184615384615384,2,0,16.65,263.90000000000003,0
0269-XFESX,San Francisco,Male,No,Yes,Yes,23,One year,Mailed check,24.35,538.5,No,30,,0,23.41304347826087,1,0,23.675,560.0500000000001,0
1709-EJDOX,San Francisco,Female,No,Yes,Yes,47,Two year,Mailed check,19.75,948.9,No,34,,0,20.18936170212766,0,0,33.375,928.25,0
4316-XCSLJ,Palo Alto,Male,No,No,Yes,17,Month-to-month,Mailed check,50.3,846.8,No,33,,0,49.811764705882354,2,0,33.65,855.0999999999999,0
9693-XMUOB,Palo Alto,Male,Yes,Yes,No,59,Month-to-month,Electronic check,50.25,2997.45,No,27,,0,50.80423728813559,2,1,54.625,2964.75,1
0383-CLDDA,Stanford,Female,No,No,No,69,Two year,Credit card (automatic),85.35,5897.4,No,37,,0,85.4695652173913,0,0,77.175,5889.15,1
2709-UQGNP,San Mateo,Male,No,No,No,10,Month-to-month,Mailed check,51.65,524.5,No,45,,0,52.45,2,0,30.825,516.5,0
3549-ZTMNH,San Mateo,Male,No,Yes,Yes,12,Two year,Bank transfer (automatic),24,269.65,No,69,,0,22.47083333333333,0,0,18,288,0
8033-ATFAS,San Mateo,Female,No,Yes,Yes,39,Month-to-month,Mailed check,59.85,2341.5,No,47,,0,60.03846153846154,2,0,49.425,2334.15,1
1635-NZATJ,Alameda,Male,Yes,Yes,No,71,Two year,Credit card (automatic),25.45,1789.65,No,26,,0,25.206338028169014,0,0,48.225,1806.95,0
0562-HKHML,Alameda,Male,No,Yes,Yes,71,Two year,Credit card (automatic),23.9,1626.4,No,71,,0,22.907042253521126,0,0,47.45,1696.8999999999999,0
8277-RVRSV,Danville,Female,No,Yes,Yes,33,One year,Credit card (automatic),24.15,800.3,No,73,,0,24.25151515151515,1,0,28.575,796.9499999999999,0
9943-VSZUV,Alamo,Male,Yes,No,No,67,Month-to-month,Mailed check,75.7,5060.85,No,30,,0,75.53507462686568,2,0,71.35,5071.900000000001,1
7054-ENNGU,Benicia,Female,No,Yes,No,9,Month-to-month,Mailed check,50.85,466.6,No,26,,0,51.84444444444445,2,0,29.925,457.65000000000003,0
1455-HFBXA,Bethel Island,Male,No,Yes,No,52,Two year,Credit card (automatic),91.6,4627.8,No,62,,0,88.99615384615385,0,0,71.8,4763.2,1
9402-CXWPL,Birds Landing,Female,No,No,No,70,One year,Electronic check,98.9,6838.6,No,20,,0,97.69428571428573,1,1,84.45,6923,1
1628-BIZYP,Brentwood,Male,No,No,No,1,Month-to-month,Electronic check,85,85,No,46,,0,85,2,1,43,85,0
0082-LDZUE,Calistoga,Male,No,No,No,1,Month-to-month,Mailed check,44.3,44.3,No,57,,0,44.3,2,0,22.65,44.3,0
5343-SGUBI,Concord,Female,No,No,No,52,One year,Mailed check,80.2,4297.6,No,51,,0,82.64615384615385,1,0,66.1,4170.400000000001,1
0856-NAOES,Concord,Male,No,No,No,6,Month-to-month,Mailed check,60.9,414.1,No,80,,0,69.01666666666667,2,0,33.45,365.4,0
1976-AZZPJ,Concord,Male,No,Yes,No,7,Month-to-month,Mailed check,34.2,256.6,No,32,,0,36.65714285714286,2,0,20.6,239.40000000000003,0
6156-UZDLF,Pleasant Hill,Female,No,No,No,26,One year,Credit card (automatic),87.15,2274.1,No,77,,0,87.46538461538461,1,0,56.575,2265.9,1
3099-OONVS,Crockett,Male,No,Yes,Yes,25,Month-to-month,Electronic check,54.3,1296.8,No,63,,0,51.872,2,1,39.65,1357.5,0
9500-WBGRP,Danville,Male,No,No,No,69,Two year,Mailed check,19.1,1268.85,No,31,,0,18.389130434782608,0,0,44.05,1317.9,0
5183-KLYEM,El Cerrito,Female,No,No,No,72,Two year,Credit card (automatic),112.75,8192.6,No,60,,0,113.78611111111111,0,0,92.375,8118,1
5144-PQCDZ,Fairfield,Male,No,No,No,4,Month-to-month,Mailed check,19.95,59.25,No,64,,0,14.8125,2,0,11.975,79.8,0
8514-VZHEB,Travis Afb,Male,No,Yes,Yes,59,Two year,Mailed check,19.5,1147.85,No,50,,0,19.45508474576271,0,0,39.25,1150.5,0
6625-IUTTT,Fremont,Male,No,No,No,67,Two year,Bank transfer (automatic),65.55,4361.55,No,54,,0,65.09776119402986,0,0,66.275,4391.849999999999,1
9355-NPPFS,Fremont,Female,Yes,No,No,26,Month-to-month,Electronic check,78.8,2006.1,No,37,,0,77.1576923076923,2,1,52.4,2048.7999999999997,1
0068-FIGTF,Fremont,Female,No,No,No,27,One year,Mailed check,78.2,2078.95,No,54,,0,76.99814814814815,1,0,52.6,2111.4,1
5965-GGPRW,Hayward,Male,No,Yes,Yes,72,Two year,Bank transfer (automatic),105.25,7609.75,No,78,,0,105.69097222222223,0,0,88.625,7578,1
8035-PWSEV,Hayward,Female,No,No,No,6,Month-to-month,Electronic check,89.25,487.05,No,76,,0,81.175,2,1,47.625,535.5,0
2236-HILPA,Hayward,Male,No,Yes,Yes,62,Two year,Credit card (automatic),20.65,1218.45,No,40,,0,19.65241935483871,0,0,41.325,1280.3,0
1840-BIUOG,Hayward,Male,No,No,No,20,One year,Electronic check,68.7,1416.2,No,73,,0,70.81,1,1,44.35,1374,0
1356-MKYSK,Castro Valley,Male,No,No,No,6,Month-to-month,Credit card (automatic),78.65,483.3,No,68,,0,80.55,2,0,42.325,471.90000000000003,0
6080-LNESI,Hercules,Male,No,No,No,51,Two year,Mailed check,24.75,1234.6,No,46,,0,24.2078431372549,0,0,37.875,1262.25,0
1830-IPXVJ,Lafayette,Female,No,Yes,Yes,61,Two year,Credit card (automatic),19.75,1311.6,No,22,,0,21.501639344262294,0,0,40.375,1204.75,0
5828-DWPIL,Livermore,Male,Yes,Yes,No,62,Month-to-month,Electronic check,89.1,5618.3,No,25,,0,90.61774193548388,2,1,75.55,5524.2,1
8398-TBIYD,Castro Valley,Female,No,No,No,72,Two year,Bank transfer (automatic),84.7,6185.15,No,78,,0,85.9048611111111,0,0,78.35,6098.400000000001,1
2931-FSOHN,Napa,Male,Yes,No,No,13,Month-to-month,Electronic check,59.9,788.35,No,58,,0,60.642307692307696,2,1,36.45,778.6999999999999,0
9418-RUKPH,Newark,Female,No,Yes,Yes,38,Two year,Mailed check,19.95,756.4,No,75,,0,19.905263157894737,0,0,28.975,758.1,0
9971-ZWPBF,Orinda,Male,Yes,Yes,Yes,34,Month-to-month,Electronic check,108.9,3625.2,No,24,,0,106.62352941176471,2,1,71.45,3702.6000000000004,1
4712-AUQZO,Pinole,Male,No,No,No,18,Month-to-month,Mailed check,33.6,550.35,No,21,,0,30.575000000000003,2,0,25.8,604.8000000000001,0
9711-FJTBX,Pittsburg,Male,No,Yes,Yes,56,One year,Mailed check,85.85,4793.8,No,28,,0,85.60357142857143,1,0,70.925,4807.599999999999,1
2908-ZTPNF,Pleasanton,Female,No,No,No,36,Month-to-month,Bank transfer (automatic),34.85,1267.2,No,50,,0,35.2,2,0,35.425,1254.6000000000001,0
8421-WZOOW,Rio Vista,Female,Yes,Yes,Yes,57,Month-to-month,Credit card (automatic),95.3,5567.45,No,23,,0,97.67456140350878,2,0,76.15,5432.099999999999,1
1414-YADCW,Deer Park,Male,No,Yes,No,70,Two year,Bank transfer (automatic),84.6,5706.2,No,39,,0,81.51714285714286,0,0,77.3,5922,1
8756-RDDLT,San Leandro,Female,No,No,No,68,Month-to-month,Electronic check,44.95,3085.35,No,63,,0,45.37279411764706,2,1,56.475,3056.6000000000004,1
2862-PFNIK,San Leandro,Male,No,No,Yes,1,Month-to-month,Electronic check,24.7,24.7,No,29,,0,24.7,2,1,12.85,24.7,0
5816-QVHRX,San Leandro,Female,No,No,No,37,Month-to-month,Credit card (automatic),100.3,3541.4,No,44,,0,95.71351351351352,2,0,68.65,3711.1,1
4430-YHXGG,San Lorenzo,Female,No,No,Yes,4,Month-to-month,Mailed check,25.45,84.2,No,77,,0,21.05,2,0,14.725,101.8,0
6888-SBYAI,San Ramon,Male,No,No,No,1,Month-to-month,Mailed check,50.7,50.7,No,30,,0,50.7,2,0,25.85,50.7,0
7395-XWZOY,Suisun City,Male,No,No,No,20,Month-to-month,Credit card (automatic),55,1165.55,No,68,,0,58.277499999999996,2,0,37.5,1100,0
7169-YWAMK,Sunol,Male,No,Yes,Yes,72,Two year,Bank transfer (automatic),68.4,4855.35,No,79,,0,67.43541666666667,0,0,70.2,4924.8,1
6859-RKMZJ,Vallejo,Male,No,Yes,No,11,Month-to-month,Bank transfer (automatic),55.05,608.15,No,21,,0,55.28636363636363,2,0,33.025,605.55,0
2729-VNVAP,Vallejo,Female,No,Yes,Yes,33,Two year,Credit card (automatic),19.8,641.35,No,42,,0,19.434848484848487,0,0,26.4,653.4,0
2957-JIRMN,Vallejo,Female,Yes,No,No,62,One year,Electronic check,84.45,4959.15,No,60,,0,79.98629032258064,1,1,73.225,5235.900000000001,1
3842-QTGDL,Walnut Creek,Male,No,Yes,No,16,Month-to-month,Bank transfer (automatic),80.75,1321.3,No,55,,0,82.58125,2,0,48.375,1292,0
7163-OCEQI,Walnut Creek,Male,No,Yes,Yes,22,One year,Mailed check,78.65,1663.75,No,67,,0,75.625,1,0,50.325,1730.3000000000002,0
9782-LGXMC,Walnut Creek,Female,No,Yes,Yes,49,Month-to-month,Bank transfer (automatic),61.75,3024.15,No,39,,0,61.71734693877551,2,0,55.375,3025.75,1
5975-BAICR,Yountville,Male,No,Yes,Yes,36,One year,Credit card (automatic),63.7,2188.5,No,31,,0,60.791666666666664,1,0,49.85,2293.2000000000003,1
4673-KKSLS,Oakland,Female,No,No,No,31,Month-to-month,Electronic check,87.6,2724.25,No,48,,0,87.87903225806451,2,1,59.3,2715.6,1
4853-OITSN,Oakland,Male,No,Yes,No,5,Month-to-month,Electronic check,89.15,413.25,No,27,,0,82.65,2,1,47.075,445.75,0
9800-OUIGR,Oakland,Male,No,Yes,Yes,66,Two year,Credit card (automatic),20,1374.2,No,74,,0,20.82121212121212,0,0,43,1320,0
2324-EFHVG,Oakland,Male,No,No,No,64,Two year,Bank transfer (automatic),104.4,6692.65,No,38,,0,104.57265625,0,0,84.2,6681.6,1
7094-MSZAO,Oakland,Male,No,Yes,Yes,10,Month-to-month,Credit card (automatic),20.05,218.5,No,23,,0,21.85,2,0,15.025,200.5,0
6907-CQGPN,Oakland,Male,No,No,No,29,Month-to-month,Electronic check,34.3,1004.75,No,65,,0,34.64655172413793,2,1,31.65,994.6999999999999,0
0780-XNZFN,Oakland,Male,No,No,No,57,Two year,Bank transfer (automatic),20.65,1125.6,No,49,,0,19.74736842105263,0,0,38.825,1177.05,0
0239-OXEXL,Oakland,Female,No,No,No,46,Month-to-month,Mailed check,84.25,3847.6,No,49,,0,83.64347826086956,2,0,65.125,3875.5,1
2675-IJRGJ,Oakland,Male,No,No,No,53,Two year,Bank transfer (automatic),19.65,978,No,68,,0,18.452830188679247,0,0,36.325,1041.4499999999998,0
7049-GKVZY,Berkeley,Female,No,No,No,17,One year,Credit card (automatic),79.85,1387.35,No,42,,0,81.60882352941177,1,0,48.425,1357.4499999999998,0
8577-QSOCG,Berkeley,Female,No,Yes,Yes,38,Two year,Mailed check,20.2,746.05,No,63,,0,19.632894736842104,0,0,29.1,767.6,0
3721-CNZHX,Berkeley,Male,No,No,No,15,One year,Mailed check,19.8,304.6,No,28,,0,20.30666666666667,1,0,17.4,297,0
0212-ISBBF,Berkeley,Female,No,No,No,22,Month-to-month,Electronic check,50.35,1098.85,No,73,,0,49.94772727272727,2,1,36.175,1107.7,0
3585-YNADK,Berkeley,Female,No,Yes,No,57,One year,Bank transfer (automatic),74.6,4368.95,No,76,,0,76.64824561403509,1,0,65.8,4252.2,1
5271-DBYSJ,Berkeley,Male,Yes,No,No,11,Month-to-month,Credit card (automatic),79.15,827.7,No,20,,0,75.24545454545455,2,0,45.075,870.6500000000001,0
1099-GODLO,Berkeley,Female,No,Yes,Yes,1,Two year,Mailed check,20.35,20.35,No,38,,0,20.35,0,0,10.675,20.35,0
6828-HMKWP,Berkeley,Male,No,Yes,Yes,12,Two year,Bank transfer (automatic),21.05,262.05,No,25,,0,21.837500000000002,0,0,16.525,252.60000000000002,0
1472-TNCWL,El Sobrante,Male,No,No,Yes,36,Month-to-month,Electronic check,94.7,3512.5,No,76,,0,97.56944444444444,2,1,65.35,3409.2000000000003,1
2080-GKCWQ,San Pablo,Male,No,No,No,2,Month-to-month,Electronic check,74.95,151.75,No,76,,0,75.875,2,1,38.475,149.9,0
2193-SFWQW,San Rafael,Male,No,Yes,Yes,72,Two year,Bank transfer (automatic),111.95,8033.1,No,25,,0,111.57083333333334,0,0,91.975,8060.400000000001,1
5656-JAMLX,Greenbrae,Male,No,No,No,62,Two year,Bank transfer (automatic),19.85,1253.65,No,45,,0,20.220161290322583,0,0,40.925,1230.7,0
3462-BJQQA,Belvedere Tiburon,Female,No,No,No,6,Month-to-month,Electronic check,89.75,552.65,No,63,,0,92.10833333333333,2,1,47.875,538.5,0
0442-TDYUO,Bodega,Male,No,Yes,No,48,Two year,Mailed check,20.05,1036,No,28,,0,21.583333333333332,0,0,34.025,962.4000000000001,0
6733-LRIZX,Bodega Bay,Male,No,No,No,35,Two year,Electronic check,108.95,4025.5,No,32,,0,115.01428571428572,0,1,71.975,3813.25,1
9503-XJUME,Bolinas,Male,No,No,Yes,52,One year,Credit card (automatic),19.65,928.4,No,34,,0,17.853846153846153,1,0,35.825,1021.8,0
4367-NHWMM,Corte Madera,Female,No,No,No,1,Month-to-month,Mailed check,24.9,24.9,No,61,,0,24.9,2,0,12.95,24.9,0
3779-OSWCF,Dillon Beach,Female,No,Yes,No,71,Two year,Credit card (automatic),93.2,6506.15,No,69,,0,91.63591549295774,0,0,82.1,6617.2,1
6736-DHUQI,Fairfax,Female,No,Yes,Yes,67,One year,Bank transfer (automatic),84.8,5598.3,No,66,,0,83.55671641791045,1,0,75.9,5681.599999999999,1
3915-ODIYG,Cotati,Male,Yes,No,No,60,One year,Electronic check,71.75,4374.55,No,71,,0,72.90916666666666,1,1,65.875,4305,1
1360-RCYRT,Forest Knolls,Male,No,Yes,Yes,23,Month-to-month,Bank transfer (automatic),30.35,678.75,No,62,,0,29.51086956521739,2,0,26.675,698.0500000000001,0
2724-FJDYW,Inverness,Male,No,No,Yes,39,One year,Bank transfer (automatic),54.85,2191.7,No,72,,0,56.197435897435895,1,0,46.925,2139.15,1
4451-RWASJ,Lagunitas,Male,No,Yes,Yes,15,One year,Mailed check,19.5,239.75,No,59,,0,15.983333333333333,1,0,17.25,292.5,0
3460-TJBWI,Marshall,Male,No,Yes,Yes,24,Two year,Mailed check,24.2,609.05,No,46,,0,25.37708333333333,0,0,24.1,580.8,0
5917-HBSDW,Mill Valley,Female,No,Yes,Yes,37,Month-to-month,Electronic check,19.35,683.75,No,31,,0,18.47972972972973,2,1,28.175,715.95,0
5671-UUNXD,Nicasio,Female,Yes,Yes,No,50,One year,Electronic check,100.65,5189.75,No,40,,0,103.795,1,1,75.325,5032.5,1
0956-ACVZC,Novato,Female,No,No,No,54,One year,Credit card (automatic),94.1,5060.9,No,70,,0,93.72037037037036,1,0,74.05,5081.4,1
2325-NBPZG,Novato,Female,No,No,No,3,Month-to-month,Electronic check,74.55,233.65,No,58,,0,77.88333333333334,2,1,38.775,223.64999999999998,0
4482-FTFFX,Penngrove,Male,No,No,No,5,Month-to-month,Electronic check,56.15,291.45,No,78,,0,58.29,2,1,30.575,280.75,0
8859-DZTGQ,Petaluma,Male,No,No,No,33,Two year,Mailed check,20.35,689.75,No,71,,0,20.901515151515152,0,0,26.675,671.5500000000001,0
0440-MOGPM,Petaluma,Female,No,No,No,41,One year,Electronic check,80.55,3263.9,No,29,,0,79.60731707317073,1,1,60.775,3302.5499999999997,1
0020-JDNXP,Point Reyes Station,Female,No,Yes,Yes,34,One year,Mailed check,61.25,1993.2,No,37,,0,58.62352941176471,1,0,47.625,2082.5,1
3752-CQSJI,San Anselmo,Female,No,Yes,Yes,13,Month-to-month,Mailed check,20.45,254.5,No,25,,0,19.576923076923077,2,0,16.725,265.84999999999997,0
5025-GOOKI,San Geronimo,Female,No,No,No,20,Month-to-month,Credit card (automatic),18.9,347.65,No,51,,0,17.3825,2,0,19.45,378,0
4698-KVLLG,San Quentin,Female,Yes,No,No,51,Two year,Credit card (automatic),19.6,967.9,No,68,,0,18.978431372549018,0,0,35.3,999.6,0
2887-JPYLU,Stinson Beach,Female,No,No,Yes,41,Month-to-month,Bank transfer (automatic),45.2,1841.9,No,42,,0,44.924390243902444,2,0,43.1,1853.2,0
4770-QAZXN,Tomales,Female,No,No,No,13,Month-to-month,Credit card (automatic),19.45,232.1,No,54,,0,17.853846153846153,2,0,16.225,252.85,0
4896-CPRPF,Valley Ford,Male,No,Yes,Yes,35,Two year,Bank transfer (automatic),25.45,809.25,No,36,,0,23.12142857142857,0,0,30.225,890.75,0
9714-EDSUC,Alviso,Male,No,No,No,4,Month-to-month,Mailed check,94.9,360.55,No,22,,0,90.1375,2,0,49.45,379.6,0
0282-NVSJS,Aromas,Female,Yes,Yes,Yes,12,Month-to-month,Mailed check,29.3,355.9,No,75,,0,29.65833333333333,2,0,20.65,351.6,0
7353-YOWFP,Brookdale,Female,No,No,No,7,One year,Mailed check,20.25,129.15,No,54,,0,18.45,1,0,13.625,141.75,0
8008-ESFLK,Capitola,Female,No,Yes,No,53,One year,Electronic check,110.5,5835.5,No,59,,0,110.10377358490567,1,1,81.75,5856.5,1
7537-CBQUZ,Castroville,Male,Yes,No,No,63,Month-to-month,Bank transfer (automatic),109.4,7031.45,No,24,,0,111.61031746031746,2,0,86.2,6892.200000000001,1
3363-EWLGO,Freedom,Female,No,No,No,5,Month-to-month,Mailed check,19.95,109.6,No,67,,0,21.919999999999998,2,0,12.475,99.75,0
4750-UKWJK,Gilroy,Female,Yes,Yes,No,37,One year,Mailed check,19.6,727.8,No,77,,0,19.67027027027027,1,0,28.3,725.2,0
1689-YQBYY,Los Gatos,Female,No,No,Yes,12,Month-to-month,Electronic check,76.6,893,No,61,,0,74.41666666666667,2,1,44.3,919.1999999999999,0
4487-ZYJZK,Los Gatos,Female,No,Yes,Yes,38,One year,Credit card (automatic),19.6,763.1,No,53,,0,20.08157894736842,1,0,28.8,744.8000000000001,0
2959-FENLU,Los Gatos,Female,No,No,No,9,Month-to-month,Credit card (automatic),85.3,781.4,No,28,,0,86.82222222222222,2,0,47.15,767.6999999999999,0
0708-LGSMF,Milpitas,Male,No,Yes,No,13,Month-to-month,Electronic check,65.85,902.25,No,44,,0,69.40384615384616,2,1,39.425,856.05,0
7634-HLQJR,Moss Landing,Female,No,Yes,Yes,47,Two year,Credit card (automatic),20.05,1016.7,No,35,,0,21.631914893617022,0,0,33.525,942.35,0
0487-RPVUM,Mount Hermon,Male,No,Yes,No,61,Month-to-month,Bank transfer (automatic),99.4,5943.65,No,44,,0,97.43688524590164,2,0,80.2,6063.400000000001,1
4079-ULGFR,Paicines,Male,No,No,No,16,Month-to-month,Mailed check,20,275.7,No,75,,0,17.23125,2,0,18,320,0
2516-XSJKX,San Juan Bautista,Female,No,Yes,Yes,41,Two year,Electronic check,78.45,3126.45,No,27,,0,76.25487804878048,0,1,59.725,3216.4500000000003,1
0057-QBUQH,San Martin,Female,No,No,Yes,43,Two year,Electronic check,25.1,1070.15,No,59,,0,24.887209302325584,0,1,34.05,1079.3,0
6599-SFQVE,Santa Clara,Female,No,No,No,6,Month-to-month,Electronic check,55,340.4,No,21,,0,56.73333333333333,2,1,30.5,330,0
8331-ZXFOE,Santa Clara,Female,No,No,No,58,One year,Credit card (automatic),71.1,4299.2,No,42,,0,74.12413793103448,1,0,64.55,4123.799999999999,1
4003-FUSHP,Santa Cruz,Male,No,No,No,19,Month-to-month,Credit card (automatic),61.55,1093.2,No,60,,0,57.53684210526316,2,0,40.275,1169.45,0
0356-ERHVT,Santa Cruz,Male,No,Yes,No,11,Month-to-month,Bank transfer (automatic),45.9,521.9,No,41,,0,47.445454545454545,2,0,28.45,504.9,0
7325-ENZFI,Santa Cruz,Female,No,No,No,39,One year,Bank transfer (automatic),40.3,1630.4,No,77,,0,41.805128205128206,1,0,39.65,1571.6999999999998,0
4884-ZTHVF,Santa Cruz,Female,Yes,No,No,8,Month-to-month,Electronic check,87.1,713.6,No,65,,0,89.2,2,1,47.55,696.8,0
3920-HIHMQ,Scotts Valley,Female,No,No,Yes,26,Month-to-month,Mailed check,49.5,1265.65,No,38,,0,48.67884615384616,2,0,37.75,1287,0
3055-OYMSE,Saratoga,Female,Yes,No,No,53,Month-to-month,Credit card (automatic),73.8,4003.85,No,45,,0,75.5443396226415,2,0,63.4,3911.3999999999996,1
0613-WUXUM,Soquel,Female,No,Yes,Yes,70,Two year,Mailed check,19.2,1401.4,No,53,,0,20.02,0,0,44.6,1344,0
4458-KVRBJ,San Jose,Male,No,No,No,59,Two year,Mailed check,25,1510.5,No,69,,0,25.60169491525424,0,0,42,1475,0
1397-XKKWR,San Jose,Male,No,No,No,7,One year,Mailed check,35.3,264.8,No,39,,0,37.82857142857143,1,0,21.15,247.09999999999997,0
8097-OMULG,San Jose,Male,No,Yes,Yes,59,One year,Credit card (automatic),76.75,4541.9,No,24,,0,76.98135593220339,1,0,67.875,4528.25,1
6013-BHCAW,San Jose,Male,No,Yes,Yes,61,Two year,Bank transfer (automatic),81,4976.15,No,40,,0,81.57622950819672,0,0,71,4941,1
0401-WDBXM,San Jose,Male,No,Yes,Yes,72,Two year,Bank transfer (automatic),105.55,7542.25,No,62,,0,104.75347222222223,0,0,88.775,7599.599999999999,1
3387-PLKUI,San Jose,Female,No,Yes,Yes,13,Month-to-month,Mailed check,18.8,251.25,No,71,,0,19.326923076923077,2,0,15.9,244.4,0
6096-EGVTU,San Jose,Female,No,Yes,Yes,64,One year,Mailed check,24.9,1595.5,No,62,,0,24.9296875,1,0,44.45,1593.6,0
5081-NWSUP,San Jose,Female,No,No,No,10,One year,Mailed check,64.9,685.55,No,62,,0,68.55499999999999,1,0,37.45,649,0
2580-ATZSQ,San Jose,Female,No,Yes,Yes,65,One year,Bank transfer (automatic),61.35,3874.1,No,36,,0,59.60153846153846,1,0,63.175,3987.75,1
8085-MSNLK,San Jose,Female,No,Yes,No,62,Two year,Mailed check,113.95,6891.4,No,71,,0,111.1516129032258,0,0,87.975,7064.900000000001,1
9691-HKOVS,San Jose,Female,No,Yes,No,55,One year,Electronic check,90.15,4916.95,No,77,,0,89.3990909090909,1,1,72.575,4958.25,1
9881-VCZEP,San Jose,Female,No,Yes,No,25,Month-to-month,Electronic check,54.1,1373,No,64,,0,54.92,2,1,39.55,1352.5,0
8757-TFHHJ,San Jose,Male,No,No,No,1,Month-to-month,Credit card (automatic),49.8,49.8,No,24,,0,49.8,2,0,25.4,49.8,0
1468-DEFNC,San Jose,Male,Yes,Yes,Yes,64,Two year,Bank transfer (automatic),24.4,1548.65,No,68,,0,24.19765625,0,0,44.2,1561.6,0
5119-KEPFY,San Jose,Male,No,Yes,No,36,Month-to-month,Bank transfer (automatic),95,3440.25,No,64,,0,95.5625,2,0,65.5,3420,1
0916-KNFAJ,San Jose,Male,No,Yes,No,61,Two year,Mailed check,69.9,4226.7,No,76,,0,69.29016393442623,0,0,65.45,4263.900000000001,1
8319-QBEHW,San Jose,Male,No,No,Yes,26,One year,Bank transfer (automatic),39.95,1023.75,No,74,,0,39.375,1,0,32.975,1038.7,0
9625-QNLUX,San Jose,Male,No,Yes,Yes,68,Two year,Credit card (automatic),103.25,7074.4,No,22,,0,104.03529411764706,0,0,85.625,7021,1
4024-CSNBY,Mount Hamilton,Female,No,Yes,No,72,Two year,Bank transfer (automatic),94.25,6849.75,No,51,,0,95.13541666666667,0,0,83.125,6786,1
7110-BDTWG,San Jose,Female,No,Yes,No,71,Two year,Electronic check,47.05,3263.6,No,76,,0,45.96619718309859,0,1,59.025,3340.5499999999997,1
7493-GVFIO,Stockton,Male,No,No,No,57,Two year,Credit card (automatic),20.55,1252.85,No,48,,0,21.979824561403507,0,0,38.775,1171.3500000000001,0
0690-SRQID,Stockton,Male,No,No,No,4,Month-to-month,Mailed check,19.65,67.55,No,72,,0,16.8875,2,0,11.825,78.6,0
9605-WGJVW,Stockton,Female,Yes,No,No,1,Month-to-month,Electronic check,70.2,70.2,No,47,,0,70.2,2,1,35.6,70.2,0
9114-DPSIA,Stockton,Male,No,Yes,Yes,72,Two year,Credit card (automatic),81,5750,No,77,,0,79.86111111111111,0,0,76.5,5832,1
4700-UBQMV,Stockton,Male,No,Yes,Yes,21,One year,Bank transfer (automatic),75.9,1549.75,No,47,,0,73.79761904761905,1,0,48.45,1593.9,0
7711-GQBZC,Stockton,Female,No,Yes,Yes,71,Two year,Bank transfer (automatic),24.7,1810.55,No,45,,0,25.500704225352113,0,0,47.85,1753.7,0
4627-MIHJH,Stockton,Female,Yes,No,No,69,Two year,Credit card (automatic),110.25,7467.55,No,69,,0,108.22536231884058,0,0,89.625,7607.25,1
9795-NREXC,Stockton,Female,No,Yes,No,64,Two year,Credit card (automatic),85,5484.4,No,56,,0,85.69375,0,0,74.5,5440,1
8573-CGOCC,Stockton,Male,No,No,No,16,Month-to-month,Credit card (automatic),19.75,294.9,No,55,,0,18.43125,2,0,17.875,316,0
7356-AYNJP,Stockton,Female,No,No,No,4,One year,Electronic check,23.9,97.5,No,57,,0,24.375,1,1,13.95,95.6,0
6286-SUUWT,Arnold,Male,No,No,No,1,Month-to-month,Mailed check,19.95,19.95,No,21,,0,19.95,2,0,10.475,19.95,0
4819-HJPIW,Avery,Male,No,No,No,18,Month-to-month,Mailed check,25.15,476.8,No,31,,0,26.48888888888889,2,0,21.575,452.7,0
8654-DHAOW,Burson,Female,No,No,No,2,Month-to-month,Mailed check,54.15,101.65,No,27,,0,50.825,2,0,28.075,108.3,0
5438-QMDDL,Campo Seco,Female,No,Yes,No,19,Month-to-month,Mailed check,59.8,1130.85,No,32,,0,59.518421052631574,2,0,39.4,1136.2,0
9812-GHVRI,Clements,Female,No,No,No,40,Month-to-month,Bank transfer (automatic),83.85,3532.25,No,31,,0,88.30625,2,0,61.925,3354,1
5553-AOINX,Copperopolis,Female,Yes,Yes,Yes,66,One year,Electronic check,104.9,6891.45,No,48,,0,104.41590909090908,1,1,85.45,6923.400000000001,1
1228-ZLNBX,Farmington,Male,No,No,No,21,Month-to-month,Mailed check,75.3,1570.7,No,50,,0,74.79523809523809,2,0,48.15,1581.3,0
4226-KKDON,French Camp,Male,No,No,No,8,Month-to-month,Electronic check,66.65,520.95,No,60,,0,65.11875,2,1,37.325,533.2,0
3831-YCPUO,Glencoe,Female,No,Yes,Yes,72,Two year,Credit card (automatic),109.5,7854.9,No,55,,0,109.09583333333333,0,0,90.75,7884,1
7445-WMRBW,Hathaway Pines,Female,No,No,No,48,One year,Bank transfer (automatic),73.85,3581.4,No,29,,0,74.6125,1,0,60.925,3544.7999999999997,1
3308-DGHKL,Linden,Male,No,No,No,69,Two year,Bank transfer (automatic),19.3,1447.9,No,63,,0,20.984057971014494,0,0,44.15,1331.7,0
9924-JPRMC,Lockeford,Male,No,No,No,72,Two year,Electronic check,118.2,8547.15,No,55,,0,118.71041666666666,0,1,95.1,8510.4,1
0080-EMYVY,Lodi,Female,No,No,No,14,One year,Credit card (automatic),51.45,727.85,No,57,,0,51.989285714285714,1,0,32.725,720.3000000000001,0
6218-KNUBD,Lodi,Male,No,No,No,6,Month-to-month,Electronic check,59.45,357.6,No,54,,0,59.6,2,1,32.725,356.70000000000005,0
7337-CINUD,Mokelumne Hill,Female,No,Yes,Yes,8,Two year,Bank transfer (automatic),19.5,159.35,No,35,,0,19.91875,0,0,13.75,156,0
7609-NRNCA,Mountain Ranch,Female,No,No,No,17,One year,Mailed check,19.55,280.85,No,42,,0,16.52058823529412,1,0,18.275,332.35,0
0623-EJQEG,Murphys,Male,No,No,No,65,One year,Electronic check,93.55,6069.25,No,76,,0,93.37307692307692,1,1,79.275,6080.75,1
7153-CHRBV,San Andreas,Female,No,Yes,Yes,57,One year,Mailed check,59.3,3274.35,No,38,,0,57.444736842105264,1,0,58.15,3380.1,1
6198-PNNSZ,Valley Springs,Female,No,Yes,No,56,One year,Bank transfer (automatic),109.8,6109.65,No,77,,0,109.10089285714285,1,0,82.9,6148.8,1
3317-VLGQT,Wallace,Female,No,Yes,No,14,Month-to-month,Electronic check,78.1,1122.4,No,68,,0,80.17142857142858,2,1,46.05,1093.3999999999999,0
4132-POCZS,West Point,Male,No,Yes,No,52,Month-to-month,Electronic check,39.9,2020.9,No,54,,0,38.86346153846154,2,1,45.95,2074.7999999999997,1
5614-DNZCE,Wilseyville,Female,No,No,No,58,Two year,Credit card (automatic),64.9,3795.45,No,57,,0,65.43879310344828,0,0,61.45,3764.2000000000003,1
3896-RCYYE,Atwater,Female,No,No,No,67,Month-to-month,Credit card (automatic),53.4,3579.15,No,37,,0,53.420149253731346,2,0,60.2,3577.7999999999997,1
9638-JIQYA,Ballico,Male,No,No,No,2,Month-to-month,Credit card (automatic),24.9,49.7,No,41,,0,24.85,2,0,13.45,49.8,0
3258-SANFR,Big Oak Flat,Male,Yes,No,No,6,Month-to-month,Credit card (automatic),44.7,276.5,No,30,,0,46.083333333333336,2,0,25.35,268.20000000000005,0
3726-TBHQT,Catheys Valley,Male,No,Yes,Yes,71,Two year,Bank transfer (automatic),114,8175.9,No,23,,0,115.15352112676055,0,0,92.5,8094,1
3190-ITQXP,Ceres,Female,No,Yes,Yes,46,Two year,Bank transfer (automatic),20.25,890.35,No,58,,0,19.355434782608697,0,0,33.125,931.5,0
4833-QTJNO,Coulterville,Male,Yes,Yes,No,67,Month-to-month,Bank transfer (automatic),83.85,5588.8,No,49,,0,83.41492537313434,2,0,75.425,5617.95,1
3039-MJSLN,Cressey,Male,No,No,Yes,3,Month-to-month,Bank transfer (automatic),20.2,50.6,No,46,,0,16.866666666666667,2,0,11.6,60.599999999999994,0
0178-CIIKR,Crows Landing,Female,No,No,No,3,Month-to-month,Mailed check,19.95,58,No,74,,0,19.333333333333332,2,0,11.475,59.849999999999994,0
2322-VCZHZ,El Portal,Male,Yes,Yes,No,23,Month-to-month,Electronic check,90,2024.1,No,50,,0,88.00434782608696,2,1,56.5,2070,1
5010-IPEAQ,Escalon,Female,No,Yes,Yes,67,Two year,Credit card (automatic),54.2,3623.95,No,58,,0,54.08880597014925,0,0,60.6,3631.4,1
6383-ZTSIW,Gustine,Female,Yes,Yes,No,39,One year,Mailed check,99.1,3877.95,No,22,,0,99.43461538461538,1,0,69.05,3864.8999999999996,1
8990-YOZLV,Hickman,Female,No,No,No,69,Two year,Mailed check,66.9,4577.9,No,68,,0,66.3463768115942,0,0,67.95,4616.1,1
3069-SSVSN,Hilmar,Female,No,No,No,1,One year,Mailed check,25.85,25.85,No,55,,0,25.85,1,0,13.425,25.85,0
5222-IMUKT,Hornitos,Male,No,No,No,32,Month-to-month,Electronic check,91.05,2871.5,No,80,,0,89.734375,2,1,61.525,2913.6,1
6685-XSHHU,Keyes,Male,No,Yes,Yes,60,Two year,Bank transfer (automatic),20.95,1270.55,No,51,,0,21.175833333333333,0,0,40.475,1257,0
8901-UPRHR,La Grange,Female,No,Yes,Yes,72,Two year,Bank transfer (automatic),109.2,7711.45,No,68,,0,107.10347222222222,0,0,90.6,7862.400000000001,1
0118-JPNOY,Le Grand,Female,Yes,No,No,26,Month-to-month,Credit card (automatic),85.8,2193.65,No,46,,0,84.37115384615385,2,0,55.9,2230.7999999999997,1
3845-FXCYS,Long Barn,Male,No,No,No,2,Month-to-month,Electronic check,19.65,31.2,No,26,,0,15.6,2,1,10.825,39.3,0
5857-XRECV,Manteca,Female,No,No,Yes,2,One year,Bank transfer (automatic),20.5,38.25,No,47,,0,19.125,1,0,11.25,41,0
0725-CXOTM,Manteca,Female,No,No,No,36,One year,Credit card (automatic),89.65,3348.1,No,68,,0,93.00277777777778,1,0,62.825,3227.4,1
4343-EJVQB,Mariposa,Male,No,No,No,7,Month-to-month,Mailed check,74.35,533.6,No,51,,0,76.22857142857143,2,0,40.675,520.4499999999999,0
9000-PLFUZ,Merced,Female,Yes,Yes,No,60,Two year,Credit card (automatic),49.45,2907.55,No,61,,0,48.45916666666667,0,0,54.725,2967,1
3427-GGZZI,Midpines,Female,No,Yes,No,19,Month-to-month,Electronic check,89.1,1620.8,No,66,,0,85.30526315789473,2,1,54.05,1692.8999999999999,0
7779-ORAEL,Mi Wuk Village,Male,Yes,Yes,No,45,Two year,Credit card (automatic),75.15,3480.35,No,52,,0,77.3411111111111,0,0,60.075,3381.7500000000005,1
0644-OQMDK,Merced,Male,Yes,No,No,4,Month-to-month,Electronic check,70.65,293.85,No,34,,0,73.4625,2,1,37.325,282.6,0
3154-CFSZG,Modesto,Male,No,Yes,Yes,47,Month-to-month,Electronic check,90.05,4137.2,No,78,,0,88.02553191489362,2,1,68.525,4232.349999999999,1
2220-IAHLS,Modesto,Female,No,No,No,1,Month-to-month,Credit card (automatic),19.4,19.4,No,21,,0,19.4,2,0,10.2,19.4,0
1658-XUHBX,Modesto,Female,Yes,Yes,Yes,59,Month-to-month,Credit card (automatic),88.75,5348.65,No,21,,0,90.65508474576271,2,0,73.875,5236.25,1
2378-HTWFW,Newman,Male,Yes,No,No,35,Month-to-month,Credit card (automatic),91,3180.5,No,35,,0,90.87142857142857,2,0,63,3185,1
4377-VDHYI,Patterson,Male,No,Yes,Yes,32,One year,Electronic check,90.8,3023.85,No,80,,0,94.4953125,1,1,61.4,2905.6,1
3719-TDVQB,Ripon,Female,Yes,Yes,No,54,Two year,Mailed check,18.95,1031.1,No,28,,0,19.09444444444444,0,0,36.475,1023.3,0
0201-MIBOL,Salida,Female,Yes,No,No,66,Two year,Bank transfer (automatic),102.4,6471.85,No,69,,0,98.05833333333334,0,0,84.2,6758.400000000001,1
4937-QPZPO,Snelling,Male,No,Yes,Yes,61,One year,Electronic check,99.9,6241.35,No,31,,0,102.31721311475411,1,1,80.45,6093.900000000001,1
2925-VDZHY,Sonora,Male,No,Yes,Yes,72,Two year,Credit card (automatic),88.7,6501.35,No,46,,0,90.29652777777778,0,0,80.35,6386.400000000001,1
6981-TDRFT,Soulsbyville,Male,No,Yes,Yes,44,One year,Electronic check,54.3,2317.1,No,39,,0,52.66136363636363,1,1,49.15,2389.2,1
3413-CSSTH,Stevinson,Male,No,No,No,41,Month-to-month,Bank transfer (automatic),55.7,2237.55,No,26,,0,54.57439024390244,2,0,48.35,2283.7000000000003,1
8033-VCZGH,Tracy,Male,No,Yes,No,50,One year,Electronic check,103.95,5231.3,No,42,,0,104.626,1,1,76.975,5197.5,1
0224-NIJLP,Turlock,Male,No,Yes,Yes,8,Two year,Mailed check,20.15,165.5,No,32,,0,20.6875,0,0,14.075,161.2,0
7542-CYDDM,Turlock,Male,No,No,No,18,Month-to-month,Mailed check,20.05,358.5,No,22,,0,19.916666666666668,2,0,19.025,360.90000000000003,0
4718-WXBGI,Twain Harte,Male,No,Yes,Yes,72,Two year,Credit card (automatic),91.95,6614.9,No,30,,0,91.8736111111111,0,0,81.975,6620.400000000001,1
8495-PRWFH,Waterford,Female,Yes,No,No,42,Month-to-month,Electronic check,55.65,2421.75,No,80,,0,57.660714285714285,2,1,48.825,2337.2999999999997,1
0439-IFYUN,Westley,Female,Yes,No,No,18,Month-to-month,Electronic check,74.7,1294.6,No,62,,0,71.92222222222222,2,1,46.35,1344.6000000000001,0
5716-LIBJC,Winton,Female,No,No,Yes,13,One year,Credit card (automatic),104.15,1299.1,No,33,,0,99.93076923076923,1,0,58.575,1353.95,0
2868-LLSKM,Yosemite National Park,Female,No,Yes,Yes,68,One year,Bank transfer (automatic),83.65,5733.4,No,43,,0,84.31470588235294,1,0,75.825,5688.200000000001,1
2988-QRAJY,Santa Rosa,Male,No,No,No,69,Two year,Credit card (automatic),110.05,7430.75,No,30,,0,107.69202898550725,0,0,89.525,7593.45,1
0071-NDAFP,Santa Rosa,Male,No,Yes,Yes,25,Two year,Credit card (automatic),25.5,630.6,No,65,,0,25.224,0,0,25.25,637.5,0
7328-ZJAJO,Santa Rosa,Female,No,Yes,Yes,59,Two year,Credit card (automatic),19.5,1222.65,No,64,,0,20.722881355932206,0,0,39.25,1150.5,0
6458-CYIDZ,Albion,Female,Yes,No,No,5,Month-to-month,Electronic check,80.7,374.8,No,51,,0,74.96000000000001,2,1,42.85,403.5,0
1090-PYKCI,Boonville,Female,No,Yes,Yes,69,One year,Credit card (automatic),105.1,7234.8,No,27,,0,104.85217391304349,1,0,87.05,7251.9,1
3058-WQDRE,Branscomb,Male,No,No,No,13,Month-to-month,Bank transfer (automatic),25.15,331.85,No,53,,0,25.52692307692308,2,0,19.075,326.95,0
2279-AXJJK,Cazadero,Male,No,Yes,No,52,Month-to-month,Credit card (automatic),95.65,5088.4,No,45,,0,97.85384615384615,2,0,73.825,4973.8,1
0909-SELIE,Clearlake Oaks,Male,No,Yes,No,61,Two year,Bank transfer (automatic),80.8,4860.85,No,72,,0,79.68606557377049,0,0,70.9,4928.8,1
1047-RNXZV,Glendale,Male,No,No,No,43,Two year,Mailed check,19.55,876.15,No,67,,0,20.375581395348835,0,0,31.275,840.65,0
1042-HFUCW,Cobb,Female,No,No,Yes,25,One year,Credit card (automatic),54.75,1266.35,No,50,,0,50.653999999999996,1,0,39.875,1368.75,0
6537-OTKMY,Covelo,Male,No,No,No,15,One year,Electronic check,50.75,688.2,No,63,,0,45.88,1,1,32.875,761.25,0
8999-EXMNO,Dos Rios,Female,No,Yes,Yes,19,Two year,Mailed check,20.15,387.7,No,26,,0,20.405263157894737,0,0,19.575,382.84999999999997,0
6725-TPKJO,Duncans Mills,Male,No,No,No,44,Two year,Mailed check,20.05,845.25,No,41,,0,19.210227272727273,0,0,32.025,882.2,0
7162-WPHPM,Elk,Male,No,Yes,Yes,58,Two year,Credit card (automatic),71.6,4230.25,No,49,,0,72.9353448275862,0,0,64.8,4152.799999999999,1
1599-MMYRQ,Forestville,Male,No,Yes,Yes,62,One year,Credit card (automatic),81.45,4983.05,No,66,,0,80.37177419354839,1,0,71.725,5049.900000000001,1
8821-KVZKQ,Fort Bragg,Female,No,Yes,Yes,70,One year,Bank transfer (automatic),58.4,4113.15,No,43,,0,58.75928571428571,1,0,64.2,4088,1
6434-TTGJP,Geyserville,Male,No,Yes,Yes,10,Two year,Credit card (automatic),53.7,521,No,48,,0,52.1,0,0,31.85,537,0
0042-JVWOJ,Glen Ellen,Male,No,No,No,26,One year,Bank transfer (automatic),19.6,471.85,No,26,,0,18.148076923076925,1,0,22.8,509.6,0
0130-SXOUN,Glenhaven,Male,No,No,No,66,Month-to-month,Credit card (automatic),89.4,5976.9,No,49,,0,90.5590909090909,2,0,77.7,5900.400000000001,1
2330-PQGDQ,Gualala,Male,No,Yes,Yes,51,One year,Bank transfer (automatic),84.2,4299.75,No,33,,0,84.30882352941177,1,0,67.6,4294.2,1
1452-UZOSF,Guerneville,Male,No,Yes,Yes,72,Two year,Credit card (automatic),106.1,7548.6,No,21,,0,104.84166666666667,0,0,89.05,7639.2,1
2097-YVPKN,Healdsburg,Male,No,No,No,65,Two year,Mailed check,25.75,1654.75,No,73,,0,25.45769230769231,0,0,45.375,1673.75,0
8597-CTXVJ,Jenner,Male,No,No,Yes,70,One year,Bank transfer (automatic),64.95,4551.5,No,65,,0,65.02142857142857,1,0,67.475,4546.5,1
6631-HMANX,Kelseyville,Male,No,Yes,No,72,Two year,Credit card (automatic),85.45,6227.5,No,53,,0,86.49305555555556,0,0,78.725,6152.400000000001,1
9962-BFPDU,Kenwood,Female,No,Yes,Yes,1,Month-to-month,Mailed check,20.05,20.05,No,52,,0,20.05,2,0,10.525,20.05,0
6394-HHHZM,Little River,Male,No,No,No,3,Month-to-month,Mailed check,20.7,57.5,No,23,,0,19.166666666666668,2,0,11.85,62.099999999999994,0
5995-LFTLE,Lower Lake,Male,No,No,No,58,Two year,Credit card (automatic),25.3,1474.35,No,30,,0,25.419827586206896,0,0,41.65,1467.4,0
1932-UEDCX,Manchester,Male,Yes,Yes,No,33,Month-to-month,Bank transfer (automatic),100.6,3270.25,No,55,,0,99.09848484848484,2,0,66.8,3319.7999999999997,1
5188-HGMLP,Middletown,Male,Yes,Yes,No,54,Month-to-month,Bank transfer (automatic),74,3919.15,No,30,,0,72.57685185185186,2,0,64,3996,1
0665-XHDJU,Monte Rio,Male,No,Yes,No,72,Two year,Electronic check,99.4,7285.7,No,51,,0,101.19027777777778,0,1,85.7,7156.8,1
8265-HKSOW,Occidental,Female,No,Yes,Yes,72,Two year,Credit card (automatic),107.45,7658.3,No,57,,0,106.36527777777778,0,0,89.725,7736.400000000001,1
3544-FBCAS,Philo,Female,No,Yes,Yes,72,Two year,Credit card (automatic),83.6,5959.3,No,67,,0,82.76805555555556,0,0,77.8,6019.2,1
5331-RGMTT,Point Arena,Male,Yes,Yes,No,54,Month-to-month,Credit card (automatic),99.05,5295.7,No,34,,0,98.06851851851852,2,0,76.525,5348.7,1
4759-PXTAN,Potter Valley,Female,No,Yes,No,59,One year,Electronic check,80.1,4693.2,No,26,,0,79.5457627118644,1,1,69.55,4725.9,1
7054-DMVAS,Redwood Valley,Male,No,No,No,54,Two year,Bank transfer (automatic),65.3,3512.9,No,61,,0,65.0537037037037,0,0,59.65,3526.2,1
3428-MMGUB,Rio Nido,Male,No,No,No,60,Two year,Electronic check,89.55,5231.2,No,74,,0,87.18666666666667,0,1,74.775,5373,1
6549-BTYPG,Sebastopol,Female,No,Yes,No,60,Two year,Credit card (automatic),60.8,3603.45,No,80,,0,60.0575,0,0,60.4,3648,1
7823-JSOAG,Sonoma,Male,No,No,No,3,Month-to-month,Electronic check,74.5,217.45,No,36,,0,72.48333333333333,2,1,38.75,223.5,0
3705-RHRFR,Ukiah,Female,No,Yes,No,69,Two year,Bank transfer (automatic),99.15,6875.35,No,45,,0,99.64275362318841,0,0,84.075,6841.35,1
9374-YOLBJ,Upper Lake,Female,No,Yes,Yes,1,Month-to-month,Electronic check,19.25,19.25,No,27,,0,19.25,2,1,10.125,19.25,0
9074-KGVOX,Westport,Male,No,Yes,Yes,50,Month-to-month,Credit card (automatic),39.45,2021.35,No,27,,0,40.427,2,0,44.725,1972.5000000000002,0
6128-DAFVY,Willits,Female,No,No,No,56,Month-to-month,Credit card (automatic),44.85,2564.95,No,27,,0,45.802678571428565,2,0,50.425,2511.6,1
9933-QRGTX,Windsor,Female,No,Yes,No,60,Two year,Electronic check,97.2,5611.75,No,48,,0,93.52916666666667,0,1,78.6,5832,1
4476-OSWTN,Witter Springs,Male,Yes,Yes,No,69,One year,Mailed check,110.55,7610.1,No,25,,0,110.2913043478261,1,0,89.775,7627.95,1
5066-GFJMM,Eureka,Female,No,Yes,No,3,Month-to-month,Mailed check,19.9,45.75,No,48,,0,15.25,2,0,11.45,59.699999999999996,0
2661-GKBTK,Eureka,Male,No,Yes,Yes,60,Two year,Bank transfer (automatic),76.95,4543.95,No,52,,0,75.7325,0,0,68.475,4617,1
0458-HEUZG,Alderpoint,Female,No,No,No,13,Two year,Mailed check,35.4,450.4,No,69,,0,34.646153846153844,0,0,24.2,460.2,0
7268-WNTCP,Blocksburg,Male,No,Yes,Yes,62,Two year,Bank transfer (automatic),20.45,1297.35,No,21,,0,20.924999999999997,0,0,41.225,1267.8999999999999,0
0824-VWDPO,Mckinleyville,Female,No,No,No,45,One year,Bank transfer (automatic),96.75,4442.75,No,73,,0,98.72777777777777,1,0,70.875,4353.75,1
8409-WQJUX,Arcata,Female,No,No,No,25,One year,Electronic check,54.2,1423.15,No,24,,0,56.926,1,1,39.6,1355,0
2578-JQPHZ,Bayside,Male,No,No,No,44,Two year,Bank transfer (automatic),100.1,4378.35,No,68,,0,99.50795454545455,0,0,72.05,4404.4,1
3278-FSIXX,Blue Lake,Female,No,No,No,2,Month-to-month,Mailed check,45.25,74.2,No,27,,0,37.1,2,0,23.625,90.5,0
9746-UGFAC,Carlotta,Female,No,No,No,22,One year,Bank transfer (automatic),20.85,450.65,No,67,,0,20.48409090909091,1,0,21.425,458.70000000000005,0
2946-KIQSP,Crescent City,Female,No,No,No,35,Month-to-month,Mailed check,33.45,1175.85,No,66,,0,33.59571428571428,2,0,34.225,1170.75,0
0625-AFOHS,Ferndale,Female,No,Yes,Yes,29,Two year,Mailed check,20.2,558.8,No,69,,0,19.268965517241377,0,0,24.6,585.8,0
6726-WEXXK,Fields Landing,Male,Yes,Yes,No,27,One year,Electronic check,85.9,2220.1,No,63,,0,82.22592592592592,1,1,56.45,2319.3,1
4636-OLWOE,Fortuna,Male,No,No,Yes,54,One year,Electronic check,61,3283.05,No,56,,0,60.797222222222224,1,1,57.5,3294,1
4685-ERGHK,Gasquet,Male,No,No,No,57,One year,Electronic check,86.9,4939.25,No,71,,0,86.65350877192982,1,1,71.95,4953.3,1
0885-HMGPY,Honeydew,Male,No,No,No,62,Two year,Bank transfer (automatic),69.4,4237.5,No,67,,0,68.34677419354838,0,0,65.7,4302.8,1
5003-OKNNK,Hoopa,Female,No,Yes,Yes,15,One year,Credit card (automatic),20.35,335.95,No,68,,0,22.396666666666665,1,0,17.675,305.25,0
7208-PSIHR,Klamath,Female,No,Yes,No,70,Two year,Bank transfer (automatic),104.3,7188.5,No,70,,0,102.69285714285714,0,0,87.15,7301,1
4012-ZTHBR,Kneeland,Female,No,Yes,Yes,21,Month-to-month,Electronic check,44.95,926.25,No,54,,0,44.107142857142854,2,1,32.975,943.95,0
0489-WMEMG,Korbel,Female,No,No,Yes,23,One year,Electronic check,49.45,1119.35,No,70,,0,48.667391304347824,1,1,36.225,1137.3500000000001,0
7435-ZNUYY,Loleta,Male,No,No,No,6,One year,Mailed check,20.6,116.6,No,20,,0,19.433333333333334,1,0,13.3,123.60000000000001,0
1354-YZFNB,Mad River,Male,No,Yes,Yes,4,Two year,Credit card (automatic),19.55,68.8,No,57,,0,17.2,0,0,11.775,78.2,0
2985-FMWYF,Myers Flat,Female,No,No,No,23,Month-to-month,Electronic check,93.5,2341.55,No,73,,0,101.80652173913045,2,1,58.25,2150.5,1
2812-ENYMO,Orick,Male,No,No,No,26,One year,Credit card (automatic),54.55,1362.85,No,54,,0,52.41730769230769,1,0,40.275,1418.3,0
2717-HVIZY,Orleans,Female,No,No,Yes,8,Month-to-month,Mailed check,20.05,163.6,No,32,,0,20.45,2,0,14.025,160.4,0
3422-GALYP,Phillipsville,Male,No,No,No,2,Month-to-month,Electronic check,79.45,145.15,No,65,,0,72.575,2,1,40.725,158.9,0
2890-WFBHU,Salyer,Female,No,No,No,59,One year,Credit card (automatic),79.85,4786.1,No,64,,0,81.12033898305086,1,0,69.425,4711.15,1
0327-WFZSY,Samoa,Male,No,Yes,Yes,39,One year,Electronic check,100,3835.55,No,64,,0,98.3474358974359,1,1,69.5,3900,1
7977-HXJKU,Scotia,Male,No,No,Yes,21,Two year,Mailed check,19.6,397,No,46,,0,18.904761904761905,0,0,20.3,411.6,0
7033-CLAMM,Somes Bar,Female,No,Yes,Yes,48,Two year,Bank transfer (automatic),20.2,1027.25,No,33,,0,21.401041666666668,0,0,34.1,969.5999999999999,0
4023-RTIQM,Redcrest,Female,Yes,Yes,No,31,One year,Credit card (automatic),50.4,1580.1,No,39,,0,50.97096774193548,1,0,40.7,1562.3999999999999,0
0864-FVJNJ,Trinidad,Female,No,Yes,Yes,64,One year,Electronic check,113.35,7222.75,No,20,,0,112.85546875,1,1,88.675,7254.4,1
7356-IWLFW,Weott,Male,No,Yes,Yes,46,Month-to-month,Bank transfer (automatic),80,3769.7,No,51,,0,81.95,2,0,63,3680,1
9541-PWTWO,Willow Creek,Female,No,No,No,52,Two year,Bank transfer (automatic),80.95,4233.95,No,28,,0,81.42211538461538,0,0,66.475,4209.400000000001,1
3967-VQOGC,Leggett,Female,No,Yes,Yes,67,Two year,Mailed check,24.9,1680.25,No,59,,0,25.078358208955223,0,0,45.95,1668.3,0
7872-RDDLZ,Piercy,Female,Yes,No,No,67,Month-to-month,Electronic check,54.9,3725.5,No,33,,0,55.6044776119403,2,1,60.95,3678.2999999999997,1
6308-CQRBU,Zenia,Female,No,Yes,No,71,Two year,Electronic check,109.25,7707.7,No,42,,0,108.55915492957746,0,1,90.125,7756.75,1
0186-CAERR,Auburn,Male,No,No,No,71,One year,Bank transfer (automatic),116.3,8309.55,No,59,,0,117.03591549295774,1,0,93.65,8257.3,1
3043-SUDUA,West Sacramento,Female,No,No,No,32,Month-to-month,Bank transfer (automatic),19.9,601.55,No,29,,0,18.7984375,2,0,25.95,636.8,0
5442-BHQNG,Brooks,Female,No,No,No,2,Month-to-month,Electronic check,70.35,139.25,No,73,,0,69.625,2,1,36.175,140.7,0
2169-RRLFW,Capay,Female,No,Yes,No,71,Two year,Credit card (automatic),25.6,1888.25,No,68,,0,26.595070422535212,0,0,48.3,1817.6000000000001,0
5872-OEQNH,Carmichael,Female,No,No,No,60,One year,Electronic check,44.45,2773.9,No,48,,0,46.23166666666667,1,1,52.225,2667,1
3162-KKZXO,Citrus Heights,Female,Yes,No,No,55,One year,Electronic check,100.15,5409.75,No,64,,0,98.35909090909091,1,1,77.575,5508.25,1
8873-GLDMH,Courtland,Female,No,No,No,6,Month-to-month,Mailed check,73.85,401.3,No,76,,0,66.88333333333334,2,0,39.925,443.09999999999997,0
5696-JVVQY,Davis,Female,No,Yes,Yes,48,Two year,Credit card (automatic),70.1,3238.4,No,27,,0,67.46666666666667,0,0,59.05,3364.7999999999997,1
8946-BFWSG,Davis,Male,No,Yes,Yes,63,Two year,Mailed check,25.25,1573.05,No,39,,0,24.96904761904762,0,0,44.125,1590.75,0
0547-HURJB,Dixon,Male,No,No,Yes,12,Month-to-month,Credit card (automatic),21.05,235.8,No,70,,0,19.650000000000002,2,0,16.525,252.60000000000002,0
8904-OPDCK,Citrus Heights,Male,Yes,Yes,No,54,Month-to-month,Bank transfer (automatic),24.95,1364.75,No,56,,0,25.27314814814815,2,0,39.475,1347.3,0
8845-LWKGE,El Dorado,Female,No,Yes,Yes,30,One year,Electronic check,64.5,1985.15,No,60,,0,66.17166666666667,1,1,47.25,1935,0
0691-NIKRI,Elverta,Female,No,No,No,40,One year,Credit card (automatic),105.95,4335.2,No,31,,0,108.38,1,0,72.975,4238,1
5022-JNQEQ,Esparto,Female,No,Yes,Yes,9,Month-to-month,Electronic check,75.85,647.5,No,51,,0,71.94444444444444,2,1,42.425,682.65,0
3249-VHRIP,Fiddletown,Female,No,No,No,62,Two year,Credit card (automatic),43.6,2748.7,No,53,,0,44.33387096774193,0,0,52.8,2703.2000000000003,1
3736-BLEPA,Folsom,Male,No,No,No,28,One year,Bank transfer (automatic),91.25,2483.65,No,41,,0,88.70178571428572,1,0,59.625,2555,1
4701-LKOZD,Foresthill,Female,No,No,No,70,Two year,Credit card (automatic),89.75,6367.2,No,78,,0,90.96,0,0,79.875,6282.5,1
6603-QWSPR,Galt,Female,No,No,No,46,Two year,Bank transfer (automatic),104.4,4904.2,No,24,,0,106.61304347826086,0,0,75.2,4802.400000000001,1
9921-QFQUL,Garden Valley,Female,No,Yes,No,23,Month-to-month,Mailed check,90.15,2044.95,No,50,,0,88.9108695652174,2,0,56.575,2073.4500000000003,1
1929-ZCBHE,Georgetown,Male,No,Yes,Yes,47,One year,Electronic check,40.3,1794.8,No,29,,0,38.18723404255319,1,1,43.65,1894.1,0
4378-MYPGO,Greenwood,Male,No,Yes,Yes,68,Two year,Bank transfer (automatic),105.25,7173.15,No,36,,0,105.4875,0,0,86.625,7157,1
4129-LYCOI,Guinda,Female,No,No,Yes,67,Two year,Electronic check,104,7039.05,No,39,,0,105.06044776119403,0,1,85.5,6968,1
7798-JVXYM,Herald,Female,No,No,No,14,Month-to-month,Electronic check,69.65,921.4,No,69,,0,65.81428571428572,2,1,41.825,975.1000000000001,0
8647-SDTWQ,Hood,Male,No,Yes,Yes,57,Month-to-month,Electronic check,74.3,4018.35,No,65,,0,70.49736842105263,2,1,65.65,4235.099999999999,1
2696-ECXKC,Ione,Female,No,Yes,Yes,55,One year,Mailed check,100.9,5448.6,No,55,,0,99.06545454545456,1,0,77.95,5549.5,1
2081-KJSQF,Isleton,Male,No,No,No,1,Month-to-month,Mailed check,20.25,20.25,No,21,,0,20.25,2,0,10.625,20.25,0
3323-CPBWR,Knights Landing,Male,No,No,No,23,Month-to-month,Credit card (automatic),96.9,2085.45,No,22,,0,90.67173913043477,2,0,59.95,2228.7000000000003,1
3384-CTMSF,Lincoln,Male,No,Yes,No,47,Month-to-month,Electronic check,104.1,5135.15,No,71,,0,109.25851063829786,2,1,75.55,4892.7,1
0902-RFHOF,Loomis,Male,No,No,No,38,One year,Mailed check,20.1,730.1,No,26,,0,19.21315789473684,1,0,29.05,763.8000000000001,0
6048-QBXKL,Madison,Female,Yes,No,No,2,Month-to-month,Credit card (automatic),56.55,118.25,No,33,,0,59.125,2,0,29.275,113.1,0
7718-RXDGG,Newcastle,Male,No,Yes,No,15,Month-to-month,Bank transfer (automatic),68.6,1108.6,No,47,,0,73.90666666666667,2,0,41.8,1029,0
1025-FALIX,Nicolaus,Female,No,No,No,26,Month-to-month,Credit card (automatic),69.05,1815.65,No,23,,0,69.83269230769231,2,0,47.525,1795.3,0
3451-VAWLI,North Highlands,Female,No,Yes,Yes,35,Two year,Credit card (automatic),19.7,730.4,No,43,,0,20.86857142857143,0,0,27.35,689.5,0
3407-QGWLG,Roseville,Male,No,No,Yes,3,Month-to-month,Mailed check,20.05,75.45,No,70,,0,25.150000000000002,2,0,11.525,60.150000000000006,0
2347-WKKAE,Penryn,Male,No,Yes,No,42,Month-to-month,Electronic check,94.4,4014.6,No,47,,0,95.58571428571429,2,1,68.2,3964.8,1
8735-DCXNF,Pilot Hill,Male,No,Yes,No,10,Month-to-month,Credit card (automatic),54.95,568.85,No,26,,0,56.885000000000005,2,0,32.475,549.5,0
3214-IYUUQ,Pine Grove,Female,No,Yes,No,61,One year,Bank transfer (automatic),93.7,5860.7,No,48,,0,96.07704918032786,1,0,77.35,5715.7,1
1936-UAFEH,Pioneer,Female,No,No,No,68,Two year,Credit card (automatic),110.25,7279.35,No,36,,0,107.04926470588236,0,0,89.125,7497,1
3587-PMCOY,Placerville,Male,No,No,No,10,One year,Electronic check,98.9,1064.95,No,50,,0,106.495,1,1,54.45,989,0
1027-LKKQQ,Plymouth,Female,No,Yes,Yes,72,Two year,Bank transfer (automatic),80.45,5886.85,No,54,,0,81.76180555555555,0,0,76.225,5792.400000000001,1
7148-XZPHA,Rancho Cordova,Male,No,Yes,Yes,55,Month-to-month,Electronic check,79.4,4238.45,No,32,,0,77.06272727272727,2,1,67.2,4367,1
5309-TAIKL,Rio Linda,Female,No,No,No,7,Month-to-month,Bank transfer (automatic),62.8,418.3,No,46,,0,59.75714285714286,2,0,34.9,439.59999999999997,0
6856-RAURS,Rio Oso,Female,No,No,No,2,Month-to-month,Mailed check,74.9,136.05,No,62,,0,68.025,2,0,38.45,149.8,0
8778-LMWTJ,River Pines,Female,No,No,No,9,Month-to-month,Electronic check,74.85,708.2,No,66,,0,78.6888888888889,2,1,41.925,673.65,0
9717-IOAAF,Rocklin,Male,No,No,Yes,27,Two year,Credit card (automatic),25.85,788.55,No,21,,0,29.205555555555552,0,0,26.425,697.95,0
2845-KDHVX,Sheridan,Female,No,Yes,No,64,Two year,Mailed check,68.3,4378.8,No,31,,0,68.41875,0,0,66.15,4371.2,1
0848-SOMKO,Shingle Springs,Male,No,No,No,70,Two year,Bank transfer (automatic),48.4,3442.8,No,66,,0,49.182857142857145,0,0,59.2,3388,1
6734-FQAJX,Somerset,Male,Yes,No,No,67,Two year,Electronic check,105.05,7171.7,No,49,,0,107.04029850746268,0,1,86.025,7038.349999999999,1
1535-VTJOQ,Thornton,Female,No,No,No,24,Two year,Credit card (automatic),25.15,553,No,56,,0,23.041666666666668,0,0,24.575,603.5999999999999,0
6368-TZZDT,Vacaville,Male,No,Yes,Yes,4,Two year,Credit card (automatic),19.5,96.85,No,31,,0,24.2125,0,0,11.75,78,0
0943-ZQPXH,Vacaville,Male,No,Yes,Yes,44,Month-to-month,Bank transfer (automatic),92.95,4122.9,No,78,,0,93.70227272727271,2,0,68.475,4089.8,1
1293-BSEUN,Volcano,Female,No,Yes,Yes,72,Two year,Mailed check,20.7,1482.3,No,40,,0,20.5875,0,0,46.35,1490.3999999999999,0
1302-TPUBN,West Sacramento,Male,No,No,No,66,Two year,Bank transfer (automatic),19.35,1240.8,No,23,,0,18.8,0,0,42.675,1277.1000000000001,0
2378-VTKDH,Woodland,Male,Yes,Yes,No,65,Month-to-month,Electronic check,104.35,6578.55,No,69,,0,101.20846153846153,2,1,84.675,6782.75,1
8608-OZTLB,Applegate,Male,No,Yes,Yes,38,One year,Electronic check,74.05,2802.3,No,59,,0,73.74473684210527,1,1,56.025,2813.9,1
2335-GSODA,Camino,Male,No,No,Yes,23,Two year,Mailed check,40.1,857.75,No,24,,0,37.29347826086956,0,0,31.55,922.3000000000001,0
1952-DVVSW,Colfax,Female,No,Yes,No,10,One year,Mailed check,20.1,184.4,No,77,,0,18.44,1,0,15.05,201,0
6656-GULJQ,Emigrant Gap,Male,No,Yes,Yes,72,Two year,Credit card (automatic),83.55,6093.3,No,28,,0,84.62916666666666,0,0,77.775,6015.599999999999,1
9853-JFZDU,Gold Run,Female,No,Yes,No,35,Month-to-month,Electronic check,56.85,1861.1,No,46,,0,53.17428571428571,2,1,45.925,1989.75,0
3777-XROBG,Echo Lake,Female,No,Yes,Yes,58,Two year,Credit card (automatic),19.55,1079.65,No,78,,0,18.614655172413794,0,0,38.775,1133.9,0
6994-FGRHH,Meadow Vista,Male,No,Yes,Yes,70,One year,Electronic check,106.15,7475.1,No,50,,0,106.78714285714287,1,1,88.075,7430.5,1
4000-VGMQP,Pollock Pines,Male,No,Yes,Yes,38,One year,Credit card (automatic),78.95,2862.55,No,60,,0,75.33026315789475,1,0,58.475,3000.1,1
3999-WRNGR,Soda Springs,Female,No,Yes,Yes,60,Month-to-month,Electronic check,49.75,3069.45,No,77,,0,51.1575,2,1,54.875,2985,1
3466-RITXD,Twin Bridges,Male,No,No,No,26,Month-to-month,Credit card (automatic),92.4,2349.8,No,75,,0,90.37692307692308,2,0,59.2,2402.4,1
2680-XKKNJ,Weimar,Female,No,No,No,8,One year,Bank transfer (automatic),58.2,469.25,No,52,,0,58.65625,1,0,33.1,465.6,0
2974-GGUXS,Granite Bay,Female,Yes,Yes,No,36,Month-to-month,Credit card (automatic),91.95,3301.05,No,48,,0,91.69583333333334,2,0,63.975,3310.2000000000003,1
7994-XIRTR,Roseville,Male,Yes,No,No,54,One year,Bank transfer (automatic),65.25,3529.95,No,66,,0,65.36944444444444,1,0,59.625,3523.5,1
2101-RANCD,El Dorado Hills,Female,No,No,No,55,Month-to-month,Electronic check,73.1,4144.9,No,46,,0,75.36181818181818,2,1,64.05,4020.4999999999995,1
7921-BEPCI,Rocklin,Female,No,No,No,72,Two year,Bank transfer (automatic),59.75,4265,No,59,,0,59.236111111111114,0,0,65.875,4302,1
8510-TMWYB,Sacramento,Female,No,Yes,Yes,54,Two year,Bank transfer (automatic),59.8,3246.45,No,24,,0,60.11944444444444,0,0,56.9,3229.2,1
3258-ZKPAI,Sacramento,Male,No,Yes,Yes,72,Two year,Bank transfer (automatic),116.6,8337.45,No,59,,0,115.79791666666668,0,0,94.3,8395.199999999999,1
1428-IEDPR,Sacramento,Male,No,No,No,52,Two year,Electronic check,109.3,5731.4,No,33,,0,110.21923076923076,0,1,80.65,5683.599999999999,1
5298-GSTLM,Sacramento,Female,Yes,No,No,60,One year,Bank transfer (automatic),101.4,6176.6,No,66,,0,102.94333333333334,1,0,80.7,6084,1
4450-YOOHP,Sacramento,Female,No,No,No,39,Month-to-month,Credit card (automatic),50.65,1905.4,No,31,,0,48.85641025641026,2,0,44.825,1975.35,0
6728-CZFEI,Sacramento,Female,No,No,No,15,One year,Mailed check,56.15,931.9,No,25,,0,62.126666666666665,1,0,35.575,842.25,0
3653-NCRDJ,Sacramento,Male,No,Yes,Yes,43,One year,Mailed check,19.2,776.25,No,74,,0,18.052325581395348,1,0,31.1,825.6,0
6121-TNHBO,Sacramento,Female,Yes,No,No,63,One year,Bank transfer (automatic),83,5243.05,No,29,,0,83.22301587301588,1,0,73,5229,1
5119-NZPTV,Sacramento,Male,Yes,Yes,No,2,Month-to-month,Electronic check,70.1,141.65,No,74,,0,70.825,2,1,36.05,140.2,0
6519-ZHPXP,Sacramento,Female,No,Yes,Yes,72,Two year,Bank transfer (automatic),108.3,7679.65,No,33,,0,106.66180555555555,0,0,90.15,7797.599999999999,1
3472-QPRCH,Sacramento,Male,No,Yes,Yes,40,Two year,Credit card (automatic),25.25,1006.9,No,53,,0,25.1725,0,0,32.625,1010,0
8224-UAXBZ,Sacramento,Female,No,Yes,No,58,One year,Electronic check,45.35,2540.1,No,41,,0,43.79482758620689,1,1,51.675,2630.3,1
9610-WCESF,Sacramento,Male,No,No,No,67,Two year,Electronic check,43.9,3097.2,No,62,,0,46.22686567164179,0,1,55.45,2941.2999999999997,1
2486-WYVVE,Sacramento,Male,No,Yes,No,31,One year,Mailed check,79.3,2484,No,34,,0,80.12903225806451,1,0,55.15,2458.2999999999997,1
3865-ZYKAD,Sacramento,Male,Yes,Yes,No,69,Month-to-month,Credit card (automatic),84.9,5785.65,No,59,,0,83.85,2,0,76.95,5858.1,1
1422-DGUBX,Sacramento,Male,No,Yes,No,32,One year,Electronic check,79.25,2619.15,No,43,,0,81.8484375,1,1,55.625,2536,1
2999-AANRQ,Sacramento,Female,No,No,No,21,Two year,Credit card (automatic),71.05,1524.85,No,56,,0,72.61190476190475,0,0,46.025,1492.05,0
8668-KNZTI,Sacramento,Male,No,No,No,52,One year,Electronic check,53.75,2790.65,No,23,,0,53.666346153846156,1,1,52.875,2795,1
0480-KYJVA,Sacramento,Female,No,Yes,Yes,72,Two year,Credit card (automatic),24.25,1784.5,No,26,,0,24.78472222222222,0,0,48.125,1746,0
9746-YKGXB,Sacramento,Male,No,Yes,Yes,52,One year,Bank transfer (automatic),44.25,2276.1,No,30,,0,43.771153846153844,1,0,48.125,2301,1
3926-YZVVX,Sacramento,Female,No,No,No,41,One year,Bank transfer (automatic),50.05,2029.05,No,64,,0,49.4890243902439,1,0,45.525,2052.0499999999997,1
6000-UKLWI,Sacramento,Male,No,No,No,41,Two year,Mailed check,20.15,802.35,No,47,,0,19.569512195121952,0,0,30.575,826.15,0
6332-FBZRI,Sacramento,Male,No,Yes,Yes,67,One year,Credit card (automatic),69.35,4653.25,No,40,,0,69.45149253731343,1,0,68.175,4646.45,1
2096-XOTMO,Marysville,Female,No,Yes,Yes,16,Month-to-month,Mailed check,19.35,275.9,No,31,,0,17.24375,2,0,17.675,309.6,0
3266-FTKHB,Beale Afb,Male,No,No,No,17,Two year,Mailed check,19.15,343.45,No,60,,0,20.20294117647059,0,0,18.075,325.54999999999995,0
8221-EQDGL,Alleghany,Male,No,Yes,No,35,Month-to-month,Mailed check,61,2130.45,No,79,,0,60.87,2,0,48,2135,1
2346-LOCWC,Arbuckle,Female,No,Yes,Yes,58,Two year,Credit card (automatic),20.5,1191.4,No,72,,0,20.54137931034483,0,0,39.25,1189,0
0298-XACET,Berry Creek,Male,No,Yes,Yes,52,Two year,Mailed check,50.2,2554,No,47,,0,49.11538461538461,0,0,51.1,2610.4,1
7560-QJAVJ,Biggs,Female,No,No,No,70,Two year,Bank transfer (automatic),79.6,5589.45,No,38,,0,79.84928571428571,0,0,74.8,5572,1
2995-YWTCD,Browns Valley,Female,No,Yes,Yes,19,Two year,Bank transfer (automatic),24.9,467.7,No,79,,0,24.61578947368421,0,0,21.95,473.09999999999997,0
9137-UIYPG,Butte City,Female,No,Yes,Yes,35,Month-to-month,Electronic check,106.9,3756.45,No,80,,0,107.32714285714285,2,1,70.95,3741.5,1
2809-ZMYOQ,Camptonville,Female,No,No,No,32,Month-to-month,Electronic check,101.35,3334.9,No,72,,0,104.215625,2,1,66.675,3243.2,1
5084-OOVCJ,Canyon Dam,Female,No,Yes,Yes,17,Month-to-month,Credit card (automatic),55.35,920.5,No,57,,0,54.14705882352941,2,0,36.175,940.95,0
0254-WWRKD,Challenge,Female,No,Yes,Yes,67,One year,Credit card (automatic),50.55,3431.75,No,51,,0,51.22014925373134,1,0,58.775,3386.85,1
7727-SHVZV,Chico,Female,No,No,No,9,Month-to-month,Bank transfer (automatic),19.5,150.35,No,54,,0,16.705555555555556,2,0,14.25,175.5,0
5339-PXDVH,Clipper Mills,Male,No,No,No,4,Month-to-month,Electronic check,90.65,367.95,No,70,,0,91.9875,2,1,47.325,362.6,0
2205-LPVGL,Colusa,Male,Yes,Yes,Yes,58,One year,Bank transfer (automatic),89.85,5125.75,No,58,,0,88.375,1,0,73.925,5211.299999999999,1
8782-NUUOL,Crescent Mills,Male,No,No,No,60,One year,Mailed check,79,4801.1,No,43,,0,80.01833333333335,1,0,69.5,4740,1
7601-WFVZV,Downieville,Male,No,No,No,1,Month-to-month,Mailed check,19.55,19.55,No,79,,0,19.55,2,0,10.275,19.55,0
4609-KNNWG,Dunnigan,Female,No,Yes,Yes,27,Two year,Mailed check,19.9,550.1,No,49,,0,20.374074074074073,0,0,23.45,537.3,0
4868-AADLV,Durham,Male,Yes,Yes,Yes,66,One year,Electronic check,116.25,7862.25,No,31,,0,119.125,1,1,91.125,7672.5,1
9529-OFXHY,Elk Creek,Male,No,No,No,15,Month-to-month,Bank transfer (automatic),87.75,1242.2,No,61,,0,82.81333333333333,2,0,51.375,1316.25,0
2669-QVCRG,Forest Ranch,Female,No,No,No,41,Month-to-month,Credit card (automatic),81.3,3190.65,No,62,,0,77.82073170731708,2,0,61.15,3333.2999999999997,1
2478-EEWWM,Glenn,Male,No,Yes,No,59,Month-to-month,Electronic check,44.3,2666.75,No,28,,0,45.19915254237288,2,1,51.65,2613.7,1
9174-IHETN,Goodyears Bar,Female,No,No,Yes,50,Two year,Credit card (automatic),70.35,3533.6,No,50,,0,70.672,0,0,60.175,3517.4999999999995,1
2233-TXSIU,Grass Valley,Male,No,Yes,Yes,17,One year,Credit card (automatic),44.45,792.15,No,73,,0,46.59705882352941,1,0,30.725,755.6500000000001,0
9644-UMGQA,Penn Valley,Male,No,Yes,Yes,6,Month-to-month,Electronic check,49.15,295.65,No,43,,0,49.275,2,1,27.575,294.9,0
3256-EZDBI,Greenville,Male,Yes,Yes,No,51,Month-to-month,Credit card (automatic),29.45,1459.35,No,80,,0,28.61470588235294,2,0,40.225,1501.95,0
0419-YAAPX,Grass Valley,Male,No,Yes,No,49,Month-to-month,Credit card (automatic),85.3,4297.95,No,71,,0,87.71326530612245,2,0,67.15,4179.7,1
0872-CASZJ,Hamilton City,Male,No,Yes,No,59,One year,Mailed check,69.1,4096.9,No,29,,0,69.43898305084745,1,0,64.05,4076.8999999999996,1
4726-DLWQN,Live Oak,Male,Yes,No,No,50,Month-to-month,Bank transfer (automatic),70.35,3454.6,No,30,,0,69.092,2,0,60.175,3517.4999999999995,1
8164-OCKUJ,Magalia,Female,No,Yes,Yes,59,Two year,Mailed check,20.6,1286,No,55,,0,21.796610169491526,0,0,39.8,1215.4,0
3094-JOJAI,Maxwell,Male,No,No,No,18,Month-to-month,Mailed check,74.15,1387,No,49,,0,77.05555555555556,2,0,46.075,1334.7,0
9494-MRNYX,Meadow Valley,Male,No,No,No,10,Month-to-month,Electronic check,75.05,786.3,No,23,,0,78.63,2,1,42.525,750.5,0
2599-CZABP,Meridian,Male,No,Yes,No,14,One year,Electronic check,44.6,641.25,No,51,,0,45.80357142857143,1,1,29.3,624.4,0
7945-PRBVF,Nevada City,Male,No,No,No,35,Two year,Bank transfer (automatic),21.45,705.45,No,71,,0,20.155714285714286,0,0,28.225,750.75,0
4544-RXFMG,North San Juan,Male,No,Yes,Yes,8,One year,Mailed check,43.45,345.5,No,50,,0,43.1875,1,0,25.725,347.6,0
0859-YGKFW,Olivehurst,Male,No,Yes,Yes,18,One year,Bank transfer (automatic),20.05,345.9,No,63,,0,19.216666666666665,1,0,19.025,360.90000000000003,0
1150-FTQGN,Oregon House,Female,No,Yes,Yes,60,One year,Bank transfer (automatic),94.15,5811.8,No,60,,0,96.86333333333333,1,0,77.075,5649,1
7196-LIWRH,Oroville,Female,No,No,No,6,Two year,Mailed check,19.55,124.45,No,61,,0,20.741666666666667,0,0,12.775,117.30000000000001,0
5448-VWNAM,Oroville,Female,No,No,Yes,19,Month-to-month,Mailed check,75.9,1375.6,No,69,,0,72.39999999999999,2,0,47.45,1442.1000000000001,0
1177-XZBJL,Palermo,Male,No,Yes,Yes,53,One year,Bank transfer (automatic),64.15,3491.55,No,45,,0,65.87830188679246,1,0,58.575,3399.9500000000003,1
3518-FSTWG,Paradise,Male,Yes,Yes,No,72,Two year,Bank transfer (automatic),109.55,7920.7,No,59,,0,110.00972222222222,0,0,90.775,7887.599999999999,1
9330-VOFSZ,Princeton,Female,No,Yes,No,60,Two year,Credit card (automatic),110.8,6640.7,No,79,,0,110.67833333333333,0,0,85.4,6648,1
0939-EREMR,Chico,Female,No,No,Yes,13,Month-to-month,Mailed check,53.45,718.1,No,40,,0,55.23846153846154,2,0,33.225,694.85,0
9389-ACWBI,Richvale,Female,No,Yes,Yes,5,Month-to-month,Credit card (automatic),69.95,320.4,No,73,,0,64.08,2,0,37.475,349.75,0
3644-QXEHN,Smartville,Male,No,Yes,Yes,13,Month-to-month,Electronic check,97,1334.45,No,35,,0,102.65,2,1,55,1261,0
2911-IJORQ,Stirling City,Male,No,No,No,37,One year,Bank transfer (automatic),90.6,3358.65,No,26,,0,90.77432432432433,1,0,63.8,3352.2,1
5921-NGYRH,Stonyford,Male,No,Yes,No,64,Month-to-month,Mailed check,73.55,4764,No,50,,0,74.4375,2,0,68.775,4707.2,1
5998-DZLYR,Sutter,Female,No,Yes,No,61,Two year,Bank transfer (automatic),94.35,5703,No,48,,0,93.49180327868852,0,0,77.675,5755.349999999999,1
3985-HOYPM,Washington,Male,No,No,No,26,One year,Mailed check,19.4,525.55,No,71,,0,20.213461538461537,1,0,22.7,504.4,0
9548-LERKT,Willows,Male,No,Yes,No,24,Two year,Mailed check,19.75,483.15,No,34,,0,20.131249999999998,0,0,21.875,474,0
6576-FBXOJ,Yuba City,Male,No,Yes,No,17,One year,Electronic check,54.6,934.8,No,22,,0,54.98823529411764,1,1,35.8,928.2,0
4310-KEDTB,Yuba City,Female,No,No,Yes,26,Month-to-month,Mailed check,29.8,786.5,No,27,,0,30.25,2,0,27.9,774.8000000000001,0
4062-HBMOS,Redding,Male,No,No,No,52,Month-to-month,Electronic check,103.05,5364.8,No,80,,0,103.16923076923078,2,1,77.525,5358.599999999999,1
2676-ISHSF,Anderson,Male,No,No,No,1,Month-to-month,Mailed check,20.3,20.3,No,46,,0,20.3,2,0,10.65,20.3,0
9236-NDUCW,Bella Vista,Female,No,No,No,21,Two year,Mailed check,35.1,770.4,No,25,,0,36.68571428571428,0,0,28.05,737.1,0
4753-PADAS,Bieber,Female,No,Yes,No,67,One year,Bank transfer (automatic),105.7,6816.95,No,68,,0,101.7455223880597,1,0,86.35,7081.900000000001,1
6103-QCKFX,Big Bar,Female,No,Yes,Yes,44,Month-to-month,Bank transfer (automatic),56.25,2419.55,No,28,,0,54.98977272727273,2,0,50.125,2475,1
7781-EWARA,Big Bend,Male,No,Yes,Yes,70,One year,Electronic check,60.35,4138.7,No,56,,0,59.12428571428571,1,1,65.175,4224.5,1
7018-FPXHH,Callahan,Male,No,Yes,Yes,56,Two year,Bank transfer (automatic),59.8,3457.45,No,72,,0,61.740178571428565,0,0,57.9,3348.7999999999997,1
0572-ZJKLT,Chester,Female,No,Yes,Yes,46,Two year,Mailed check,99.65,4630.2,No,58,,0,100.65652173913043,0,0,72.825,4583.900000000001,1
5135-RDDQL,Corning,Female,No,Yes,Yes,63,Two year,Bank transfer (automatic),50.65,3221.25,No,36,,0,51.13095238095238,0,0,56.825,3190.95,1
1353-LJWEM,Cottonwood,Male,No,No,No,11,Month-to-month,Electronic check,60.9,688.5,No,58,,0,62.59090909090909,2,1,35.95,669.9,0
0691-JVSYA,Pasadena,Female,No,Yes,No,53,One year,Bank transfer (automatic),94.85,5000.2,Yes,80,Network reliability,1,94.3433962264151,1,0,73.925,5027.049999999999,1
2656-FMOKZ,Pasadena,Female,Yes,No,Yes,15,Month-to-month,Mailed check,74.45,1145.7,Yes,99,Limited range of services,1,76.38000000000001,2,0,44.725,1116.75,0
2070-FNEXE,Pasadena,Female,Yes,No,Yes,7,Month-to-month,Bank transfer (automatic),76.45,503.6,Yes,81,Lack of affordable download/upload speed,1,71.94285714285715,2,0,41.725,535.15,0
6317-YPKDH,Glendale,Female,No,No,No,1,Month-to-month,Bank transfer (automatic),29.95,29.95,Yes,95,Long distance charges,1,29.95,2,0,15.475,29.95,0
9237-HQITU,Los Angeles,Female,No,No,Yes,2,Month-to-month,Electronic check,70.7,151.65,Yes,67,Moved,1,75.825,2,1,36.35,141.4,0
9367-WXLCH,Glendale,Male,No,No,Yes,8,Month-to-month,Bank transfer (automatic),84.5,662.65,Yes,86,Extra data charges,1,82.83125,2,0,46.25,676,0
1918-ZBFQJ,Glendale,Female,No,No,Yes,13,Month-to-month,Electronic check,79.25,1111.65,Yes,73,Price too high,1,85.51153846153846,2,1,46.125,1030.25,0
1024-GUALD,Glendale,Female,No,Yes,No,1,Month-to-month,Electronic check,24.8,24.8,Yes,94,Product dissatisfaction,1,24.8,2,1,12.9,24.8,0
2472-OVKUP,Canoga Park,Male,No,Yes,Yes,6,Month-to-month,Electronic check,91,531,Yes,94,Service dissatisfaction,1,88.5,2,1,48.5,546,0
1285-OKIPP,Mission Hills,Male,No,No,Yes,1,Month-to-month,Electronic check,79.9,79.9,Yes,98,Lack of self-service on Website,1,79.9,2,1,40.45,79.9,0
7825-ECJRF,Santa Clarita,Female,No,No,Yes,19,Month-to-month,Electronic check,106.6,1934.45,Yes,71,Network reliability,1,101.81315789473685,2,1,62.8,2025.3999999999999,1
7841-TZDMQ,Sun Valley,Male,No,No,No,2,Month-to-month,Credit card (automatic),46,84.5,Yes,76,Don't know,1,42.25,2,0,24,92,0
9408-SSNVZ,Stevenson Ranch,Female,No,No,Yes,4,Month-to-month,Electronic check,70.15,268.35,Yes,67,Don't know,1,67.0875,2,1,37.075,280.6,0
1794-SWWKL,Dorris,Male,No,Yes,Yes,15,Month-to-month,Bank transfer (automatic),59.65,867.1,No,75,,0,57.806666666666665,2,0,37.325,894.75,0
6166-YIPFO,Douglas City,Male,No,Yes,No,72,Two year,Electronic check,64.7,4746.05,No,36,,0,65.91736111111112,0,1,68.35,4658.400000000001,1
9332-GYWLO,Fall River Mills,Female,No,Yes,Yes,6,Month-to-month,Electronic check,54.85,355.1,No,80,,0,59.18333333333334,2,1,30.425,329.1,0
4184-VODJZ,Forks Of Salmon,Male,No,Yes,Yes,63,One year,Electronic check,91.35,5764.7,No,47,,0,91.5031746031746,1,1,77.175,5755.049999999999,1
1092-WPIVQ,French Gulch,Female,No,Yes,Yes,18,Two year,Mailed check,25.1,428.45,No,55,,0,23.802777777777777,0,0,21.55,451.8,0
7233-IOQNP,Gazelle,Female,No,Yes,No,43,Month-to-month,Bank transfer (automatic),34,1505.35,No,74,,0,35.00813953488372,2,0,38.5,1462,0
2834-JKOOW,Gerber,Female,No,No,No,15,One year,Mailed check,45.9,693.45,No,51,,0,46.230000000000004,1,0,30.45,688.5,0
2400-FEQME,Grenada,Male,No,Yes,Yes,55,Two year,Mailed check,20.5,1177.95,No,25,,0,21.417272727272728,0,0,37.75,1127.5,0
4957-SREEC,Hayfork,Male,No,Yes,Yes,70,Two year,Credit card (automatic),20.35,1458.1,No,69,,0,20.83,0,0,45.175,1424.5,0
0230-UBYPQ,Hyampom,Male,Yes,Yes,No,63,One year,Bank transfer (automatic),36.1,2298.9,No,48,,0,36.490476190476194,1,0,49.55,2274.3,1
4923-ADWXJ,Igo,Female,No,No,No,25,Month-to-month,Bank transfer (automatic),65.8,1679.65,No,66,,0,67.186,2,0,45.4,1645,0
1763-KUAAW,Junction City,Female,Yes,No,No,18,One year,Bank transfer (automatic),20.35,369.6,No,30,,0,20.533333333333335,1,0,19.175,366.3,0
1104-TNLZA,Klamath River,Male,Yes,Yes,No,28,Month-to-month,Electronic check,105.8,2998,No,73,,0,107.07142857142857,2,1,66.9,2962.4,1
5195-KPUNQ,Lakehead,Female,Yes,No,No,53,One year,Mailed check,96.75,5206.55,No,58,,0,98.23679245283019,1,0,74.875,5127.75,1
3439-GVUSX,Lookout,Male,No,No,No,1,Month-to-month,Mailed check,24.4,24.4,No,80,,0,24.4,2,0,12.7,24.4,0
5949-HGVJL,Mccloud,Female,No,Yes,No,26,Month-to-month,Electronic check,73.05,1959.5,No,46,,0,75.36538461538461,2,1,49.525,1899.3,0
5203-XEHAX,Macdoel,Female,No,No,No,34,One year,Electronic check,64.35,2053.05,No,48,,0,60.38382352941177,1,1,49.175,2187.8999999999996,1
1635-HDGFT,Manton,Female,No,No,Yes,19,Two year,Mailed check,20.5,398.55,No,69,,0,20.976315789473684,0,0,19.75,389.5,0
8050-XGRVL,Millville,Female,No,Yes,Yes,62,One year,Credit card (automatic),54.75,3425.35,No,71,,0,55.247580645161285,1,0,58.375,3394.5,1
9828-QHFBK,Montgomery Creek,Male,No,No,No,24,Month-to-month,Electronic check,51.15,1275.7,No,35,,0,53.15416666666667,2,1,37.575,1227.6,0
3104-OWCGK,South Dos Palos,Male,No,Yes,No,60,One year,Electronic check,90.95,5453.4,Yes,76,Moved,1,90.89,1,1,75.475,5457,1
6702-OHFWR,Reseda,Male,Yes,No,No,1,Month-to-month,Electronic check,43.3,43.3,Yes,91,Don't know,1,43.3,2,1,22.15,43.3,0
4892-VLANZ,Colusa,Male,No,No,No,1,Month-to-month,Mailed check,19.8,19.8,Yes,96,Don't know,1,19.8,2,0,10.4,19.8,0
5590-YRFJT,Lompoc,Female,No,Yes,No,20,Month-to-month,Electronic check,24.45,482.8,Yes,94,Don't know,1,24.14,2,1,22.225,489,0
1518-VOWAV,Montague,Female,No,No,No,9,Month-to-month,Electronic check,74.65,703.55,Yes,90,Limited range of services,1,78.17222222222222,2,1,41.825,671.85,0
3243-ZHOHY,Escondido,Female,No,No,No,16,One year,Mailed check,20.1,296.15,No,72,,0,18.509375,1,0,18.05,321.6,0
0305-SQECB,Gardena,Female,No,No,Yes,11,One year,Mailed check,36.05,402.6,No,67,,0,36.6,1,0,23.525,396.54999999999995,0
3908-MKIMJ,Mount Shasta,Male,Yes,Yes,No,68,Two year,Electronic check,41.95,2965.75,No,34,,0,43.6139705882353,0,1,54.975,2852.6000000000004,1
5012-YSPJJ,Nubieber,Male,No,Yes,Yes,31,Month-to-month,Mailed check,54.35,1647,No,41,,0,53.12903225806452,2,0,42.675,1684.8500000000001,0
6728-VOIFY,Palo Cedro,Female,No,Yes,No,63,One year,Electronic check,96,6109.75,No,80,,0,96.98015873015873,1,1,79.5,6048,1
4891-NLUBA,Paynes Creek,Female,No,Yes,Yes,61,Two year,Bank transfer (automatic),61.45,3751.15,No,20,,0,61.49426229508197,0,0,61.225,3748.4500000000003,1
8969-PRHFK,Red Bluff,Male,No,No,No,18,One year,Mailed check,19.65,411.25,No,32,,0,22.84722222222222,1,0,18.825,353.7,0
0661-KQHNK,Round Mountain,Female,No,Yes,Yes,6,One year,Credit card (automatic),19,105.5,No,46,,0,17.583333333333332,1,0,12.5,114,0
8709-KRDVL,Scott Bar,Female,No,No,No,33,Month-to-month,Electronic check,100,3320.6,No,76,,0,100.62424242424242,2,1,66.5,3300,1
1427-VERSM,Shasta,Female,No,Yes,No,56,Month-to-month,Electronic check,98.7,5669.5,No,44,,0,101.24107142857143,2,1,77.35,5527.2,1
9801-NOSHQ,Shingletown,Male,No,No,Yes,23,One year,Mailed check,19.8,465.45,No,49,,0,20.23695652173913,1,0,21.4,455.40000000000003,0
6339-YPSAH,Tehama,Male,No,No,No,9,Month-to-month,Electronic check,73.8,704.3,No,52,,0,78.25555555555555,2,1,41.4,664.1999999999999,0
2159-TURXX,Weaverville,Male,No,No,No,5,Month-to-month,Credit card (automatic),20.05,95.55,No,51,,0,19.11,2,0,12.525,100.25,0
1548-FEHVL,Weed,Male,No,Yes,No,61,Month-to-month,Electronic check,106.2,6375.2,No,74,,0,104.51147540983607,2,1,83.6,6478.2,1
3795-CAWEX,Whitmore,Male,No,Yes,Yes,70,Two year,Credit card (automatic),116.55,8152.3,No,40,,0,116.46142857142857,0,0,93.275,8158.5,1
6215-NQCPY,Yreka,Male,No,No,No,15,Month-to-month,Electronic check,99.7,1566.75,No,60,,0,104.45,2,1,57.35,1495.5,0
5647-URDKA,Alturas,Male,No,Yes,Yes,8,Two year,Mailed check,19.7,130.25,No,29,,0,16.28125,0,0,13.85,157.6,0
2229-DPMBI,Blairsden Graeagle,Female,No,Yes,Yes,8,Two year,Mailed check,19.5,162.15,No,58,,0,20.26875,0,0,13.75,156,0
9626-WEQRM,Cedarville,Female,No,No,No,4,Month-to-month,Mailed check,29.15,110.05,No,78,,0,27.5125,2,0,16.575,116.6,0
2188-SXWVT,Chilcoot,Female,No,No,No,34,One year,Mailed check,55,1885.15,No,46,,0,55.44558823529412,1,0,44.5,1870,0
6258-PVZWJ,Clio,Male,No,Yes,No,68,Two year,Credit card (automatic),90.8,6302.85,No,69,,0,92.68897058823529,0,0,79.4,6174.4,1
1094-BKOSX,Coleville,Female,No,Yes,Yes,45,One year,Bank transfer (automatic),51,2264.5,No,22,,0,50.32222222222222,1,0,48,2295,1
6969-MVBAI,Davis Creek,Female,Yes,No,No,9,Month-to-month,Electronic check,90.1,816.8,No,48,,0,90.75555555555555,2,1,49.55,810.9,0
2342-CKIAO,Eagleville,Female,No,No,No,2,Month-to-month,Mailed check,20.3,41.2,No,24,,0,20.6,2,0,11.15,40.6,0
6953-PBDIN,Fort Bidwell,Male,No,Yes,No,70,Two year,Bank transfer (automatic),72.95,5265.55,No,70,,0,75.22214285714286,0,0,71.475,5106.5,1
3898-BSJYF,Herlong,Female,No,No,Yes,10,One year,Credit card (automatic),73.55,693.3,No,29,,0,69.33,1,0,41.775,735.5,0
3938-YFPXD,Janesville,Male,No,No,No,72,Two year,Credit card (automatic),84.3,5997.1,No,35,,0,83.29305555555555,0,0,78.15,6069.599999999999,1
7696-AMHOD,Lake City,Female,No,Yes,Yes,49,One year,Credit card (automatic),78,3824.2,No,69,,0,78.04489795918367,1,0,63.5,3822,1
2453-SAFNS,Likely,Female,Yes,No,No,54,One year,Mailed check,72.1,3886.05,No,47,,0,71.96388888888889,1,0,63.05,3893.3999999999996,1
9558-IHEZX,Litchfield,Female,No,No,No,71,Two year,Credit card (automatic),106.75,7283.25,No,32,,0,102.58098591549296,0,0,88.875,7579.25,1
9617-UDPEU,Loyalton,Female,No,No,No,22,One year,Mailed check,19.25,412.55,No,52,,0,18.75227272727273,1,0,20.625,423.5,0
6340-DACFT,Madeline,Female,No,Yes,Yes,50,Two year,Credit card (automatic),20.55,1070.25,No,34,,0,21.405,0,0,35.275,1027.5,0
4955-VCWBI,Markleeville,Female,No,Yes,Yes,43,One year,Mailed check,20,817.95,No,76,,0,19.022093023255817,1,0,31.5,860,0
6813-GZQCG,Milford,Female,No,Yes,Yes,45,Two year,Credit card (automatic),24.65,1171.3,No,63,,0,26.028888888888886,0,0,34.825,1109.25,0
7426-GSWPO,Portola,Male,Yes,No,No,64,Month-to-month,Bank transfer (automatic),103.5,6548.65,No,63,,0,102.32265625,2,0,83.75,6624,1
3389-KTRXV,Ravendale,Female,No,Yes,Yes,23,Two year,Mailed check,23.85,625.65,No,78,,0,27.202173913043477,0,0,23.425,548.5500000000001,0
3118-UHVVQ,Calpine,Female,No,Yes,No,68,Two year,Credit card (automatic),25.8,1911.5,No,21,,0,28.110294117647058,0,0,46.9,1754.4,0
3205-MXZRA,Standish,Male,No,No,No,26,One year,Credit card (automatic),59.45,1507,No,41,,0,57.96153846153846,1,0,42.725,1545.7,0
8317-BVKSO,Termo,Male,No,No,No,14,Month-to-month,Electronic check,20.05,299.3,No,32,,0,21.37857142857143,2,1,17.025,280.7,0
5702-KVQRD,Topaz,Male,No,Yes,No,71,Two year,Electronic check,82.55,5832.65,No,68,,0,82.14999999999999,0,1,76.775,5861.05,1
0083-PIVIK,Tulelake,Male,No,No,No,64,One year,Electronic check,81.25,5567.55,No,67,,0,86.99296875,1,1,72.625,5200,1
6169-PGNCD,Westwood,Female,No,No,No,57,Two year,Credit card (automatic),74.3,4166.35,No,54,,0,73.09385964912282,0,0,65.65,4235.099999999999,1
4909-JOUPP,Tahoma,Male,Yes,Yes,No,72,Two year,Credit card (automatic),109.7,7898.45,No,32,,0,109.70069444444444,0,0,90.85,7898.400000000001,1
4657-FWVFY,Kings Beach,Female,No,Yes,Yes,40,Month-to-month,Credit card (automatic),96.35,3915.4,No,52,,0,97.885,2,0,68.175,3854,1
2257-BOVXD,Tahoe City,Male,No,Yes,No,14,Month-to-month,Credit card (automatic),66.6,979.5,No,36,,0,69.96428571428571,2,0,40.3,932.3999999999999,0
7729-JTEEC,Olympic Valley,Male,No,Yes,Yes,2,Month-to-month,Electronic check,44.5,90.05,No,49,,0,45.025,2,1,23.25,89,0
9696-RMYBA,Los Angeles,Male,No,No,No,5,Month-to-month,Mailed check,80.1,398.55,No,22,,0,79.71000000000001,2,0,42.55,400.5,0
8690-UPCZI,Los Angeles,Male,No,Yes,Yes,29,One year,Bank transfer (automatic),69.05,1958.45,No,33,,0,67.53275862068966,1,0,49.025,2002.4499999999998,1
9770-LXDBK,Los Angeles,Female,No,No,No,3,Month-to-month,Mailed check,20.4,63.15,No,21,,0,21.05,2,0,11.7,61.199999999999996,0
4086-WITJG,Los Angeles,Male,No,Yes,Yes,71,Two year,Credit card (automatic),19.7,1301.1,No,30,,0,18.325352112676054,0,0,45.35,1398.7,0
8344-WFMFH,Los Angeles,Male,No,No,Yes,9,Month-to-month,Electronic check,50.1,484.05,No,56,,0,53.78333333333333,2,1,29.55,450.90000000000003,0
8822-KNBHV,Los Angeles,Female,No,No,No,48,One year,Credit card (automatic),83.45,3887.85,No,58,,0,80.996875,1,0,65.725,4005.6000000000004,1
8404-FYDIB,Los Angeles,Male,No,No,No,26,Month-to-month,Credit card (automatic),86.65,2208.75,No,54,,0,84.95192307692308,2,0,56.325,2252.9,1
2791-SFVEW,Los Angeles,Female,No,No,No,9,Month-to-month,Bank transfer (automatic),20.15,238.15,No,27,,0,26.461111111111112,2,0,14.575,181.35,0
6762-NSODU,Los Angeles,Female,No,Yes,Yes,46,Two year,Credit card (automatic),19.4,958.15,No,77,,0,20.829347826086956,0,0,32.7,892.4,0
9888-ZCUMM,Los Angeles,Male,No,Yes,Yes,64,Two year,Bank transfer (automatic),60.05,3845.45,No,77,,0,60.08515625,0,0,62.025,3843.2,1
1074-WVEVG,Los Angeles,Female,No,Yes,No,59,One year,Mailed check,20.35,1267,No,57,,0,21.47457627118644,1,0,39.675,1200.65,0
9979-RGMZT,Los Angeles,Female,No,No,No,7,One year,Mailed check,94.05,633.45,No,38,,0,90.49285714285715,1,0,50.525,658.35,0
6437-UDQJM,Los Angeles,Female,Yes,Yes,No,72,Two year,Credit card (automatic),84.1,6129.65,No,62,,0,85.13402777777777,0,0,78.05,6055.2,1
1226-IENZN,Los Angeles,Male,Yes,No,No,16,Month-to-month,Electronic check,78.75,1218.25,No,74,,0,76.140625,2,1,47.375,1260,0
2108-GLPQB,Los Angeles,Male,No,Yes,No,25,Month-to-month,Credit card (automatic),55.55,1405.3,No,49,,0,56.211999999999996,2,0,40.275,1388.75,0
5474-LAMUQ,Los Angeles,Male,No,Yes,No,24,One year,Mailed check,20.1,533.9,No,69,,0,22.245833333333334,1,0,22.05,482.40000000000003,0
3468-DRVQJ,Los Angeles,Female,No,Yes,Yes,10,One year,Electronic check,70.3,676.15,No,36,,0,67.615,1,1,40.15,703,0
1122-YJBCS,Los Angeles,Male,No,Yes,No,69,One year,Credit card (automatic),53.65,3804.4,No,55,,0,55.13623188405797,1,0,61.325,3701.85,1
4990-ALDGW,Los Angeles,Male,No,No,No,57,Two year,Mailed check,20.75,1118.8,No,60,,0,19.628070175438594,0,0,38.875,1182.75,0
4816-OKWNX,Los Angeles,Male,No,Yes,Yes,50,One year,Bank transfer (automatic),103.4,5236.4,No,68,,0,104.728,1,0,76.7,5170,1
3315-IKYZQ,Los Angeles,Male,No,Yes,Yes,28,One year,Mailed check,50.8,1386.8,No,45,,0,49.528571428571425,1,0,39.4,1422.3999999999999,0
4747-LCAQL,Los Angeles,Male,No,No,No,25,Month-to-month,Mailed check,79,1902,No,52,,0,76.08,2,0,52,1975,0
3411-WLRSQ,Los Angeles,Female,Yes,Yes,No,3,Month-to-month,Bank transfer (automatic),74.6,239.05,No,57,,0,79.68333333333334,2,0,38.8,223.79999999999998,0
0898-XCGTF,Los Angeles,Male,No,Yes,No,61,One year,Bank transfer (automatic),96.5,5673.7,No,49,,0,93.01147540983607,1,0,78.75,5886.5,1
8006-PYCSW,Los Angeles,Female,No,No,No,2,Month-to-month,Mailed check,20.1,39.8,No,65,,0,19.9,2,0,11.05,40.2,0
8249-THVEC,Los Angeles,Male,No,Yes,Yes,51,One year,Mailed check,19.4,997.75,No,73,,0,19.563725490196077,1,0,35.2,989.4,0
8722-PRFDV,Los Angeles,Female,No,Yes,Yes,71,Two year,Credit card (automatic),77.55,5574.35,No,27,,0,78.51197183098591,0,0,74.275,5506.05,1
2164-SOQXL,Los Angeles,Female,No,Yes,Yes,20,Month-to-month,Mailed check,20.05,406.05,No,43,,0,20.302500000000002,2,0,20.025,401,0
4020-KIUDI,Los Angeles,Male,No,Yes,Yes,6,Month-to-month,Credit card (automatic),19.85,138.85,No,42,,0,23.141666666666666,2,0,12.925,119.10000000000001,0
5850-BDWCY,Los Angeles,Female,No,No,No,6,Month-to-month,Mailed check,20.2,123.65,No,26,,0,20.608333333333334,2,0,13.1,121.19999999999999,0
2038-YSEZE,Los Angeles,Female,No,No,No,29,Month-to-month,Mailed check,67.45,1801.1,No,65,,0,62.106896551724134,2,0,48.225,1956.0500000000002,0
0827-ITJPH,Los Angeles,Male,No,No,No,36,Two year,Credit card (automatic),18.55,689,No,28,,0,19.13888888888889,0,0,27.275,667.8000000000001,0
8799-OXZMD,Los Angeles,Female,No,No,No,28,Month-to-month,Mailed check,29.75,790.7,No,67,,0,28.239285714285717,2,0,28.875,833,0
1705-GUHPV,Los Angeles,Female,No,No,No,63,Two year,Mailed check,24.2,1618.2,No,64,,0,25.685714285714287,0,0,43.6,1524.6,0
4779-ZGICK,Los Angeles,Male,No,Yes,Yes,48,Two year,Mailed check,23.55,1173.35,No,66,,0,24.444791666666664,0,0,35.775,1130.4,0
0048-PIHNL,Los Angeles,Female,No,Yes,No,49,One year,Bank transfer (automatic),20.45,900.9,No,20,,0,18.385714285714286,1,0,34.725,1002.05,0
3967-KXAPS,Los Angeles,Male,No,Yes,No,72,Two year,Credit card (automatic),92.3,6719.9,No,56,,0,93.33194444444445,0,0,82.15,6645.599999999999,1
3704-IEAXF,Los Angeles,Female,No,Yes,Yes,72,Two year,Credit card (automatic),53.65,3784,No,47,,0,52.55555555555556,0,0,62.825,3862.7999999999997,1
6810-VCAEX,Los Angeles,Female,No,No,No,47,One year,Credit card (automatic),39.65,1798.65,No,26,,0,38.26914893617022,1,0,43.325,1863.55,0
0674-EYYZV,Los Angeles,Female,No,No,No,1,Month-to-month,Electronic check,54.65,54.65,No,74,,0,54.65,2,1,27.825,54.65,0
4480-MBMLB,Los Angeles,Female,No,No,No,36,One year,Bank transfer (automatic),104.8,3886.45,No,68,,0,107.95694444444445,1,0,70.4,3772.7999999999997,1
1395-OFUWC,Los Angeles,Male,No,Yes,Yes,43,Month-to-month,Credit card (automatic),29.3,1224.05,No,70,,0,28.46627906976744,2,0,36.15,1259.9,0
0822-QGCXA,Los Angeles,Female,Yes,Yes,No,27,Month-to-month,Electronic check,83.85,2310.2,No,35,,0,85.56296296296296,2,1,55.425,2263.95,1
2832-KJCRD,Los Angeles,Female,No,No,No,38,Month-to-month,Electronic check,103.65,3988.5,No,47,,0,104.96052631578948,2,1,70.825,3938.7000000000003,1
3588-WSTTJ,Los Angeles,Female,Yes,No,No,35,Month-to-month,Electronic check,99.05,3554.6,No,63,,0,101.56,2,1,67.025,3466.75,1
5090-EMGTC,Beverly Hills,Female,No,Yes,No,59,Two year,Mailed check,100.05,6034.85,No,70,,0,102.285593220339,0,0,79.525,5902.95,1
2346-CZYIL,Beverly Hills,Male,No,No,No,27,Two year,Credit card (automatic),20.35,531.6,No,52,,0,19.68888888888889,0,0,23.675,549.45,0
3798-EPWRR,Beverly Hills,Female,Yes,No,No,2,Month-to-month,Electronic check,43.95,85.1,No,55,,0,42.55,2,1,22.975,87.9,0
6258-NGCNG,Compton,Male,No,No,No,7,Month-to-month,Mailed check,23.5,173,No,33,,0,24.714285714285715,2,0,15.25,164.5,0
4186-ZBUEW,Compton,Female,No,No,No,36,One year,Mailed check,70.7,2511.95,No,71,,0,69.77638888888889,1,0,53.35,2545.2000000000003,1
5274-XHAKY,Compton,Female,No,Yes,Yes,41,Month-to-month,Bank transfer (automatic),94.3,3893.6,No,43,,0,94.96585365853659,2,0,67.65,3866.2999999999997,1
1442-BQPVU,Culver City,Female,No,No,No,13,Month-to-month,Electronic check,29.15,357.15,No,71,,0,27.47307692307692,2,1,21.075,378.95,0
3978-YNKDD,Culver City,Male,No,No,Yes,19,Two year,Credit card (automatic),20.85,467.5,No,43,,0,24.605263157894736,0,0,19.925,396.15000000000003,0
4940-KHCWD,Downey,Female,No,Yes,No,60,Two year,Bank transfer (automatic),37.7,2288.7,No,54,,0,38.144999999999996,0,0,48.85,2262,1
9589-ABEPT,El Segundo,Male,No,Yes,No,69,Two year,Mailed check,92.45,6460.55,No,56,,0,93.63115942028986,0,0,80.725,6379.05,1
9388-ZEYVT,Gardena,Male,No,No,No,43,One year,Electronic check,44.15,1931.3,No,42,,0,44.913953488372094,1,1,43.575,1898.45,0
7605-SNLQG,Gardena,Female,No,Yes,No,45,Month-to-month,Credit card (automatic),50.25,2221.55,No,44,,0,49.36777777777778,2,0,47.625,2261.25,1
4670-TABXH,Hawthorne,Male,No,Yes,No,72,Two year,Credit card (automatic),109.75,7758.9,No,71,,0,107.76249999999999,0,0,90.875,7902,1
0064-SUDOG,Huntington Park,Female,No,Yes,Yes,12,Two year,Bank transfer (automatic),20.3,224.5,No,57,,0,18.708333333333332,0,0,16.15,243.60000000000002,0
8561-NMTBD,Lawndale,Female,No,Yes,Yes,67,One year,Credit card (automatic),112.35,7388.45,No,46,,0,110.27537313432836,1,0,89.675,7527.45,1
5161-XEUVX,Lynwood,Male,No,Yes,No,37,Two year,Mailed check,94.3,3460.95,No,49,,0,93.53918918918919,0,0,65.65,3489.1,1
8292-FRFZQ,Malibu,Female,No,No,No,39,One year,Bank transfer (automatic),41.15,1700.9,No,67,,0,43.61282051282051,1,0,40.075,1604.85,0
8591-NXRCV,Malibu,Female,No,No,No,41,Month-to-month,Bank transfer (automatic),74.65,3090.65,No,77,,0,75.38170731707318,2,0,57.825,3060.65,1
7895-VONWT,Manhattan Beach,Female,No,No,No,25,Month-to-month,Electronic check,48.25,1293.8,No,46,,0,51.751999999999995,2,1,36.625,1206.25,0
4526-RMTLL,Maywood,Male,No,Yes,Yes,8,Two year,Credit card (automatic),76.15,645.8,No,64,,0,80.725,0,0,42.075,609.2,0
6253-GNHWH,Pacific Palisades,Female,No,Yes,Yes,71,Two year,Mailed check,71.1,5224.95,No,57,,0,73.59084507042253,0,0,71.05,5048.099999999999,1
4566-NECEV,Palos Verdes Peninsula,Male,No,No,No,5,Month-to-month,Electronic check,96.55,500.1,No,56,,0,100.02000000000001,2,1,50.775,482.75,0
8080-POTJR,Rancho Palos Verdes,Female,No,No,No,30,One year,Credit card (automatic),79.3,2427.1,No,78,,0,80.90333333333334,1,0,54.65,2379,1
6906-MPARY,Redondo Beach,Male,No,No,No,40,One year,Credit card (automatic),89.6,3488.15,No,22,,0,87.20375,1,0,64.8,3584,1
3662-FXJFO,Redondo Beach,Female,No,No,No,54,Two year,Mailed check,20.5,1035.7,No,30,,0,19.17962962962963,0,0,37.25,1107,0
8107-RZLNV,South Gate,Male,No,Yes,No,72,Two year,Bank transfer (automatic),106.3,7565.35,No,62,,0,105.07430555555555,0,0,89.15,7653.599999999999,1
0516-OOHAR,Topanga,Male,No,Yes,Yes,28,One year,Bank transfer (automatic),100.35,2799,No,50,,0,99.96428571428571,1,0,64.175,2809.7999999999997,1
2027-CWDNU,Venice,Male,No,Yes,Yes,18,Month-to-month,Electronic check,85.6,1601.5,No,63,,0,88.97222222222223,2,1,51.8,1540.8,0
9912-OMZDS,Playa Del Rey,Female,No,Yes,Yes,59,One year,Electronic check,106.15,6256.2,No,51,,0,106.03728813559322,1,1,82.575,6262.85,1
3733-ZEECP,Inglewood,Male,No,Yes,Yes,22,Month-to-month,Electronic check,51.1,1232.9,No,34,,0,56.040909090909096,2,1,36.55,1124.2,0
7878-RTCZG,Inglewood,Female,No,No,No,1,Month-to-month,Mailed check,19.9,19.9,No,80,,0,19.9,2,0,10.45,19.9,0
2452-MRMZF,Inglewood,Female,Yes,Yes,No,72,Two year,Credit card (automatic),25.7,1937.4,No,21,,0,26.908333333333335,0,0,48.85,1850.3999999999999,0
7103-IPXPJ,Inglewood,Male,No,Yes,No,50,One year,Electronic check,99.4,5059.75,No,75,,0,101.195,1,1,74.7,4970,1
4342-HFXWS,Santa Monica,Female,No,Yes,Yes,48,One year,Bank transfer (automatic),69.7,3023.65,No,50,,0,62.99270833333333,1,0,58.85,3345.6000000000004,1
3545-CNWRG,Santa Monica,Female,No,Yes,Yes,49,Month-to-month,Electronic check,98.35,4889.2,No,39,,0,99.7795918367347,2,1,73.675,4819.15,1
1785-BPHTP,Santa Monica,Male,No,Yes,Yes,28,Month-to-month,Electronic check,85.45,2289.9,No,26,,0,81.78214285714286,2,1,56.725,2392.6,1
4989-LIXVT,Santa Monica,Male,Yes,No,No,68,Month-to-month,Electronic check,95.9,6503.2,No,68,,0,95.63529411764705,2,1,81.95,6521.200000000001,1
7315-WYOAW,Santa Monica,Male,No,No,No,13,Month-to-month,Electronic check,100.75,1313.25,No,80,,0,101.01923076923077,2,1,56.875,1309.75,0
1173-XZPYF,Torrance,Female,No,No,No,11,Month-to-month,Electronic check,89.2,990.3,No,32,,0,90.02727272727272,2,1,50.1,981.2,0
2509-TFPJU,Torrance,Male,No,Yes,No,72,Two year,Credit card (automatic),25.75,1864.2,No,24,,0,25.891666666666666,0,0,48.875,1854,0
9530-GRMJG,Whittier,Male,No,Yes,Yes,70,Two year,Electronic check,84.1,5979.7,No,48,,0,85.42428571428572,0,1,77.05,5887,1
6898-RBTLU,Whittier,Female,No,Yes,Yes,49,Two year,Bank transfer (automatic),79.3,3902.45,No,59,,0,79.64183673469387,0,0,64.15,3885.7,1
5481-NTDOH,Whittier,Female,Yes,Yes,No,67,One year,Credit card (automatic),107.05,7142.5,No,21,,0,106.6044776119403,1,0,87.025,7172.349999999999,1
2068-WWXQZ,Whittier,Male,No,No,No,46,Two year,Bank transfer (automatic),20.05,902,No,38,,0,19.608695652173914,0,0,33.025,922.3000000000001,0
2061-VVFST,Whittier,Female,No,Yes,No,37,Month-to-month,Bank transfer (automatic),19.5,805.2,No,72,,0,21.762162162162163,2,0,28.25,721.5,0
0749-IRGQE,Buena Park,Female,Yes,Yes,No,13,Month-to-month,Electronic check,45.3,528.45,No,48,,0,40.650000000000006,2,1,29.15,588.9,0
2380-DAMQP,La Palma,Female,No,Yes,No,72,Two year,Electronic check,115.15,8349.7,No,67,,0,115.96805555555557,0,1,93.575,8290.800000000001,1
2256-YLYLP,Cypress,Male,No,Yes,Yes,68,Two year,Bank transfer (automatic),72.95,4953.25,No,27,,0,72.84191176470588,0,0,70.475,4960.6,1
1272-ILHFG,La Habra,Male,No,Yes,Yes,15,One year,Mailed check,19.65,332.65,No,71,,0,22.176666666666666,1,0,17.325,294.75,0
0164-XAIRP,La Mirada,Female,No,No,No,24,Two year,Bank transfer (automatic),19.55,470.2,No,34,,0,19.591666666666665,0,0,21.775,469.20000000000005,0
5666-CYCYZ,Montebello,Female,No,No,No,24,Month-to-month,Electronic check,89.55,2259.35,No,76,,0,94.13958333333333,2,1,56.775,2149.2,1
4011-ARPHK,Norwalk,Male,No,No,No,27,Month-to-month,Mailed check,50.35,1411.35,No,77,,0,52.27222222222222,2,0,38.675,1359.45,0
6365-HITVU,Santa Fe Springs,Female,No,Yes,Yes,71,Two year,Credit card (automatic),87.25,6328.7,No,38,,0,89.13661971830986,0,0,79.125,6194.75,1
7558-IMLMT,Stanton,Male,No,Yes,Yes,67,Two year,Mailed check,20.8,1411.9,No,77,,0,21.07313432835821,0,0,43.9,1393.6000000000001,0
9488-FYQAU,Artesia,Female,No,Yes,No,63,Two year,Bank transfer (automatic),109.25,6841.4,No,78,,0,108.59365079365078,0,0,86.125,6882.75,1
3590-TCXTB,Cerritos,Male,No,No,No,1,Month-to-month,Mailed check,20.35,20.35,No,56,,0,20.35,2,0,10.675,20.35,0
6994-KERXL,Avalon,Male,No,No,No,4,Month-to-month,Electronic check,55.9,238.5,No,25,,0,59.625,2,1,29.95,223.6,0
1960-UOTYM,Lakewood,Male,No,Yes,Yes,52,Two year,Electronic check,79.2,4016.3,No,22,,0,77.23653846153846,0,1,65.6,4118.400000000001,1
2740-JFBOK,Lakewood,Male,No,No,No,10,Month-to-month,Electronic check,24,226.55,No,71,,0,22.655,2,1,17,240,0
6500-JVEGC,Lakewood,Male,No,No,No,68,One year,Bank transfer (automatic),101.35,7110.75,No,60,,0,104.56985294117646,1,0,84.675,6891.799999999999,1
5245-VDBUR,Los Alamitos,Female,No,Yes,No,52,One year,Mailed check,35.45,1958.95,No,47,,0,37.67211538461539,1,0,43.725,1843.4,0
8469-SNFFH,San Pedro,Male,No,Yes,No,70,One year,Bank transfer (automatic),79.4,5528.9,No,38,,0,78.9842857142857,1,0,74.7,5558,1
2144-ESWKO,San Pedro,Male,No,No,No,43,One year,Credit card (automatic),35.2,1463.7,No,70,,0,34.03953488372093,1,0,39.1,1513.6000000000001,0
1241-FPMOF,Seal Beach,Male,No,No,No,52,Two year,Mailed check,19.65,1025.05,No,24,,0,19.7125,0,0,35.825,1021.8,0
9928-BZVLZ,Sunset Beach,Female,No,No,No,12,Two year,Mailed check,49.85,552.1,No,20,,0,46.00833333333333,0,0,30.925,598.2,0
4114-QMKVN,Surfside,Female,No,Yes,Yes,56,One year,Bank transfer (automatic),68.75,3815.4,No,53,,0,68.13214285714285,1,0,62.375,3850,1
9003-CPATH,Carson,Male,No,No,No,42,Month-to-month,Electronic check,79.9,3313.4,No,70,,0,78.89047619047619,2,1,60.95,3355.8,1
1754-GKYPY,Carson,Male,Yes,Yes,No,22,Month-to-month,Bank transfer (automatic),89.75,1938.9,No,23,,0,88.13181818181819,2,0,55.875,1974.5,0
7956-XQWGU,Long Beach,Male,No,No,No,27,Month-to-month,Credit card (automatic),19.4,460.25,No,25,,0,17.046296296296298,2,0,23.2,523.8,0
1591-MQJTP,Long Beach,Male,Yes,Yes,No,51,One year,Bank transfer (automatic),93.65,4839.15,No,68,,0,94.88529411764705,1,0,72.325,4776.150000000001,1
2369-FEVNO,Long Beach,Male,No,No,No,1,Month-to-month,Mailed check,19.9,19.9,No,52,,0,19.9,2,0,10.45,19.9,0
7471-MQPOS,Long Beach,Male,Yes,Yes,Yes,71,One year,Bank transfer (automatic),72.9,5139.65,No,54,,0,72.38943661971831,1,0,71.95,5175.900000000001,1
5115-SQAAU,Long Beach,Female,No,Yes,Yes,69,Two year,Bank transfer (automatic),25.6,1673.4,No,60,,0,24.252173913043478,0,0,47.3,1766.4,0
9845-QOMAD,Long Beach,Male,No,Yes,Yes,14,One year,Mailed check,19.75,309.35,No,58,,0,22.09642857142857,1,0,16.875,276.5,0
7672-VFMXZ,Long Beach,Male,No,Yes,No,57,Month-to-month,Electronic check,55.7,3171.6,No,22,,0,55.642105263157895,2,1,56.35,3174.9,1
9739-JLPQJ,Long Beach,Female,No,Yes,Yes,72,Two year,Credit card (automatic),117.5,8670.1,No,47,,0,120.41805555555555,0,0,94.75,8460,1
9916-AYHTC,Altadena,Male,No,No,No,48,Two year,Credit card (automatic),19.85,916,No,38,,0,19.083333333333332,0,0,33.925,952.8000000000001,0
3855-ONCAR,Arcadia,Female,No,Yes,Yes,4,Month-to-month,Mailed check,78.9,299.75,No,50,,0,74.9375,2,0,41.45,315.6,0
1488-SYSFC,Arcadia,Male,No,Yes,Yes,31,Month-to-month,Electronic check,20.65,702.05,No,79,,0,22.646774193548385,2,1,25.825,640.15,0
0970-QXPXW,Monrovia,Female,No,No,No,1,Month-to-month,Mailed check,19.65,19.65,No,25,,0,19.65,2,0,10.325,19.65,0
3259-KNMRR,Montrose,Male,Yes,No,No,57,Two year,Bank transfer (automatic),79.75,4438.2,No,79,,0,77.86315789473684,0,0,68.375,4545.75,1
6120-RJKLU,Sierra Madre,Female,Yes,Yes,No,62,Two year,Credit card (automatic),79.95,4819.75,No,54,,0,77.73790322580645,0,0,70.975,4956.900000000001,1
9572-WUKSB,South Pasadena,Male,No,Yes,No,3,Month-to-month,Electronic check,29.9,92.25,No,23,,0,30.75,2,1,16.45,89.69999999999999,0
5893-KCLGT,Sunland,Female,No,No,Yes,72,Two year,Mailed check,19.75,1567,No,78,,0,21.76388888888889,0,0,45.875,1422,0
0076-LVEPS,Tujunga,Male,No,No,Yes,29,Month-to-month,Mailed check,45,1242.45,No,73,,0,42.84310344827586,2,0,37,1305,0
3640-JQGJG,Pasadena,Male,No,Yes,Yes,13,Month-to-month,Bank transfer (automatic),44.8,559.2,No,44,,0,43.01538461538462,2,0,28.9,582.4,0
1596-OQSPS,Pasadena,Female,No,No,No,11,Month-to-month,Electronic check,51.1,531.15,No,60,,0,48.28636363636363,2,1,31.05,562.1,0
9867-XOBQA,Pasadena,Female,No,No,Yes,21,Two year,Mailed check,53.15,1183.2,No,29,,0,56.34285714285714,0,0,37.075,1116.1499999999999,0
9546-KDTRB,Pasadena,Female,No,No,No,19,Month-to-month,Bank transfer (automatic),24.7,465.85,No,46,,0,24.51842105263158,2,0,21.85,469.3,0
3174-RKMOW,Glendale,Male,No,Yes,Yes,35,Month-to-month,Electronic check,109.95,3782.4,No,71,,0,108.06857142857143,2,1,72.475,3848.25,1
1760-CAZHT,Glendale,Male,No,No,Yes,25,Month-to-month,Mailed check,20.8,460.2,No,60,,0,18.408,2,0,22.9,520,0
8441-SHIPE,Glendale,Female,No,No,No,67,Two year,Bank transfer (automatic),25.6,1790.35,No,34,,0,26.721641791044775,0,0,46.3,1715.2,0
1320-GVNHT,Glendale,Male,No,Yes,Yes,72,Two year,Credit card (automatic),108.4,7767.25,No,20,,0,107.87847222222223,0,0,90.2,7804.8,1
3541-ZNUHK,La Crescenta,Female,No,Yes,Yes,55,Month-to-month,Electronic check,85.1,4600.95,No,76,,0,83.65363636363637,2,1,70.05,4680.5,1
8725-JEDFD,Calabasas,Male,No,No,No,27,Month-to-month,Mailed check,69.05,1793.25,No,27,,0,66.41666666666667,2,0,48.025,1864.35,0
7562-UXTPG,Canoga Park,Female,No,No,No,13,Month-to-month,Mailed check,70.15,886.7,No,56,,0,68.20769230769231,2,0,41.575,911.95,0
8071-SBTRN,Canoga Park,Female,No,No,No,70,Two year,Mailed check,111.15,7737.55,No,62,,0,110.53642857142857,0,0,90.575,7780.5,1
6668-CNMFP,West Hills,Female,No,Yes,Yes,19,One year,Bank transfer (automatic),89.35,1686.85,No,57,,0,88.78157894736842,1,0,54.175,1697.6499999999999,0
5626-MGTUK,Chatsworth,Female,No,No,No,20,Month-to-month,Bank transfer (automatic),89.1,1879.25,No,70,,0,93.9625,2,0,54.55,1782,0
5681-LLOEI,Encino,Male,No,Yes,Yes,43,One year,Credit card (automatic),91.25,4013.8,No,30,,0,93.34418604651164,1,0,67.125,3923.75,1
8212-DJRCH,Newbury Park,Male,No,Yes,Yes,5,Month-to-month,Mailed check,90.35,434.5,No,66,,0,86.9,2,0,47.675,451.75,0
4323-OHFOW,Newhall,Female,Yes,Yes,No,70,One year,Bank transfer (automatic),105.55,7195.35,No,51,,0,102.79071428571429,1,0,87.775,7388.5,1
4933-BSAIP,Northridge,Female,No,Yes,No,40,Two year,Mailed check,19.1,780.1,No,59,,0,19.5025,0,0,29.55,764,0
2030-BTZRO,Northridge,Male,No,Yes,Yes,6,Two year,Credit card (automatic),20.4,107.6,No,57,,0,17.933333333333334,0,0,13.2,122.39999999999999,0
1116-DXXDF,Porter Ranch,Male,No,No,No,39,Two year,Electronic check,100.45,3801.7,No,45,,0,97.47948717948718,0,1,69.725,3917.55,1
6563-VNPMN,Sylmar,Female,Yes,No,No,45,Month-to-month,Bank transfer (automatic),85.7,3778.1,No,44,,0,83.95777777777778,2,0,65.35,3856.5,1
2267-WTPYD,Granada Hills,Female,Yes,Yes,No,57,Month-to-month,Credit card (automatic),94,5438.95,No,49,,0,95.42017543859649,2,0,75.5,5358,1
0270-THENM,Mission Hills,Male,No,Yes,Yes,72,Two year,Bank transfer (automatic),69.85,5102.35,No,77,,0,70.86597222222223,0,0,70.925,5029.2,1
4707-MAXGU,Canyon Country,Male,No,Yes,No,72,Two year,Credit card (automatic),25.85,1872.2,No,45,,0,26.00277777777778,0,0,48.925,1861.2,0
2710-WYVXG,Sun Valley,Female,No,No,No,3,Two year,Mailed check,71.1,213.35,No,41,,0,71.11666666666666,0,0,37.05,213.29999999999998,0
6300-BWMJX,Valencia,Female,No,Yes,No,59,Month-to-month,Electronic check,93.35,5386.5,No,44,,0,91.29661016949153,2,1,76.175,5507.65,1
7009-LGECI,Westlake Village,Female,No,No,No,4,Month-to-month,Bank transfer (automatic),50.55,235.65,No,78,,0,58.9125,2,0,27.275,202.2,0
5022-KVDQT,Woodland Hills,Male,No,No,No,27,Month-to-month,Electronic check,81.3,2272.8,No,72,,0,84.17777777777779,2,1,54.15,2195.1,1
7976-CICYS,Woodland Hills,Male,No,No,No,4,Month-to-month,Credit card (automatic),20.7,83.75,No,76,,0,20.9375,2,0,12.35,82.8,0
1036-GUDCL,Oak Park,Male,No,Yes,Yes,60,Month-to-month,Credit card (automatic),79.05,4663.4,No,60,,0,77.72333333333333,2,0,69.525,4743,1
2005-DWQZJ,Stevenson Ranch,Female,No,Yes,Yes,8,Two year,Mailed check,19.05,201.7,No,47,,0,25.2125,0,0,13.525,152.4,0
8148-WOCMK,Castaic,Male,No,Yes,Yes,8,Two year,Credit card (automatic),19.6,125,No,67,,0,15.625,0,0,13.8,156.8,0
7815-PDTHL,Van Nuys,Male,No,No,No,35,Two year,Mailed check,20.2,684.4,No,45,,0,19.554285714285715,0,0,27.6,707,0
9173-IVZVP,Sherman Oaks,Female,No,Yes,Yes,53,Two year,Mailed check,20.9,1146.05,No,64,,0,21.623584905660376,0,0,36.95,1107.6999999999998,0
9129-UXERG,Van Nuys,Female,Yes,No,No,18,Month-to-month,Credit card (automatic),103.6,1806.35,No,73,,0,100.35277777777777,2,0,60.8,1864.8,0
3635-JBPSG,Van Nuys,Female,No,No,No,15,Two year,Mailed check,38.8,603,No,55,,0,40.2,0,0,26.9,582,0
7964-ZRKKG,Van Nuys,Male,No,Yes,No,67,One year,Bank transfer (automatic),88.4,5798.3,No,49,,0,86.54179104477612,1,0,77.7,5922.8,1
6229-LSCKB,Encino,Male,Yes,No,No,6,Month-to-month,Electronic check,79.7,497.6,No,44,,0,82.93333333333334,2,1,42.85,478.20000000000005,0
1724-IQWNM,Burbank,Male,No,No,Yes,1,Month-to-month,Mailed check,19.3,19.3,No,46,,0,19.3,2,0,10.15,19.3,0
8217-QYOHV,Burbank,Male,No,No,No,5,Month-to-month,Mailed check,55.75,266.95,No,22,,0,53.39,2,0,30.375,278.75,0
5546-QUERU,Burbank,Male,No,No,No,13,One year,Mailed check,19.95,257,No,70,,0,19.76923076923077,1,0,16.475,259.34999999999997,0
6897-UUBNU,North Hollywood,Male,No,No,No,29,Month-to-month,Mailed check,89.65,2623.65,No,51,,0,90.47068965517242,2,0,59.325,2599.8500000000004,1
6127-IYJOZ,Studio City,Male,Yes,No,No,1,Month-to-month,Mailed check,45.85,45.85,No,56,,0,45.85,2,0,23.425,45.85,0
8930-XOTDP,North Hollywood,Female,No,Yes,Yes,18,Month-to-month,Mailed check,55.95,1082.8,No,76,,0,60.15555555555555,2,0,36.975,1007.1,0
5916-QEWPT,Valley Village,Female,No,Yes,No,2,Month-to-month,Credit card (automatic),69,147.8,No,29,,0,73.9,2,0,35.5,138,0
5060-TQUQN,Rancho Cucamonga,Male,No,Yes,Yes,30,Month-to-month,Bank transfer (automatic),83.55,2570.2,No,31,,0,85.67333333333333,2,0,56.775,2506.5,1
0531-XBKMM,Azusa,Male,No,No,Yes,66,Two year,Bank transfer (automatic),65.7,4378.9,No,57,,0,66.3469696969697,0,0,65.85,4336.2,1
8465-SBRXP,Baldwin Park,Male,No,Yes,Yes,38,Two year,Bank transfer (automatic),94.9,3616.25,No,33,,0,95.16447368421052,0,0,66.45,3606.2000000000003,1
2408-PSJVE,Chino Hills,Male,No,Yes,Yes,44,Month-to-month,Mailed check,61.9,2924.05,No,63,,0,66.45568181818182,2,0,52.95,2723.6,1
9700-ZCLOT,Claremont,Male,No,No,No,2,Month-to-month,Mailed check,20,32.7,No,77,,0,16.35,2,0,11,40,0
8738-JOKAR,Covina,Female,No,No,No,42,One year,Mailed check,67.7,2882.25,No,36,,0,68.625,1,0,54.85,2843.4,1
4534-WGCIR,Covina,Female,No,Yes,Yes,58,Two year,Credit card (automatic),25.15,1509.9,No,71,,0,26.032758620689656,0,0,41.575,1458.6999999999998,0
1930-WNXSB,Covina,Male,No,Yes,Yes,58,Month-to-month,Electronic check,92.85,5305.05,No,36,,0,91.46637931034483,2,1,75.425,5385.299999999999,1
3508-CFVZL,El Monte,Female,No,No,No,71,Two year,Mailed check,111.3,7985.9,No,46,,0,112.47746478873239,0,0,91.15,7902.3,1
0657-DOGUM,Rancho Cucamonga,Female,No,Yes,No,48,One year,Bank transfer (automatic),60.6,2985.25,No,76,,0,62.192708333333336,1,0,54.3,2908.8,1
8792-AOROI,Glendora,Female,No,Yes,No,8,Two year,Mailed check,65.5,564.35,No,72,,0,70.54375,0,0,36.75,524,0
5146-YYFRZ,Hacienda Heights,Male,No,No,No,67,Two year,Bank transfer (automatic),19.95,1311.75,No,80,,0,19.578358208955223,0,0,43.475,1336.6499999999999,0
3452-SRFEG,La Verne,Male,No,No,No,49,Month-to-month,Bank transfer (automatic),74.6,3720.35,No,79,,0,75.92551020408163,2,0,61.8,3655.3999999999996,1
4070-OKWVH,Mira Loma,Female,No,Yes,No,52,Month-to-month,Bank transfer (automatic),94.6,5025.8,No,57,,0,96.65,2,0,73.3,4919.2,1
5297-MDOIR,Monterey Park,Female,No,Yes,No,63,One year,Credit card (automatic),81.15,5224.5,No,60,,0,82.92857142857143,1,0,72.075,5112.450000000001,1
6369-MCAKO,Monterey Park,Female,No,Yes,Yes,68,Two year,Bank transfer (automatic),89.05,6185.8,No,49,,0,90.96764705882353,0,0,78.525,6055.4,1
4926-UMJZD,Mt Baldy,Female,No,Yes,No,31,Month-to-month,Mailed check,49.2,1498.55,No,52,,0,48.34032258064516,2,0,40.1,1525.2,0
6848-HJTXY,Ontario,Female,No,Yes,No,64,Two year,Credit card (automatic),19.45,1208.6,No,28,,0,18.884375,0,0,41.725,1244.8,0
6341-AEVKX,Ontario,Female,No,Yes,No,62,One year,Electronic check,104.3,6613.65,No,23,,0,106.67177419354839,1,1,83.15,6466.599999999999,1
0682-USIXD,Diamond Bar,Female,No,Yes,No,21,Month-to-month,Electronic check,86.05,1818.9,No,23,,0,86.61428571428571,2,1,53.525,1807.05,0
6976-BWGLQ,Pomona,Female,No,Yes,Yes,72,Two year,Bank transfer (automatic),25.2,1787.35,No,31,,0,24.824305555555554,0,0,48.6,1814.3999999999999,0
7078-NVFAM,Pomona,Female,No,Yes,Yes,32,Month-to-month,Electronic check,35.15,1051.05,No,77,,0,32.8453125,2,1,33.575,1124.8,0
8065-QBYTO,Pomona,Female,Yes,No,No,71,One year,Credit card (automatic),99.65,7181.25,No,63,,0,101.1443661971831,1,0,85.325,7075.150000000001,1
2133-TSRRM,Rosemead,Female,No,No,Yes,34,Month-to-month,Bank transfer (automatic),105.35,3688.6,No,39,,0,108.48823529411764,2,0,69.675,3581.8999999999996,1
2511-ALLCS,Temple City,Female,No,Yes,Yes,35,Two year,Bank transfer (automatic),24.3,821.6,No,32,,0,23.474285714285713,0,0,29.65,850.5,0
3191-CSNMG,Upland,Female,No,Yes,Yes,3,Month-to-month,Electronic check,80.7,239.45,No,46,,0,79.81666666666666,2,1,41.85,242.10000000000002,0
7952-OBOYL,Upland,Male,No,No,No,3,Month-to-month,Mailed check,89.85,244.45,No,53,,0,81.48333333333333,2,0,46.425,269.54999999999995,0
7470-DYNOE,Walnut,Male,No,No,No,53,One year,Electronic check,61.1,3357.9,No,35,,0,63.35660377358491,1,1,57.05,3238.3,1
7853-OETYL,West Covina,Female,No,Yes,No,4,Month-to-month,Electronic check,29.05,129.6,No,35,,0,32.4,2,1,16.525,116.2,0
1545-ACTAS,West Covina,Female,No,Yes,Yes,48,One year,Bank transfer (automatic),99.7,4977.2,No,29,,0,103.69166666666666,1,0,73.85,4785.6,1
5126-RCXYW,Alhambra,Male,No,Yes,Yes,54,Two year,Credit card (automatic),46,2424.05,No,71,,0,44.88981481481482,0,0,50,2484,1
2363-BJLSL,Bonita,Male,No,No,No,62,Month-to-month,Bank transfer (automatic),80.4,4981.15,No,79,,0,80.34112903225805,2,0,71.2,4984.8,1
1956-YIFGE,Boulevard,Male,No,Yes,Yes,22,One year,Mailed check,100.05,2090.25,No,64,,0,95.01136363636364,1,0,61.025,2201.1,1
7921-LMDFQ,Chula Vista,Male,Yes,No,No,51,One year,Bank transfer (automatic),94,4905.75,No,77,,0,96.19117647058823,1,0,72.5,4794,1
2925-MXLSX,Chula Vista,Female,No,No,No,30,One year,Credit card (automatic),68.95,2038.7,No,30,,0,67.95666666666666,1,0,49.475,2068.5,1
5820-PTRYM,Chula Vista,Female,Yes,Yes,No,56,One year,Credit card (automatic),68.45,4014,No,79,,0,71.67857142857143,1,0,62.225,3833.2000000000003,1
9609-BENEA,Chula Vista,Male,No,Yes,No,35,One year,Electronic check,69,2441.7,No,59,,0,69.76285714285714,1,1,52,2415,1
6211-WHMYA,Chula Vista,Female,Yes,No,No,64,Month-to-month,Electronic check,43.85,2751,No,46,,0,42.984375,2,1,53.925,2806.4,1
4459-BBGHE,Descanso,Male,No,No,Yes,30,Month-to-month,Electronic check,44.5,1307.8,No,58,,0,43.593333333333334,2,1,37.25,1335,0
9945-PSVIP,Dulzura,Female,No,Yes,Yes,25,Two year,Mailed check,18.7,383.65,No,42,,0,15.345999999999998,0,0,21.85,467.5,0
9108-EJFJP,Jacumba,Female,No,Yes,No,1,Month-to-month,Mailed check,53.55,53.55,No,62,,0,53.55,2,0,27.275,53.55,0
0530-IJVDB,Jamul,Male,No,No,Yes,70,Two year,Electronic check,114.6,7882.5,No,65,,0,112.60714285714286,0,1,92.3,8022,1
0508-SQWPL,La Mesa,Female,No,Yes,Yes,57,Two year,Bank transfer (automatic),20.1,1087.7,No,23,,0,19.082456140350878,0,0,38.55,1145.7,0
2215-ZAFGX,La Mesa,Male,No,No,No,9,Month-to-month,Electronic check,85.5,791.7,No,69,,0,87.96666666666667,2,1,47.25,769.5,0
8213-TAZPM,Lemon Grove,Female,No,Yes,Yes,69,One year,Bank transfer (automatic),108.75,7493.05,No,46,,0,108.59492753623189,1,0,88.875,7503.75,1
1304-SEGFY,National City,Female,No,Yes,No,72,Two year,Electronic check,97.85,6841.3,No,22,,0,95.01805555555556,0,1,84.925,7045.2,1
7242-EDTYC,Pine Valley,Male,No,No,Yes,44,Two year,Bank transfer (automatic),19.55,819.95,No,40,,0,18.635227272727274,0,0,31.775,860.2,0
2904-GGUAZ,Potrero,Female,No,Yes,No,72,Two year,Bank transfer (automatic),84.05,6052.25,No,47,,0,84.05902777777777,0,0,78.025,6051.599999999999,1
5136-GFPMB,Spring Valley,Male,No,No,No,54,Month-to-month,Credit card (automatic),89.4,4869.5,No,56,,0,90.17592592592592,2,0,71.7,4827.6,1
2595-KIWPV,Tecate,Male,No,No,Yes,27,Two year,Credit card (automatic),19.7,509.3,No,79,,0,18.862962962962964,0,0,23.35,531.9,0
5243-SAOTC,Bonsall,Male,No,No,No,54,Month-to-month,Bank transfer (automatic),79.85,4308.25,No,46,,0,79.7824074074074,2,0,66.925,4311.9,1
9398-MMQTO,Borrego Springs,Male,No,No,No,3,Month-to-month,Credit card (automatic),74.45,221.1,No,61,,0,73.7,2,0,38.725,223.35000000000002,0
7619-PLRLP,Cardiff By The Sea,Female,No,Yes,No,53,One year,Bank transfer (automatic),74.1,3833.95,No,37,,0,72.33867924528302,1,0,63.55,3927.2999999999997,1
6508-NJYRO,Carlsbad,Male,No,Yes,No,15,One year,Mailed check,18.8,294.95,No,31,,0,19.663333333333334,1,0,16.9,282,0
4710-NKCAW,El Cajon,Male,No,Yes,Yes,5,Month-to-month,Credit card (automatic),64.4,316.9,No,31,,0,63.379999999999995,2,0,34.7,322,0
5306-BVTKJ,El Cajon,Male,No,Yes,Yes,48,One year,Credit card (automatic),55.8,2651.2,No,27,,0,55.23333333333333,1,0,51.9,2678.3999999999996,1
0357-NVCRI,El Cajon,Female,No,No,Yes,25,Month-to-month,Credit card (automatic),20.05,471.7,No,24,,0,18.868,2,0,22.525,501.25,0
2371-KFUOG,Escondido,Male,No,No,No,58,One year,Bank transfer (automatic),99.15,5720.95,No,26,,0,98.63706896551724,1,0,78.575,5750.700000000001,1
0463-ZSDNT,Escondido,Male,No,No,No,10,Month-to-month,Bank transfer (automatic),56.75,503.25,No,70,,0,50.325,2,0,33.375,567.5,0
6257-DTAYD,Fallbrook,Male,No,Yes,No,71,Two year,Credit card (automatic),104.15,7365.3,No,65,,0,103.73661971830987,0,0,87.575,7394.650000000001,1
4616-ULAOA,Escondido,Female,No,Yes,Yes,65,Two year,Credit card (automatic),110.8,7245.9,No,23,,0,111.47538461538461,0,0,87.9,7202,1
7746-AWNQW,La Jolla,Female,No,No,No,28,Month-to-month,Mailed check,35.75,961.4,No,69,,0,34.33571428571428,2,0,31.875,1001,0
5996-EBTKM,Lakeside,Female,No,Yes,Yes,67,Two year,Bank transfer (automatic),69.9,4615.9,No,21,,0,68.89402985074626,0,0,68.45,4683.3,1
2758-RNWXS,Oceanside,Male,No,No,No,35,One year,Electronic check,89.2,3251.3,No,39,,0,92.89428571428572,1,1,62.1,3122,1
2314-TNDJQ,Oceanside,Female,No,Yes,Yes,72,Two year,Credit card (automatic),55.65,3880.05,No,35,,0,53.889583333333334,0,0,63.825,4006.7999999999997,1
2405-LBMUW,Oceanside,Female,No,Yes,Yes,61,One year,Bank transfer (automatic),50.7,3088.75,No,22,,0,50.635245901639344,1,0,55.85,3092.7000000000003,1
3454-JFUBC,Pala,Male,Yes,No,No,68,Two year,Credit card (automatic),20,1396,No,55,,0,20.529411764705884,0,0,44,1360,0
9039-ZVJDC,Pauma Valley,Male,No,No,No,3,Month-to-month,Mailed check,19.1,53.05,No,68,,0,17.683333333333334,2,0,11.05,57.300000000000004,0
9013-AQORL,Ramona,Female,No,No,Yes,48,Month-to-month,Credit card (automatic),45.55,2108.35,No,52,,0,43.92395833333333,2,0,46.775,2186.3999999999996,1
2898-MRKPI,Ranchita,Male,No,Yes,Yes,68,One year,Credit card (automatic),101.05,6770.5,No,32,,0,99.56617647058823,1,0,84.525,6871.4,1
2750-BJLSB,Rancho Santa Fe,Female,No,No,No,47,One year,Electronic check,103.7,4730.6,No,20,,0,100.65106382978725,1,1,75.35,4873.900000000001,1
3648-GZPHF,San Marcos,Male,No,Yes,Yes,32,One year,Mailed check,36.25,1151.05,No,45,,0,35.9703125,1,0,34.125,1160,0
2075-RMJIK,Santa Ysabel,Female,No,Yes,Yes,5,Month-to-month,Mailed check,49.4,232.55,No,44,,0,46.510000000000005,2,0,27.2,247,0
9588-YRFHY,Santee,Male,No,No,No,49,Two year,Credit card (automatic),19.9,1022.6,No,71,,0,20.869387755102043,0,0,34.45,975.0999999999999,0
9364-YKUVW,Valley Center,Male,No,No,No,15,Month-to-month,Mailed check,19.8,309.4,No,73,,0,20.626666666666665,2,0,17.4,297,0
5392-AKEMH,Vista,Female,No,No,No,12,Month-to-month,Electronic check,45.05,523.1,No,37,,0,43.59166666666667,2,1,28.525,540.5999999999999,0
2451-YMUXS,Vista,Male,Yes,No,No,67,Two year,Bank transfer (automatic),64.55,4250.1,No,67,,0,63.43432835820896,0,0,65.775,4324.849999999999,1
3914-FDRHP,Warner Springs,Male,No,No,No,9,Month-to-month,Electronic check,86.25,770.5,No,42,,0,85.61111111111111,2,1,47.625,776.25,0
3078-ZKNTS,Rancho Santa Fe,Female,No,Yes,Yes,13,Two year,Bank transfer (automatic),19.75,246.7,No,22,,0,18.976923076923075,0,0,16.375,256.75,0
1024-KPRBB,San Diego,Female,No,No,No,38,One year,Mailed check,89.1,3342,No,56,,0,87.94736842105263,1,0,63.55,3385.7999999999997,1
4690-PKDQG,San Diego,Female,Yes,Yes,No,42,Month-to-month,Electronic check,95.55,3930.6,No,26,,0,93.58571428571429,2,1,68.775,4013.1,1
9547-ITEFG,San Diego,Male,No,Yes,Yes,9,Month-to-month,Credit card (automatic),102.6,897.75,No,32,,0,99.75,2,0,55.8,923.4,0
1264-FUHCX,San Diego,Female,No,Yes,No,49,One year,Credit card (automatic),56.3,2780.6,No,20,,0,56.7469387755102,1,0,52.65,2758.7,1
7789-CRUVC,San Diego,Female,Yes,Yes,No,61,Month-to-month,Credit card (automatic),94.2,5895.45,No,76,,0,96.6467213114754,2,0,77.6,5746.2,1
6598-KELSS,San Diego,Male,No,No,Yes,50,One year,Bank transfer (automatic),43.05,2208.05,No,41,,0,44.161,1,0,46.525,2152.5,1
9972-VAFJJ,San Diego,Female,Yes,Yes,No,53,One year,Electronic check,94,4871.45,No,73,,0,91.91415094339622,1,1,73.5,4982,1
0422-UXFAP,San Diego,Female,No,Yes,No,51,One year,Electronic check,98.85,4947.55,No,43,,0,97.0107843137255,1,1,74.925,5041.349999999999,1
1904-WAJAA,Coronado,Female,No,Yes,Yes,24,Two year,Electronic check,64.35,1558.65,No,60,,0,64.94375000000001,0,1,44.175,1544.3999999999999,0
5130-YPIRV,San Diego,Female,No,Yes,No,62,Two year,Credit card (automatic),72,4284.2,No,48,,0,69.1,0,0,67,4464,1
2843-CQMEG,San Diego,Male,No,No,No,24,Month-to-month,Mailed check,49.7,1218.25,No,38,,0,50.760416666666664,2,0,36.85,1192.8000000000002,0
6439-PKTRR,San Diego,Female,No,Yes,Yes,70,Two year,Electronic check,80.7,5617.95,No,49,,0,80.25642857142857,0,1,75.35,5649,1
5351-QESIO,San Diego,Male,No,No,Yes,1,Month-to-month,Mailed check,24.2,24.2,No,80,,0,24.2,2,0,12.6,24.2,0
7164-BPTUT,Banning,Male,No,No,Yes,57,Two year,Mailed check,89.55,5012.35,No,22,,0,87.93596491228071,0,0,73.275,5104.349999999999,1
2523-EWWZL,Blythe,Female,No,Yes,No,27,Month-to-month,Electronic check,76.1,2093.4,No,43,,0,77.53333333333333,2,1,51.55,2054.7,1
0928-XUTSN,Brawley,Female,No,No,No,13,Month-to-month,Electronic check,80.5,1011.8,No,37,,0,77.83076923076922,2,1,46.75,1046.5,0
0052-YNYOT,Calexico,Female,No,No,No,67,One year,Electronic check,20.55,1343.4,No,72,,0,20.050746268656717,1,1,43.775,1376.8500000000001,0
9586-JGQKH,Cathedral City,Female,No,Yes,No,64,Two year,Bank transfer (automatic),105.4,6794.75,No,24,,0,106.16796875,0,0,84.7,6745.6,1
4501-VCPFK,Coachella,Male,No,No,No,26,Month-to-month,Electronic check,35.75,1022.5,No,65,,0,39.32692307692308,2,1,30.875,929.5,0
9281-CEDRU,Salton City,Female,No,Yes,No,68,Two year,Bank transfer (automatic),64.1,4326.25,No,48,,0,63.62132352941177,0,0,66.05,4358.799999999999,1
2235-DWLJU,Thousand Palms,Female,Yes,No,No,6,Month-to-month,Electronic check,44.4,263.05,No,71,,0,43.84166666666667,2,1,25.2,266.4,0
0871-OPBXW,Twentynine Palms,Female,No,No,No,2,Month-to-month,Mailed check,20.05,39.25,No,80,,0,19.625,2,0,11.025,40.1,0
3605-JISKB,Twentynine Palms,Male,Yes,Yes,No,55,One year,Credit card (automatic),60,3316.1,No,71,,0,60.29272727272727,1,0,57.5,3300,1
9767-FFLEM,Westmorland,Male,No,No,No,38,Month-to-month,Credit card (automatic),69.5,2625.25,No,35,,0,69.08552631578948,2,0,53.75,2641,1
8456-QDAVC,Winterhaven,Male,No,No,No,19,Month-to-month,Bank transfer (automatic),78.7,1495.1,No,20,,0,78.68947368421053,2,0,48.85,1495.3,0
7750-EYXWZ,Yucca Valley,Female,No,No,No,12,One year,Electronic check,60.65,743.3,No,24,,0,61.94166666666666,1,1,36.325,727.8,0
2569-WGERO,Landers,Female,No,No,No,72,Two year,Bank transfer (automatic),21.15,1419.4,No,45,,0,19.71388888888889,0,0,46.575,1522.8,0
6840-RESVB,Adelanto,Male,No,Yes,Yes,24,One year,Mailed check,84.8,1990.5,No,59,,0,82.9375,1,0,54.4,2035.1999999999998,1
2234-XADUH,Amboy,Female,No,Yes,Yes,72,One year,Credit card (automatic),103.2,7362.9,No,71,,0,102.26249999999999,1,0,87.6,7430.400000000001,1
4801-JZAZL,Angelus Oaks,Female,No,Yes,Yes,11,Month-to-month,Electronic check,29.6,346.45,No,59,,0,31.495454545454546,2,1,20.3,325.6,0
3186-AJIEK,Apple Valley,Male,No,No,No,66,Two year,Bank transfer (automatic),105.65,6844.5,No,38,,0,103.70454545454545,0,0,85.825,6972.900000000001,1
4472-LVYGI,San Bernardino,Female,No,Yes,No,0,Two year,Bank transfer (automatic),52.55,,No,36,,0,,0,0,26.275,0,0
3115-CZMZD,Independence,Male,No,No,No,0,Two year,Mailed check,20.25,,No,68,,0,,0,0,10.125,0,0
5709-LVOEQ,San Mateo,Female,No,Yes,No,0,Two year,Mailed check,80.85,,No,45,,0,,0,0,40.425,0,0
4367-NUYAO,Cupertino,Male,No,Yes,Yes,0,Two year,Mailed check,25.75,,No,48,,0,,0,0,12.875,0,0
1371-DWPAZ,Redcrest,Female,No,Yes,No,0,Two year,Credit card (automatic),56.05,,No,30,,0,,0,0,28.025,0,0
7644-OMVMY,Los Angeles,Male,No,Yes,Yes,0,Two year,Mailed check,19.85,,No,53,,0,,0,0,9.925,0,0
3213-VVOLG,Sun City,Male,No,Yes,Yes,0,Two year,Mailed check,25.35,,No,49,,0,,0,0,12.675,0,0
2520-SGTTA,Ben Lomond,Female,No,Yes,Yes,0,Two year,Mailed check,20,,No,27,,0,,0,0,10,0,0
2923-ARZLG,La Verne,Male,No,Yes,Yes,0,One year,Mailed check,19.7,,No,69,,0,,1,0,9.85,0,0
4075-WKNIU,Bell,Female,No,Yes,Yes,0,Two year,Mailed check,73.35,,No,44,,0,,0,0,36.675,0,0
2775-SEFEE,Wilmington,Male,No,No,Yes,0,Two year,Bank transfer (automatic),61.9,,No,65,,0,,0,0,30.95,0,0
8748-HFWBO,Camino,Male,No,Yes,Yes,19,One year,Mailed check,19.9,357.7,No,29,,0,18.826315789473682,1,0,19.45,378.09999999999997,0
3569-VLDHH,Sacramento,Male,No,Yes,Yes,66,One year,Electronic check,75.1,5013,No,23,,0,75.95454545454545,1,1,70.55,4956.599999999999,1
8190-ZTQFB,Bieber,Male,No,No,No,41,One year,Electronic check,51.35,2075.1,No,59,,0,50.61219512195122,1,1,46.175,2105.35,1
5707-ZMDJP,Norwalk,Male,No,Yes,Yes,53,Two year,Mailed check,69.7,3729.6,No,27,,0,70.36981132075472,0,0,61.35,3694.1000000000004,1
0927-CNGRH,Alta,Male,No,No,Yes,1,Month-to-month,Mailed check,19.55,19.55,No,21,,0,19.55,2,0,10.275,19.55,0
3668-QPYBK,Los Angeles,Male,No,No,No,2,Month-to-month,Mailed check,53.85,108.15,Yes,86,Competitor made better offer,1,54.075,2,0,27.925,107.7,0
9305-CDSKC,Los Angeles,Female,No,No,Yes,8,Month-to-month,Electronic check,99.65,820.5,Yes,86,Moved,1,102.5625,2,1,53.825,797.2,0
7892-POOKP,Los Angeles,Female,No,Yes,Yes,28,Month-to-month,Electronic check,104.8,3046.05,Yes,84,Moved,1,108.78750000000001,2,1,66.4,2934.4,1
0280-XJGEX,Los Angeles,Male,No,No,Yes,49,Month-to-month,Bank transfer (automatic),103.7,5036.3,Yes,89,Competitor had better devices,1,102.78163265306122,2,0,76.35,5081.3,1
4190-MFLUW,Los Angeles,Female,No,Yes,No,10,Month-to-month,Credit card (automatic),55.2,528.35,Yes,78,Competitor offered higher download speeds,1,52.835,2,0,32.6,552,0
8779-QRDMV,Los Angeles,Male,Yes,No,No,1,Month-to-month,Electronic check,39.65,39.65,Yes,100,Competitor offered more data,1,39.65,2,1,20.325,39.65,0
1066-JKSGK,Los Angeles,Male,No,No,No,1,Month-to-month,Mailed check,20.15,20.15,Yes,92,Competitor made better offer,1,20.15,2,0,10.575,20.15,0
6467-CHFZW,Los Angeles,Male,No,Yes,Yes,47,Month-to-month,Electronic check,99.35,4749.15,Yes,77,Competitor had better devices,1,101.04574468085106,2,1,73.175,4669.45,1
8665-UTDHZ,Los Angeles,Male,No,Yes,No,1,Month-to-month,Electronic check,30.2,30.2,Yes,97,Competitor had better devices,1,30.2,2,1,15.6,30.2,0
8773-HHUOZ,Los Angeles,Female,No,No,No,17,Month-to-month,Mailed check,64.7,1093.1,Yes,74,Competitor offered higher download speeds,1,64.3,2,0,40.85,1099.9,0
6047-YHPVI,Los Angeles,Male,No,No,Yes,5,Month-to-month,Electronic check,69.7,316.9,Yes,66,Competitor offered higher download speeds,1,63.379999999999995,2,1,37.35,348.5,0
5380-WJKOV,Los Angeles,Male,No,No,Yes,34,Month-to-month,Electronic check,106.35,3549.25,Yes,65,Competitor offered higher download speeds,1,104.38970588235294,2,1,70.175,3615.8999999999996,1
8168-UQWWF,Los Angeles,Female,No,No,Yes,11,Month-to-month,Bank transfer (automatic),97.85,1105.4,Yes,70,Competitor offered more data,1,100.4909090909091,2,0,54.425,1076.35,0
7760-OYPDY,Los Angeles,Female,No,No,Yes,2,Month-to-month,Electronic check,80.65,144.15,Yes,90,Competitor offered more data,1,72.075,2,1,41.325,161.3,0
9420-LOJKX,Los Angeles,Female,No,No,Yes,15,Month-to-month,Credit card (automatic),99.1,1426.4,Yes,82,Competitor offered more data,1,95.09333333333333,2,0,57.05,1486.5,0
7495-OOKFY,Los Angeles,Female,Yes,Yes,Yes,8,Month-to-month,Credit card (automatic),80.65,633.3,Yes,69,Competitor made better offer,1,79.1625,2,0,44.325,645.2,0
1658-BYGOY,Los Angeles,Male,Yes,No,Yes,18,Month-to-month,Electronic check,95.45,1752.55,Yes,81,Competitor made better offer,1,97.36388888888888,2,1,56.725,1718.1000000000001,0
5568-DMXZS,San Diego,Female,No,No,No,8,Month-to-month,Electronic check,65.45,554.45,No,80,,0,69.30625,2,1,36.725,523.6,0
8468-FZTOE,San Diego,Female,No,Yes,Yes,72,Two year,Electronic check,74.35,5237.4,No,78,,0,72.74166666666666,0,1,73.175,5353.2,1
6633-SYEUS,San Diego,Female,No,No,No,23,Month-to-month,Bank transfer (automatic),83.2,2032.3,No,28,,0,88.36086956521739,2,0,53.1,1913.6000000000001,0
6447-GORXK,San Diego,Male,No,No,Yes,31,Month-to-month,Credit card (automatic),25,789.2,No,65,,0,25.458064516129035,2,0,28,775,0
6967-PEJLL,San Diego,Male,No,Yes,Yes,37,One year,Electronic check,40.2,1525.35,No,48,,0,41.225675675675674,1,1,38.6,1487.4,0
5981-ZVXOT,San Diego,Female,Yes,No,No,35,One year,Electronic check,108.35,3726.15,No,50,,0,106.46142857142857,1,1,71.675,3792.25,1
1684-FLBGS,San Diego,Female,No,Yes,Yes,23,Month-to-month,Credit card (automatic),69.5,1652.1,No,66,,0,71.83043478260869,2,0,46.25,1598.5,0
1389-WNUIB,San Diego,Female,No,Yes,Yes,20,One year,Bank transfer (automatic),76,1588.75,No,69,,0,79.4375,1,0,48,1520,0
0376-OIWME,San Ysidro,Male,No,Yes,No,36,Month-to-month,Electronic check,93.6,3366.05,No,53,,0,93.5013888888889,2,1,64.8,3369.6,1
0218-QNVAS,Indio,Male,No,Yes,Yes,71,One year,Bank transfer (automatic),100.55,7113.75,No,37,,0,100.19366197183099,1,0,85.775,7139.05,1
0804-YGEQV,Palm Desert,Female,No,Yes,Yes,43,One year,Bank transfer (automatic),24.45,993.15,No,77,,0,23.096511627906978,1,0,33.725,1051.35,0
